text,level,conf,height
,1,-1.0,684
,2,-1.0,412
,3,-1.0,412
,4,-1.0,42
02050,5,27.055786,42
,4,-1.0,80
Deep,5,96.901276,80
,4,-1.0,82
Learning,5,96.565315,80
for,5,96.965866,65
,4,-1.0,63
Biometrics,5,95.427124,63
,2,-1.0,37
,3,-1.0,37
,4,-1.0,37
(ay,5,52.912197,37
Springer,5,96.972839,23
