text,level,conf,height
,1,-1.0,504
,2,-1.0,19
,3,-1.0,19
,4,-1.0,19
DATA,5,95.217789,19
SCIENCE,5,96.241264,19
,2,-1.0,28
,3,-1.0,28
,4,-1.0,10
JOHN,5,93.29541,10
D.,5,86.795845,10
KELLEHER,5,88.458206,10
,4,-1.0,10
AND,5,96.052856,10
BRENDAN,5,92.955338,10
TIERNEY,5,92.793991,10
,2,-1.0,296
,3,-1.0,296
,4,-1.0,296
 ,5,95.0,296
