text,level,conf,height
,1,-1.0,500
,2,-1.0,75
,3,-1.0,75
,4,-1.0,75
_|ROBERT,5,18.71936,72
ALHEINLEIN|__,5,28.21537,75
,2,-1.0,245
,3,-1.0,245
,4,-1.0,245
   ,5,95.0,245
,2,-1.0,149
,3,-1.0,149
,4,-1.0,149
DOUBT,5,13.557549,149
STAR,5,42.79351,140
