text,level,conf,height
,1,-1.0,500
,2,-1.0,190
,3,-1.0,151
,4,-1.0,63
_,5,36.214062,2
ROBERT,5,90.981819,23
A.,5,90.981819,39
HEI,5,58.857124,23
teh,5,35.729866,60
,4,-1.0,167
eI,5,41.926788,99
saan,5,2.803955,120
,2,-1.0,430
,3,-1.0,430
,4,-1.0,430
  ,5,95.0,430
