text,level,conf,height
,1,-1.0,300
,2,-1.0,11
,3,-1.0,11
,4,-1.0,11
Marcus,5,96.610985,10
Aurelius,5,96.70282,11
,2,-1.0,28
,3,-1.0,28
,4,-1.0,28
Meditations,5,96.536568,28
,2,-1.0,300
,3,-1.0,300
,4,-1.0,300
 ,5,95.0,300
