text,level,conf,height
,1,-1.0,500
,2,-1.0,49
,3,-1.0,49
,4,-1.0,49
The,5,96.79763,16
Great,5,96.53038,20
fs,5,95.260422,49
,2,-1.0,35
,3,-1.0,35
,4,-1.0,35
Mental,5,73.251053,31
Models,5,95.401505,30
,2,-1.0,343
,3,-1.0,343
,4,-1.0,61
S,5,31.321442,61
,4,-1.0,200
“ap,5,66.186127,200
&,5,0.0,215
,4,-1.0,73
‘aS,5,52.72998,77
,2,-1.0,18
,3,-1.0,18
,4,-1.0,18
General,5,96.581612,14
Thinking,5,96.581612,18
Concepts,5,83.339203,17
,2,-1.0,216
,3,-1.0,216
,4,-1.0,216
    ,5,95.0,216
