text,level,conf,height
,1,-1.0,500
,2,-1.0,25
,3,-1.0,25
,4,-1.0,25
Recorded&3Books,5,0.0,25
,2,-1.0,130
,3,-1.0,130
,4,-1.0,50
The,5,95.793533,49
Left,5,96.163216,49
Hand,5,96.232124,50
,4,-1.0,49
of,5,95.855865,49
Darkness,5,96.593163,49
,2,-1.0,32
,3,-1.0,32
,4,-1.0,32
Ursula,5,93.272591,32
K.,5,92.732285,29
Le,5,96.032921,29
Guin,5,95.893257,31
