text,level,conf,height
,1,-1.0,432
,2,-1.0,41
,3,-1.0,41
,4,-1.0,41
 ,5,95.0,41
,2,-1.0,73
,3,-1.0,73
,4,-1.0,22
"Genetics,",5,96.84951,21
"Paleontology,",5,96.142822,21
,4,-1.0,21
and,5,93.285767,17
Macroevolution;,5,83.183632,21
,4,-1.0,18
Second,5,96.302177,18
Edition,5,96.708694,18
,2,-1.0,16
,3,-1.0,16
,4,-1.0,16
Jeffrey,5,93.299583,16
S.,5,81.957527,12
Levinton,5,94.1054,12
,2,-1.0,11
,3,-1.0,11
,4,-1.0,11
CAMBRIDGE,5,96.097572,11
UNIVERSITY,5,96.717369,11
PRESS,5,85.938034,11
