text,level,conf,height
,1,-1.0,685
,2,-1.0,22
,3,-1.0,22
,4,-1.0,22
Kenneth,5,85.178459,21
A.,5,91.04171,19
Ross,5,91.351555,19
,2,-1.0,210
,3,-1.0,210
,4,-1.0,46
ELEMENTARY,5,96.816559,46
,4,-1.0,47
ANALYSIS:,5,87.442894,47
,4,-1.0,47
THE,5,96.242142,45
THEORY,5,96.242142,46
OF,5,96.938843,47
,4,-1.0,47
CALCULUS,5,93.329002,47
,2,-1.0,322
,3,-1.0,322
,4,-1.0,322
 ,5,95.0,322
,2,-1.0,524
,3,-1.0,524
,4,-1.0,524
 ,5,95.0,524
,2,-1.0,336
,3,-1.0,336
,4,-1.0,336
 ,5,95.0,336
