text,level,conf,height
,1,-1.0,615
,2,-1.0,34
,3,-1.0,34
,4,-1.0,11
Linear,5,95.745804,11
,4,-1.0,16
Algebra,5,95.771713,16
