text,level,conf,height
,1,-1.0,605
,2,-1.0,33
,3,-1.0,33
,4,-1.0,33
Sheldon,5,93.246994,20
Axler,5,93.134773,19
—.,5,0.0,7
,2,-1.0,102
,3,-1.0,102
,4,-1.0,46
LINEAR,5,96.836838,45
ALGEBRA,5,96.836838,46
,4,-1.0,47
DONE,5,95.055382,47
RIGHT,5,95.744003,47
,2,-1.0,21
,3,-1.0,32
,4,-1.0,21
Second,5,95.56501,21
Edition,5,93.489983,20
