text,level,conf,height
,1,-1.0,675
,2,-1.0,290
,3,-1.0,290
,4,-1.0,290
 ,5,95.0,290
,2,-1.0,16
,3,-1.0,16
,4,-1.0,16
DAVID,5,93.196861,15
S.,5,85.726654,16
DUMMIT,5,89.517899,15
,2,-1.0,16
,3,-1.0,16
,4,-1.0,16
RICHARD,5,93.238113,15
M.,5,92.638626,15
FOOTE,5,96.294159,15
