text,level,conf,height
,1,-1.0,730
,2,-1.0,45
,3,-1.0,45
,4,-1.0,15
Richard,5,91.371315,15
L.,5,91.371315,15
Burden,5,97.010765,15
,4,-1.0,20
J.,5,96.587456,15
Douglas,5,93.157959,20
Faires,5,91.893303,15
,2,-1.0,97
,3,-1.0,97
,4,-1.0,35
Numerical,5,96.727898,35
,4,-1.0,49
~,5,39.151268,3
Analysis,5,96.491913,49
,2,-1.0,319
,3,-1.0,319
,4,-1.0,319
 ,5,95.0,319
,2,-1.0,12
,3,-1.0,12
,4,-1.0,12
Ninth,5,96.139526,11
Edition,5,93.321175,12
