text,level,conf,height
,1,-1.0,378
,2,-1.0,130
,3,-1.0,130
,4,-1.0,130
    ,5,95.0,130
,2,-1.0,75
,3,-1.0,75
,4,-1.0,42
Projective,5,92.874451,42
,4,-1.0,31
eometry,5,92.348969,31
,2,-1.0,8
,3,-1.0,8
,4,-1.0,8
AN,5,96.28553,8
INTRODUCTION,5,96.302536,8
,2,-1.0,27
,3,-1.0,27
,4,-1.0,27
   ,5,95.0,27
