text,level,conf,height
,1,-1.0,842
,2,-1.0,160
,3,-1.0,160
,4,-1.0,52
ANALYSIS,5,45.188122,52
|,5,82.099098,78
,4,-1.0,51
ON,5,55.694424,50
|,5,80.822762,50
|,5,58.293724,50
{||,5,58.293724,51
||,5,74.789093,78
,4,-1.0,53
ANIFOLDS),5,60.827972,53
,2,-1.0,22
,3,-1.0,22
,4,-1.0,22
James,5,93.064735,21
R.,5,90.151329,21
Munkres,5,92.751411,22
,2,-1.0,842
,3,-1.0,842
,4,-1.0,842
 ,5,95.0,842
