text,level,conf,height
,1,-1.0,792
,2,-1.0,441
,3,-1.0,441
,4,-1.0,441
 ,5,95.0,441
,2,-1.0,53
,3,-1.0,53
,4,-1.0,53
Dart,5,95.763138,53
Essentials,5,95.763138,53
,2,-1.0,32
,3,-1.0,32
,4,-1.0,32
Martin,5,96.588707,19
Sikora,5,96.102188,20
[,5,67.587784,29
[,5,35.019058,2
