text,level,conf,height
,1,-1.0,684
,2,-1.0,684
,3,-1.0,684
,4,-1.0,283
  ,5,95.0,283
,4,-1.0,201
 ,5,95.0,201
,2,-1.0,12
,3,-1.0,12
,4,-1.0,12
t,5,48.381828,12
,2,-1.0,87
,3,-1.0,87
,4,-1.0,33
Modern,5,96.674614,27
Techniques,5,96.695435,33
,4,-1.0,33
and,5,96.923912,27
Their,5,96.470406,26
Applications,5,96.357811,33
,2,-1.0,16
,3,-1.0,16
,4,-1.0,16
Second,5,96.248909,16
Edition,5,96.750481,16
,2,-1.0,455
,3,-1.0,455
,4,-1.0,455
 ,5,95.0,455
