text,level,conf,height
,1,-1.0,318
,2,-1.0,32
,3,-1.0,32
,4,-1.0,15
ADVANCED,5,96.100693,15
,4,-1.0,15
REAL,5,95.271652,14
ANALYSIS,5,95.38282,15
,2,-1.0,186
,3,-1.0,186
,4,-1.0,186
 ,5,95.0,186
,2,-1.0,12
,3,-1.0,12
,4,-1.0,12
 ,5,95.0,12
