text,level,conf,height
,1,-1.0,611
,2,-1.0,61
,3,-1.0,61
,4,-1.0,28
An,5,96.308601,27
Introduction,5,96.308601,28
,4,-1.0,27
To,5,96.960136,26
Stochastic,5,96.717041,27
,2,-1.0,78
,3,-1.0,78
,4,-1.0,78
Modeling,5,96.517899,45
3,5,80.642548,67
