text,level,conf,height
,1,-1.0,842
,2,-1.0,103
,3,-1.0,103
,4,-1.0,19
A,5,96.402771,18
SECOND,5,96.546951,19
COURSE,5,96.584534,19
,4,-1.0,19
IN,5,95.128426,18
STOCHASTIC,5,95.931671,19
,4,-1.0,19
PROCESSES,5,96.253281,19
,2,-1.0,16
,3,-1.0,16
,4,-1.0,16
"SAMUEL,|KARLIN",5,13.470825,16
HOWARD,5,78.71563,10
M.,5,92.667847,10
TAYLOR,5,96.981987,10
,2,-1.0,12
,3,-1.0,12
,4,-1.0,12
 ,5,95.0,12
,2,-1.0,107
,3,-1.0,107
,4,-1.0,107
 ,5,95.0,107
