text,level,conf,height
,1,-1.0,667
,2,-1.0,20
,3,-1.0,20
,4,-1.0,20
Sandro,5,93.296989,20
Skansi,5,92.790649,20
,2,-1.0,202
,3,-1.0,202
,4,-1.0,202
 ,5,95.0,202
