text,level,conf,height
,1,-1.0,792
,2,-1.0,88
,3,-1.0,88
,4,-1.0,17
The,5,96.712372,17
William,5,94.822418,17
Lowell,5,95.361115,17
Putnam,5,96.188866,17
,4,-1.0,22
Mathematical,5,96.151665,17
Competition,5,96.328751,22
,4,-1.0,16
1985—2000,5,83.252686,16
,2,-1.0,38
,3,-1.0,38
,4,-1.0,18
"Problems,",5,96.523262,18
"Solutions,",5,96.908302,18
and,5,96.852531,14
,4,-1.0,18
Commentary,5,96.053032,18
