text,level,conf,height
,1,-1.0,300
,2,-1.0,120
,3,-1.0,120
,4,-1.0,120
OlGNY,5,37.594334,49
YaddvH,5,0.0,65
,2,-1.0,1
,3,-1.0,1
,4,-1.0,1
 ,5,95.0,1
,2,-1.0,288
,3,-1.0,288
,4,-1.0,288
 ,5,95.0,288
,2,-1.0,76
,3,-1.0,76
,4,-1.0,29
GEORGE,5,95.960869,29
RR.,5,64.052811,26
,4,-1.0,42
MARTIN,5,96.461517,42
,2,-1.0,83
,3,-1.0,83
,4,-1.0,83
WwW,5,51.874546,83
,2,-1.0,90
,3,-1.0,90
,4,-1.0,90
 ,5,95.0,90
,2,-1.0,2
,3,-1.0,2
,4,-1.0,2
 ,5,95.0,2
,2,-1.0,288
,3,-1.0,288
,4,-1.0,288
 ,5,95.0,288
