text,level,conf,height
,1,-1.0,860
,2,-1.0,69
,3,-1.0,69
,4,-1.0,69
Aaron's,5,89.663307,67
Rod,5,96.76165,69
,2,-1.0,411
,3,-1.0,411
,4,-1.0,411
 ,5,95.0,411
,2,-1.0,50
,3,-1.0,50
,4,-1.0,50
D.,5,92.850052,49
H.,5,89.921967,30
LAWRENCE,5,96.10701,42
,2,-1.0,160
,3,-1.0,160
,4,-1.0,160
 ,5,95.0,160
