text,level,conf,height
,1,-1.0,792
,2,-1.0,556
,3,-1.0,556
,4,-1.0,556
  ,5,95.0,556
,2,-1.0,158
,3,-1.0,136
,4,-1.0,68
riistory,5,0.0,74
%,5,33.662338,6
,4,-1.0,92
of,5,95.319382,67
Ame,5,95.338966,61
rican,5,90.874573,92
,2,-1.0,107
,3,-1.0,107
,4,-1.0,81
 @,5,0.0,50
ooking,5,96.407288,81
,4,-1.0,24
———|,5,59.507751,24
MERRIL,5,91.864708,16
D.,5,91.598366,16
SMITH,5,85.871284,16
-——_—_———_,5,12.28611,24
