text,level,conf,height
,1,-1.0,720
,2,-1.0,63
,3,-1.0,63
,4,-1.0,32
Encyclopedia,5,96.317841,32
of,5,96.588974,24
,4,-1.0,25
Women,5,95.204521,23
in,5,95.204521,23
the,5,95.207718,24
Renaissance,5,96.038849,23
