text,level,conf,height
,1,-1.0,324
,2,-1.0,19
,3,-1.0,19
,4,-1.0,19
DesonG,5,0.0,19
Fujtana,5,5.2658,12
,2,-1.0,20
,3,-1.0,20
,4,-1.0,20
Acute,5,94.654816,16
Neuronal,5,95.915863,16
Injury,5,95.941956,20
,2,-1.0,45
,3,-1.0,45
,4,-1.0,11
The,5,96.55909,11
Role,5,96.802704,11
of,5,93.301765,11
Excitotoxic,5,91.960991,10
,4,-1.0,14
Programmed,5,95.157814,14
Cell,5,96.722267,11
Death,5,96.814034,11
,4,-1.0,11
Mechanisms,5,69.446388,11
,2,-1.0,13
,3,-1.0,13
,4,-1.0,13
Dspringer,5,39.681229,13
