text,level,conf,height
,1,-1.0,842
,2,-1.0,94
,3,-1.0,94
,4,-1.0,35
DTC,5,94.39035,35
136,5,94.39035,35
,4,-1.0,35
E-books,5,96.064789,35
,2,-1.0,624
,3,-1.0,624
,4,-1.0,624
  ,5,95.0,624
,2,-1.0,31
,3,-1.0,31
,4,-1.0,16
Douglas,5,95.500656,16
,4,-1.0,12
Adams,5,86.389351,12
"""The",5,85.706337,12
Restaurant,5,96.012627,12
at,5,96.176994,11
the,5,96.944901,12
End,5,96.684776,12
of,5,96.959312,12
the,5,96.207504,12
"Universe""",5,86.370407,12
