text,level,conf,height
,1,-1.0,697
,2,-1.0,1
,3,-1.0,1
,4,-1.0,1
 ,5,95.0,1
,2,-1.0,63
,3,-1.0,63
,4,-1.0,63
 ,5,95.0,63
,2,-1.0,63
,3,-1.0,63
,4,-1.0,63
 ,5,95.0,63
,2,-1.0,1
,3,-1.0,1
,4,-1.0,1
 ,5,95.0,1
,2,-1.0,49
,3,-1.0,49
,4,-1.0,19
»David,5,74.506042,18
Crichton,5,92.785172,19
,4,-1.0,23
Fergus,5,96.843788,23
Nicol,5,96.528168,18
,2,-1.0,697
,3,-1.0,697
,4,-1.0,697
 ,5,95.0,697
