text,level,conf,height
,1,-1.0,504
,2,-1.0,41
,3,-1.0,41
,4,-1.0,7
A,5,91.065567,7
,4,-1.0,7
wv,5,21.012878,7
,4,-1.0,13
Brad,5,93.200058,10
Dayley,5,92.92244,13
,2,-1.0,9
,3,-1.0,9
,4,-1.0,9
ESSENTIAL,5,93.892731,9
CODE,5,96.694809,9
AND,5,96.694809,8
COMMANDS,5,94.860252,9
,2,-1.0,96
,3,-1.0,96
,4,-1.0,44
jQuery,5,95.334923,44
and,5,96.043922,23
,4,-1.0,43
JavaScript,5,96.313766,43
,2,-1.0,12
,3,-1.0,12
,4,-1.0,12
PHRASEBOOK,5,95.623528,12
,2,-1.0,222
,3,-1.0,222
,4,-1.0,222
 ,5,95.0,222
