text,level,conf,height
,1,-1.0,327
,2,-1.0,82
,3,-1.0,82
,4,-1.0,34
OpenGL,5,96.018265,34
i,5,36.041523,9
,4,-1.0,18
Programming,5,96.697197,18
Guide,5,96.970619,14
,4,-1.0,9
ight,5,39.313469,9
aon,5,69.051544,7
,4,-1.0,9
The,5,73.022034,34
Of!,5,35.975693,9
le,5,53.194801,34
Learig,5,11.347305,9
,4,-1.0,9
Spent,5,0.0,9
,2,-1.0,227
,3,-1.0,227
,4,-1.0,227
 ,5,95.0,227
