text,level,conf,height
,1,-1.0,330
,2,-1.0,330
,3,-1.0,330
,4,-1.0,330
   ,5,95.0,330
,2,-1.0,9
,3,-1.0,9
,4,-1.0,9
The,5,61.158684,8
how,5,34.813698,8
Wesley,5,34.813698,28
Sega,5,60.655846,7
