text,level,conf,height
,1,-1.0,1053
,2,-1.0,31
,3,-1.0,31
,4,-1.0,31
 ,5,95.0,31
,2,-1.0,25
,3,-1.0,25
,4,-1.0,25
with>>>,5,56.340973,19
7,5,19.053284,3
Bs,5,1.02478,25
,2,-1.0,65
,3,-1.0,65
,4,-1.0,27
From,5,96.888741,21
Control,5,90.518166,22
Structures,5,96.714134,22
through,5,96.950935,27
Objects,5,88.826767,27
,4,-1.0,19
5TH,5,86.622162,19
EDITION,5,96.259964,19
,2,-1.0,31
,3,-1.0,31
,4,-1.0,31
TONY,5,96.976753,31
GADDIS,5,96.905403,31
,2,-1.0,497
,3,-1.0,497
,4,-1.0,497
 ,5,95.0,497
