text,level,conf,height
,1,-1.0,651
,2,-1.0,10
,3,-1.0,10
,4,-1.0,10
LEADING,5,96.458138,10
THROUGH,5,96.61647,10
TRUST,5,94.672226,10
AND,5,89.393631,10
O,5,89.393631,9
,2,-1.0,602
,3,-1.0,602
,4,-1.0,602
 ,5,95.0,602
,2,-1.0,17
,3,-1.0,17
,4,-1.0,17
POLLYANNA,5,92.564774,12
PIxToN,5,68.868484,12
|,5,96.91983,17
PAUL,5,68.908875,12
GiBsoN,5,76.834389,12
|,5,92.508179,17
NiEL,5,27.260864,12
NICKOLAISEN,5,91.944458,12
