text,level,conf,height
,1,-1.0,317
,2,-1.0,65
,3,-1.0,75
,4,-1.0,13
~~,5,10.261536,26
,4,-1.0,18
I,5,20.114655,16
fiw,5,5.968246,17
,4,-1.0,42
/,5,93.081627,34
ANALYSIS,5,95.626152,42
,2,-1.0,43
,3,-1.0,43
,4,-1.0,43
LGORITHMS,5,87.311752,43
,2,-1.0,18
,3,-1.0,18
,4,-1.0,7
routar,5,0.0,17
sroorwick,5,38.686771,17
,4,-1.0,7
Fuasourr,5,0.0,7
,2,-1.0,13
,3,-1.0,13
,4,-1.0,13
 ,5,95.0,13
