text,level,conf,height
,1,-1.0,650
,2,-1.0,86
,3,-1.0,86
,4,-1.0,86
 ,5,95.0,86
,2,-1.0,41
,3,-1.0,41
,4,-1.0,41
PRACTICAL,5,96.752792,41
,2,-1.0,20
,3,-1.0,20
,4,-1.0,20
A,5,96.885666,16
Developer's,5,0.0,20
Approach,5,96.074593,20
,2,-1.0,284
,3,-1.0,284
,4,-1.0,284
 ,5,95.0,284
