text,level,conf,height
,1,-1.0,327
,2,-1.0,15
,3,-1.0,15
,4,-1.0,15
LEARNING,5,95.949661,12
JavaScript,5,96.223564,15
,2,-1.0,327
,3,-1.0,327
,4,-1.0,327
 ,5,95.0,327
