text,level,conf,height
,1,-1.0,642
,2,-1.0,1
,3,-1.0,1
,4,-1.0,1
 ,5,95.0,1
,2,-1.0,22
,3,-1.0,22
,4,-1.0,22
A,5,92.88472,14
PLATFORM-AGNOSTIC,5,91.36483,15
APPROACH,5,96.643677,15
ww,5,13.975143,22
,2,-1.0,642
,3,-1.0,642
,4,-1.0,642
 ,5,95.0,642
,2,-1.0,642
,3,-1.0,642
,4,-1.0,642
 ,5,95.0,642
,2,-1.0,20
,3,-1.0,20
,4,-1.0,20
Sanjay,5,90.088905,20
MADHAV,5,90.088905,16
,2,-1.0,1
,3,-1.0,1
,4,-1.0,1
 ,5,95.0,1
