text,level,conf,height
,1,-1.0,665
,2,-1.0,56
,3,-1.0,56
,4,-1.0,27
MOBILE,5,91.95417,27
,4,-1.0,13
RAMMING,5,94.646774,13
,4,-1.0,13
SERIES,5,96.300171,13
,2,-1.0,141
,3,-1.0,141
,4,-1.0,60
APACHE,5,95.940018,60
,4,-1.0,74
CORDDPVA,5,36.262413,74
3,5,97.018021,74
,2,-1.0,41
,3,-1.0,41
,4,-1.0,41
PROGRAMMING,5,96.395828,41
,2,-1.0,130
,3,-1.0,130
,4,-1.0,130
 ,5,95.0,130
,2,-1.0,18
,3,-1.0,18
,4,-1.0,18
JOHN,5,91.373817,18
M.,5,90.312767,18
WARGO,5,96.846313,18
