text,level,conf,height
,1,-1.0,330
,2,-1.0,13
,3,-1.0,13
,4,-1.0,13
DISTILLED,5,96.682213,13
,2,-1.0,7
,3,-1.0,7
,4,-1.0,7
A,5,68.460236,7
Brier,5,59.908367,7
Guinn,5,0.700928,7
10,5,57.257912,5
,2,-1.0,330
,3,-1.0,330
,4,-1.0,330
 ,5,95.0,330
