text,level,conf,height
,1,-1.0,326
,2,-1.0,7
,3,-1.0,7
,4,-1.0,7
Fourth,5,71.666702,7
Edition,5,21.764275,7
,2,-1.0,13
,3,-1.0,13
,4,-1.0,13
Introduction,5,96.178291,13
to,5,96.178291,13
,2,-1.0,27
,3,-1.0,27
,4,-1.0,27
Android,5,86.963402,27
,2,-1.0,17
,3,-1.0,17
,4,-1.0,17
Application,5,96.111168,17
Development,5,96.299149,17
,2,-1.0,326
,3,-1.0,326
,4,-1.0,326
 ,5,95.0,326
