text,level,conf,height
,1,-1.0,303
,2,-1.0,19
,3,-1.0,19
,4,-1.0,19
Computer,5,95.234428,19
Networking,5,96.692139,19
,2,-1.0,10
,3,-1.0,10
,4,-1.0,10
‘A,5,61.100033,7
Top-Down,5,64.622444,10
Approach,5,82.283554,10
,2,-1.0,10
,3,-1.0,10
,4,-1.0,10
KUROSE,5,86.196686,10
ROSS,5,86.196686,10
,2,-1.0,263
,3,-1.0,263
,4,-1.0,263
 ,5,95.0,263
