text,level,conf,height
,1,-1.0,333
,2,-1.0,15
,3,-1.0,15
,4,-1.0,15
wBTIBCO,5,0.0,15
,2,-1.0,15
,3,-1.0,15
,4,-1.0,15
 ,5,95.0,15
,2,-1.0,55
,3,-1.0,55
,4,-1.0,19
Architecting,5,92.784302,19
Composite,5,96.872963,18
,4,-1.0,18
Applications,5,95.828453,18
and,5,96.654251,14
Services,5,96.654251,14
,4,-1.0,14
with,5,93.29657,14
TIBCO,5,92.477966,13
,2,-1.0,199
,3,-1.0,199
,4,-1.0,199
 ,5,95.0,199
