text,level,conf,height
,1,-1.0,657
,2,-1.0,58
,3,-1.0,58
,4,-1.0,58
{,5,14.348534,23
(,5,42.667877,57
,2,-1.0,27
,3,-1.0,27
,4,-1.0,27
Adobe’,5,59.87973,17
"Muse""",5,33.466927,16
,2,-1.0,65
,3,-1.0,65
,4,-1.0,65
Cc,5,63.301056,38
SSROOM,5,80.659088,46
INA,5,96.220695,22
BOOK,5,93.703629,65
,2,-1.0,14
,3,-1.0,14
,4,-1.0,14
ining,5,73.910721,13
Workbook,5,88.227203,11
from,5,86.38472,11
,2,-1.0,657
,3,-1.0,657
,4,-1.0,657
 ,5,95.0,657
