text,level,conf,height
,1,-1.0,667
,2,-1.0,215
,3,-1.0,215
,4,-1.0,215
 ,5,95.0,215
,2,-1.0,48
,3,-1.0,48
,4,-1.0,23
With,5,96.968071,18
Machine,5,96.899216,18
"Learning,",5,96.577278,22
,4,-1.0,24
Deep,5,96.941986,22
Learning,5,96.48542,23
and,5,96.904373,18
NLP,5,96.904373,17
Examples,5,96.338165,23
,2,-1.0,442
,3,-1.0,442
,4,-1.0,442
 ,5,95.0,442
,2,-1.0,45
,3,-1.0,45
,4,-1.0,45
ae,5,20.93071,45
