text,level,conf,height
,1,-1.0,657
,2,-1.0,42
,3,-1.0,42
,4,-1.0,16
COMPUTATIONAL,5,96.217194,16
INTELLIGENCE,5,96.359467,16
AND,5,96.732155,13
ITS,5,96.866959,13
,4,-1.0,16
APPLICATIONS,5,96.663269,15
SERIES,5,94.449471,16
,2,-1.0,165
,3,-1.0,165
,4,-1.0,55
“Advances,5,84.080788,55
in,5,96.945122,40
,4,-1.0,51
Applied,5,96.398346,51
Artificial,5,95.947281,41
,4,-1.0,51
|,5,76.686188,2
Intelligence,5,76.686188,51
,2,-1.0,470
,3,-1.0,470
,4,-1.0,470
    ,5,95.0,470
