text,level,conf,height
,1,-1.0,500
,2,-1.0,47
,3,-1.0,47
,4,-1.0,47
Gl,5,70.26297,47
,2,-1.0,78
,3,-1.0,78
,4,-1.0,32
AGAINST,5,16.484848,32
A,5,16.484848,31
DARK,5,95.668274,31
,4,-1.0,32
BACKGROUND,5,78.777473,32
,2,-1.0,147
,3,-1.0,147
,4,-1.0,54
IAINM.,5,76.345886,54
,4,-1.0,79
BANKS,5,95.796631,79
