text,level,conf,height
,1,-1.0,515
,2,-1.0,1
,3,-1.0,1
,4,-1.0,1
 ,5,95.0,1
,2,-1.0,250
,3,-1.0,250
,4,-1.0,250
 ,5,95.0,250
,2,-1.0,15
,3,-1.0,15
,4,-1.0,15
The,5,96.577286,11
Meaning,5,96.88736,13
of,5,96.875168,12
Relativity,5,93.953896,14
,2,-1.0,515
,3,-1.0,515
,4,-1.0,515
 ,5,95.0,515
,2,-1.0,515
,3,-1.0,515
,4,-1.0,515
 ,5,95.0,515
,2,-1.0,1
,3,-1.0,1
,4,-1.0,1
 ,5,95.0,1
