text,level,conf,height
,1,-1.0,619
,2,-1.0,102
,3,-1.0,102
,4,-1.0,102
 ,5,95.0,102
,2,-1.0,73
,3,-1.0,73
,4,-1.0,18
£2,5,31.407608,5
&,5,0.0,18
,4,-1.0,43
2ioenergetics,5,0.0,43
,2,-1.0,26
,3,-1.0,26
,4,-1.0,26
ALBERT,5,47.254715,12
SZENT-GYORGYI,5,0.0,20
,2,-1.0,452
,3,-1.0,452
,4,-1.0,452
Ply,5,0.0,146
ee,5,18.027687,209
,2,-1.0,323
,3,-1.0,323
,4,-1.0,323
 ,5,95.0,323
