text,level,conf,height
,1,-1.0,718
,2,-1.0,8
,3,-1.0,8
,4,-1.0,8
COMPLETE,5,96.314102,8
EDITION,5,95.99646,8
,2,-1.0,64
,3,-1.0,64
,4,-1.0,27
The,5,96.623482,20
Quest,5,96.716728,25
of,5,96.997101,21
,4,-1.0,26
the,5,96.849319,21
Historical,5,96.413429,21
Jesus,5,96.527283,25
,2,-1.0,11
,3,-1.0,11
,4,-1.0,11
ALBERT,5,96.831787,11
SCHWEITZER,5,95.633568,11
,2,-1.0,442
,3,-1.0,442
,4,-1.0,442
 ,5,95.0,442
