text,level,conf,height
,1,-1.0,500
,2,-1.0,21
,3,-1.0,21
,4,-1.0,21
©,5,52.951641,21
AN,5,91.55262,16
ADEPTA,5,91.55262,16
SORORITAS,5,92.963463,17
AU,5,96.595901,17
,2,-1.0,102
,3,-1.0,102
,4,-1.0,102
RRORE,5,0.0,13
STINTS,5,54.465618,24
,2,-1.0,16
,3,-1.0,16
,4,-1.0,16
vemeaswanswems,5,0.0,8
PART,5,81.071266,16
ONE,5,84.184608,16
smemcemueees,5,0.0,8
,2,-1.0,500
,3,-1.0,500
,4,-1.0,500
 ,5,95.0,500
,2,-1.0,22
,3,-1.0,22
,4,-1.0,22
ALEC,5,96.283951,22
WORLEY,5,96.711426,22
