text,level,conf,height
,1,-1.0,500
,2,-1.0,82
,3,-1.0,82
,4,-1.0,53
Mutt,5,8.714066,53
sitter’,5,2.89888,47
,4,-1.0,37
THE*,5,66.530434,28
WATCHER,5,94.845879,45
IT,5,36.93993,22
,2,-1.0,12
,3,-1.0,12
,4,-1.0,12
"ALEG,",5,74.441185,12
WORLEY,5,96.297386,12
,2,-1.0,458
,3,-1.0,458
,4,-1.0,458
   ,5,95.0,458
