text,level,conf,height
,1,-1.0,836
,2,-1.0,47
,3,-1.0,47
,4,-1.0,47
EXPERIMENTER'S,5,62.781734,47
,2,-1.0,70
,3,-1.0,70
,4,-1.0,70
"GUIDE;TO,THE",5,20.780716,70
,2,-1.0,40
,3,-1.0,40
,4,-1.0,40
ey,5,40.772228,40
,2,-1.0,87
,3,-1.0,87
,4,-1.0,87
JOE,5,96.719086,81
CELL,5,96.501717,80
,2,-1.0,18
,3,-1.0,18
,4,-1.0,18
AUTHOR:,5,96.331017,17
ALEX,5,96.707581,18
SCHIFFER,5,96.304214,18
,2,-1.0,836
,3,-1.0,836
,4,-1.0,836
 ,5,95.0,836
