text,level,conf,height
,1,-1.0,792
,2,-1.0,124
,3,-1.0,124
,4,-1.0,28
POWERFUL,5,96.8983,28
,4,-1.0,28
EXECUTIVE,5,95.904472,28
,4,-1.0,28
COACHING,5,96.143372,28
