text,level,conf,height
,1,-1.0,606
,2,-1.0,66
,3,-1.0,66
,4,-1.0,38
"""BRITISH",5,11.657166,38
,4,-1.0,29
MUSEUM,5,95.032158,29
,2,-1.0,84
,3,-1.0,84
,4,-1.0,36
DICTIONARY,5,95.959496,36
OF,5,96.472511,31
,4,-1.0,37
ANCIENT,5,96.880684,36
EGYPT,5,95.768227,36
,2,-1.0,11
,3,-1.0,11
,4,-1.0,11
IAN,5,96.015953,10
SHAW,5,96.015953,10
AND,5,95.378822,10
PAUL,5,95.681358,10
NICHOLSON,5,96.065895,10
