text,level,conf,height
,1,-1.0,792
,2,-1.0,65
,3,-1.0,65
,4,-1.0,20
AN,5,96.670982,19
ILLUSTRATED,5,95.56881,20
,4,-1.0,30
Chinese,5,96.110687,30
Materia,5,96.133812,30
Medica,5,96.492264,30
,2,-1.0,629
,3,-1.0,629
,4,-1.0,629
 ,5,95.0,629
,2,-1.0,50
,3,-1.0,50
,4,-1.0,50
Jing-Nuan,5,92.745186,50
Wu,5,96.318375,39
