text,level,conf,height
,1,-1.0,442
,2,-1.0,10
,3,-1.0,10
,4,-1.0,10
Problem-solving,5,78.72374,10
essentials,5,70.832657,8
from,5,70.832657,8
the,5,95.386055,8
experts,5,96.847115,9
at,5,96.062454,7
Cliffs!,5,0.0,7
,2,-1.0,18
,3,-1.0,18
,4,-1.0,18
 ,5,95.0,18
,2,-1.0,15
,3,-1.0,15
,4,-1.0,15
Test-taking,5,82.245094,14
tips,5,96.158707,14
and,5,96.158707,11
tricks,5,96.167259,11
at,5,96.167259,10
