text,level,conf,height
,1,-1.0,615
,2,-1.0,21
,3,-1.0,21
,4,-1.0,21
Dr;,5,60.485832,17
Andrew:,5,27.115929,15
Weil's),5,74.479309,21
,2,-1.0,71
,3,-1.0,71
,4,-1.0,29
Consumer,5,96.881447,28
Guide,5,95.248238,29
to,5,95.248238,24
,4,-1.0,30
Herbal,5,96.170525,29
Medicines,5,96.310677,30
,2,-1.0,220
,3,-1.0,220
,4,-1.0,220
 ,5,95.0,220
,2,-1.0,615
,3,-1.0,615
,4,-1.0,615
 ,5,95.0,615
