text,level,conf,height
,1,-1.0,576
,2,-1.0,26
,3,-1.0,26
,4,-1.0,26
Anthony,5,93.115517,26
L.,5,90.098961,19
Peratt,5,90.360458,19
,2,-1.0,180
,3,-1.0,180
,4,-1.0,64
Physics,5,96.843414,61
of,5,96.872108,49
the,5,96.848518,50
,4,-1.0,65
Plasma,5,96.20665,65
,4,-1.0,66
Universe,5,96.37075,66
