text,level,conf,height
,1,-1.0,663
,2,-1.0,17
,3,-1.0,17
,4,-1.0,17
Antti,5,93.289612,17
Revonsuo,5,91.732521,17
,2,-1.0,46
,3,-1.0,46
,4,-1.0,46
Consciousness,5,95.67627,46
,2,-1.0,29
,3,-1.0,29
,4,-1.0,29
The,5,96.859062,22
Science,5,96.673424,21
of,5,96.761009,22
Subjectivity,5,96.55127,29
,2,-1.0,1
,3,-1.0,1
,4,-1.0,1
 ,5,95.0,1
,2,-1.0,469
,3,-1.0,469
,4,-1.0,469
   ,5,95.0,469
