text,level,conf,height
,1,-1.0,667
,2,-1.0,51
,3,-1.0,51
,4,-1.0,24
API,5,95.165642,17
Oriented,5,96.903267,18
Deep,5,96.926216,22
Learning,5,96.935989,23
,4,-1.0,23
with,5,96.029831,18
Python,5,96.975159,23
,2,-1.0,22
,3,-1.0,22
,4,-1.0,22
 ,5,95.0,22
,2,-1.0,442
,3,-1.0,442
,4,-1.0,442
 ,5,95.0,442
