text,level,conf,height
,1,-1.0,720
,2,-1.0,222
,3,-1.0,222
,4,-1.0,222
 ,5,95.0,222
,2,-1.0,51
,3,-1.0,51
,4,-1.0,24
A,5,94.385498,17
Case-Based,5,94.385498,18
Approach,5,96.962486,23
to,5,96.941132,15
Understanding,5,95.100304,24
,4,-1.0,23
Deep,5,96.479156,22
Neural,5,96.479156,18
Networks,5,91.488678,18
,2,-1.0,18
,3,-1.0,18
,4,-1.0,18
 ,5,95.0,18
,2,-1.0,507
,3,-1.0,507
,4,-1.0,507
 ,5,95.0,507
