text,level,conf,height
,1,-1.0,702
,2,-1.0,10
,3,-1.0,10
,4,-1.0,10
THE,5,92.796562,9
EXPERT'S,5,76.15345,10
VOICE®,5,83.166794,10
,2,-1.0,22
,3,-1.0,22
,4,-1.0,22
WOOL,5,0.0,5
iehisibe,5,0.0,4
,2,-1.0,149
,3,-1.0,149
,4,-1.0,149
Alpha,5,96.10553,149
,2,-1.0,48
,3,-1.0,48
,4,-1.0,19
COCLL///,5,8.345985,19
1/111,5,39.425102,33
Lh,5,25.055145,33
halal,5,31.66655,19
,4,-1.0,30
Apress°,5,22.473953,30
