text,level,conf,height
,1,-1.0,666
,2,-1.0,238
,3,-1.0,238
,4,-1.0,238
 ,5,95.0,238
,2,-1.0,58
,3,-1.0,58
,4,-1.0,58
Beginning,5,96.03418,58
,2,-1.0,93
,3,-1.0,93
,4,-1.0,93
10S,5,56.252556,73
Media,5,96.302765,74
App,5,96.697601,91
,2,-1.0,27
,3,-1.0,27
,4,-1.0,27
Ahmed,5,92.870125,27
Bakir,5,90.927818,12
,2,-1.0,419
,3,-1.0,419
,4,-1.0,419
 ,5,95.0,419
