text,level,conf,height
,1,-1.0,666
,2,-1.0,241
,3,-1.0,241
,4,-1.0,241
 ,5,95.0,241
,2,-1.0,38
,3,-1.0,38
,4,-1.0,38
Learn,5,96.856857,38
,2,-1.0,143
,3,-1.0,143
,4,-1.0,65
Lua,5,96.708954,64
for,5,96.090706,44
10S,5,49.017185,65
Game,5,96.61393,65
,4,-1.0,62
Development,5,96.582909,62
,2,-1.0,16
,3,-1.0,16
,4,-1.0,16
Jayant,5,96.490334,16
Varma,5,96.709541,13
