text,level,conf,height
,1,-1.0,667
,2,-1.0,249
,3,-1.0,249
,4,-1.0,249
 ,5,95.0,249
,2,-1.0,211
,3,-1.0,211
,4,-1.0,211
android,5,23.187454,211
App,5,96.935257,102
,2,-1.0,116
,3,-1.0,116
,4,-1.0,116
Development,5,96.70768,116
,2,-1.0,86
,3,-1.0,86
,4,-1.0,86
fallace,5,28.470871,29
Jackson,5,93.332672,29
©,5,94.690262,84
