text,level,conf,height
,1,-1.0,666
,2,-1.0,208
,3,-1.0,208
,4,-1.0,54
Beginning,5,95.429993,54
,4,-1.0,69
Google,5,96.812454,69
Glass,5,96.285385,56
,4,-1.0,67
Development,5,95.775719,67
,2,-1.0,64
,3,-1.0,64
,4,-1.0,64
Jeff,5,95.866684,17
Tang,5,95.866684,21
fy),5,43.247101,64
