text,level,conf,height
,1,-1.0,666
,2,-1.0,39
,3,-1.0,39
,4,-1.0,39
Al,5,48.227219,39
TECHNOLOGY,5,89.852753,10
IN,5,92.668289,10
ACTION™,5,89.251816,10
,2,-1.0,138
,3,-1.0,138
,4,-1.0,138
Unity,5,71.65963,138
,2,-1.0,374
,3,-1.0,374
,4,-1.0,374
 ,5,95.0,374
,2,-1.0,39
,3,-1.0,39
,4,-1.0,39
Sue,5,90.283485,19
Blackman,5,90.283485,29
=X,5,43.759388,21
,2,-1.0,666
,3,-1.0,666
,4,-1.0,666
 ,5,95.0,666
