text,level,conf,height
,1,-1.0,680
,2,-1.0,12
,3,-1.0,12
,4,-1.0,12
 ,5,95.0,12
,2,-1.0,27
,3,-1.0,27
,4,-1.0,8
ARABIC-ENGLI,5,4.444435,8
,4,-1.0,12
DICTIONARY,5,94.833641,9
OF,5,93.306129,9
QUR’ANIC,5,79.806,12
"USAGE,",5,78.012772,9
