text,level,conf,height
,1,-1.0,595
,2,-1.0,34
,3,-1.0,34
,4,-1.0,34
arthur,5,91.067894,25
c.,5,91.067894,19
clarke’s,5,59.83033,26
venus,5,94.542328,19
prime,5,94.909447,34
,2,-1.0,509
,3,-1.0,509
,4,-1.0,509
   ,5,95.0,509
,2,-1.0,30
,3,-1.0,30
,4,-1.0,10
velume;1,5,2.385796,10
,4,-1.0,8
the,5,93.217407,7
clasdic,5,30.693672,8
thriller,5,63.318096,8
,2,-1.0,22
,3,-1.0,22
,4,-1.0,22
by,5,93.29644,20
pauil.préuss:,5,16.19751,22
