text,level,conf,height
,1,-1.0,646
,2,-1.0,547
,3,-1.0,547
,4,-1.0,547
ARTIFICIAL,5,95.530273,382
WAR,5,96.173782,143
,2,-1.0,455
,3,-1.0,455
,4,-1.0,455
   ,5,95.0,455
,2,-1.0,51
,3,-1.0,51
,4,-1.0,23
Multiagent-Based,5,92.218315,23
,4,-1.0,19
Simulation,5,96.973457,19
of,5,96.852539,18
Combat,5,96.702522,18
,2,-1.0,14
,3,-1.0,14
,4,-1.0,14
Andrew,5,93.287476,14
Ilachinski,5,86.248589,14
,2,-1.0,236
,3,-1.0,236
,4,-1.0,236
  ,5,95.0,236
