text,level,conf,height
,1,-1.0,681
,2,-1.0,192
,3,-1.0,192
,4,-1.0,29
ARTIFICIAL,5,95.388107,29
,4,-1.0,29
INTELLIGENCE,5,94.821198,29
,4,-1.0,29
WITH,5,96.648705,29
,4,-1.0,30
UNCERTAINTY,5,95.376106,30
,2,-1.0,278
,3,-1.0,278
,4,-1.0,278
 ,5,95.0,278
,2,-1.0,22
,3,-1.0,22
,4,-1.0,22
OF],5,26.078583,22
Chapman,5,54.329567,13
&,5,86.185043,10
Hall/CRC,5,49.557823,10
,2,-1.0,27
,3,-1.0,27
,4,-1.0,27
\,5,90.340027,27
