text,level,conf,height
,1,-1.0,666
,2,-1.0,525
,3,-1.0,525
,4,-1.0,135
     ,5,95.0,135
,4,-1.0,390
   ,5,95.0,390
,2,-1.0,31
,3,-1.0,31
,4,-1.0,31
Artificial,5,68.903053,31
Inte,5,93.276505,28
,2,-1.0,31
,3,-1.0,31
,4,-1.0,31
iuminated,5,0.0,31
,2,-1.0,19
,3,-1.0,19
,4,-1.0,19
Ben,5,96.968178,14
Coppin,5,96.396942,19
