text,level,conf,height
,1,-1.0,649
,2,-1.0,40
,3,-1.0,40
,4,-1.0,40
a),5,82.723457,40
,2,-1.0,84
,3,-1.0,84
,4,-1.0,20
PHILOSOPHY,5,95.638359,20
OF,5,96.431198,16
,4,-1.0,20
RELIGION,5,95.573853,20
IN,5,95.573853,16
THE,5,95.529076,16
,4,-1.0,20
RENAISSANCE,5,96.395897,20
,2,-1.0,649
,3,-1.0,649
,4,-1.0,649
 ,5,95.0,649
