text,level,conf,height
,1,-1.0,500
,2,-1.0,19
,3,-1.0,19
,4,-1.0,19
Atlas,5,96.885361,18
of,5,96.9869,19
,2,-1.0,65
,3,-1.0,65
,4,-1.0,65
Acupuncture,5,93.487808,65
,2,-1.0,246
,3,-1.0,246
,4,-1.0,246
   ,5,95.0,246
,2,-1.0,55
,3,-1.0,55
,4,-1.0,55
 ,5,95.0,55
,2,-1.0,15
,3,-1.0,15
,4,-1.0,15
—,5,8.013771,5
