text,level,conf,height
,1,-1.0,732
,2,-1.0,29
,3,-1.0,29
,4,-1.0,29
J,5,6.121254,29
,4,-1.0,18
iC),5,13.800949,18
,4,-1.0,18
a,5,51.361618,18
,3,-1.0,28
,4,-1.0,28
A,5,16.302094,28
,4,-1.0,21
-,5,0.0,21
,3,-1.0,26
,4,-1.0,26
=,5,74.460449,26
,3,-1.0,5
,4,-1.0,5
‘,5,52.818619,5
,2,-1.0,43
,3,-1.0,43
,4,-1.0,37
Oo,5,32.692131,37
,4,-1.0,38
:,5,44.020367,38
,4,-1.0,36
sa},5,43.05024,36
,4,-1.0,43
d,5,0.0,43
,2,-1.0,568
,3,-1.0,568
,4,-1.0,568
 ,5,95.0,568
