text,level,conf,height
,1,-1.0,684
,2,-1.0,20
,3,-1.0,20
,4,-1.0,20
Jun,5,90.924751,20
Xu,5,90.924751,20
,2,-1.0,245
,3,-1.0,125
,4,-1.0,59
Managing,5,94.637527,58
Digital,5,96.45504,59
,4,-1.0,58
Enterprise,5,96.942024,58
,3,-1.0,119
,4,-1.0,46
Ten,5,96.406647,45
Essential,5,95.040268,46
,4,-1.0,58
Topics,5,96.626198,58
,2,-1.0,590
,3,-1.0,590
,4,-1.0,590
 ,5,95.0,590
