text,level,conf,height
,1,-1.0,1200
,2,-1.0,205
,3,-1.0,205
,4,-1.0,72
THE,5,96.242325,72
,4,-1.0,76
ATTORNEY,5,96.421555,76
,2,-1.0,57
,3,-1.0,57
,4,-1.0,57
STEVE,5,94.640762,57
MARTINI,5,94.640762,55
,2,-1.0,81
,3,-1.0,81
,4,-1.0,31
J,5,84.43026,31
,4,-1.0,31
JOVE,5,92.142708,25
"BOOKS,",5,96.135704,31
NEW,5,96.28167,25
YORK,5,96.704193,25
