text,level,conf,height
,1,-1.0,666
,2,-1.0,68
,3,-1.0,68
,4,-1.0,30
Project,5,96.40126,30
Planning,5,95.939423,30
,4,-1.0,30
and,5,96.669388,22
Project,5,96.944359,30
Success,5,96.648949,22
,2,-1.0,18
,3,-1.0,18
,4,-1.0,18
The,5,87.906456,18
25%,5,95.892471,17
Solution,5,96.95974,17
