text,level,conf,height
,1,-1.0,666
,2,-1.0,99
,3,-1.0,99
,4,-1.0,25
Leveraging,5,96.197762,25
the,5,96.197762,20
,4,-1.0,21
Wisdom,5,96.367805,20
of,5,96.932373,20
the,5,96.932373,20
Crowd,5,96.877266,21
,4,-1.0,26
in,5,96.953247,20
Software,5,96.915245,21
Testing,5,96.936333,25
