text,level,conf,height
,1,-1.0,666
,2,-1.0,10
,3,-1.0,10
,4,-1.0,10
HANS,5,90.660812,10
OTTOSSON,5,90.660812,10
,2,-1.0,450
,3,-1.0,450
,4,-1.0,450
 ,5,95.0,450
,2,-1.0,66
,3,-1.0,66
,4,-1.0,66
 ,5,95.0,66
,2,-1.0,43
,3,-1.0,43
,4,-1.0,43
Zs,5,24.713943,43
,2,-1.0,666
,3,-1.0,666
,4,-1.0,666
 ,5,95.0,666
