text,level,conf,height
,1,-1.0,666
,2,-1.0,166
,3,-1.0,166
,4,-1.0,53
 ,5,95.0,53
,4,-1.0,113
  ,5,95.0,113
,2,-1.0,128
,3,-1.0,128
,4,-1.0,32
BURSTING,5,95.043861,32
,4,-1.0,31
THE,5,95.664917,23
BIG,5,94.229469,31
DATA,5,94.110741,31
,4,-1.0,32
BUBBILE,5,83.269241,32
,2,-1.0,425
,3,-1.0,425
,4,-1.0,425
 ,5,95.0,425
