text,level,conf,height
,1,-1.0,666
,2,-1.0,121
,3,-1.0,121
,4,-1.0,121
    ,5,95.0,121
  ,5,95.0,62
,2,-1.0,115
,3,-1.0,94
,4,-1.0,28
Components,5,96.080803,28
|,5,42.753502,8
,4,-1.0,28
of,5,96.967857,21
Strategic,5,96.706009,28
,4,-1.0,46
__,5,66.355682,46
Decision,5,96.874092,46
