text,level,conf,height
,1,-1.0,666
,2,-1.0,244
,3,-1.0,244
,4,-1.0,244
 ,5,95.0,244
,2,-1.0,23
,3,-1.0,23
,4,-1.0,23
Processing,5,96.662796,23
and,5,96.91478,18
Management,5,96.871986,22
,2,-1.0,96
,3,-1.0,96
,4,-1.0,96
~,5,57.760048,96
,2,-1.0,17
,3,-1.0,17
,4,-1.0,17
nedjMedhatiGabery,5,22.330887,17
,2,-1.0,191
,3,-1.0,191
,4,-1.0,191
  ,5,95.0,191
