text,level,conf,height
,1,-1.0,666
,2,-1.0,56
,3,-1.0,56
,4,-1.0,17
Qingquan,5,86.740067,17
Song,5,96.24614,17
,4,-1.0,17
Haifeng,5,90.730408,17
Jin,5,95.299629,28
,4,-1.0,14
Xia,5,93.842148,14
Hu,5,95.419647,28
,2,-1.0,21
,3,-1.0,21
,4,-1.0,21
MBB,5,51.451889,20
vannins,5,12.745636,10
,2,-1.0,666
,3,-1.0,666
,4,-1.0,666
 ,5,95.0,666
