text,level,conf,height
,1,-1.0,713
,2,-1.0,50
,3,-1.0,50
,4,-1.0,50
 ,5,95.0,50
,2,-1.0,50
,3,-1.0,50
,4,-1.0,22
Automatic,5,40.932594,17
Speech,5,95.913933,21
,4,-1.0,22
Retoeanition,5,45.723614,22
,2,-1.0,324
,3,-1.0,324
,4,-1.0,40
 ,5,95.0,40
,4,-1.0,55
  ,5,95.0,55
,4,-1.0,229
   ,5,95.0,229
,2,-1.0,18
,3,-1.0,18
,4,-1.0,18
"eh,",5,34.841095,18
