text,level,conf,height
,1,-1.0,475
,2,-1.0,1
,3,-1.0,1
,4,-1.0,1
 ,5,95.0,1
,2,-1.0,475
,3,-1.0,475
,4,-1.0,475
 ,5,95.0,475
,2,-1.0,34
,3,-1.0,34
,4,-1.0,11
ESSENTIAL,5,96.970314,11
SOURCES,5,96.055878,11
,4,-1.0,11
in,5,95.045631,10
the,5,95.045631,11
SCIENTIFIC,5,74.597214,11
STUDY,5,96.751411,11
of,5,93.298897,28
CONSCIOUSNI,5,78.642624,11
,2,-1.0,175
,3,-1.0,175
,4,-1.0,175
 ,5,95.0,175
,2,-1.0,1
,3,-1.0,1
,4,-1.0,1
 ,5,95.0,1
,2,-1.0,465
,3,-1.0,465
,4,-1.0,465
 ,5,95.0,465
