text,level,conf,height
,1,-1.0,1000
,2,-1.0,169
,3,-1.0,169
,4,-1.0,77
Babette's,5,78.104294,77
,4,-1.0,85
Feast,5,95.877388,85
