text,level,conf,height
,1,-1.0,792
,2,-1.0,166
,3,-1.0,166
,4,-1.0,166
 ,5,95.0,166
,2,-1.0,15
,3,-1.0,15
,4,-1.0,15
1979,5,96.700569,14
AND,5,96.125183,15
THE,5,96.446083,15
BIRTH,5,96.907455,15
OF,5,96.728294,15
THE,5,96.256004,15
21ST,5,95.850044,15
CENTURY,5,96.066177,15
