text,level,conf,height
,1,-1.0,467
,2,-1.0,57
,3,-1.0,57
,4,-1.0,30
Bayesian,5,96.317032,30
Time,5,96.582283,23
,4,-1.0,23
Series,5,96.720688,23
Models,5,96.616661,23
,2,-1.0,12
,3,-1.0,12
,4,-1.0,12
Edited,5,95.516022,9
by,5,96.999321,12
,2,-1.0,289
,3,-1.0,289
,4,-1.0,289
 ,5,95.0,289
