text,level,conf,height
,1,-1.0,644
,2,-1.0,78
,3,-1.0,78
,4,-1.0,78
 ,5,95.0,78
,2,-1.0,168
,3,-1.0,101
,4,-1.0,47
.,5,0.0,28
ae,5,38.128017,74
,4,-1.0,168
3,5,75.037125,65
Gece,5,9.67421,168
,2,-1.0,112
,3,-1.0,112
,4,-1.0,112
b,5,65.101471,50
ANCIENT,5,48.337437,95
,2,-1.0,362
,3,-1.0,362
,4,-1.0,362
 ,5,95.0,362
,2,-1.0,20
,3,-1.0,20
,4,-1.0,20
CHRISTOPHER,5,96.454575,18
DUNN,5,87.446014,18
~,5,35.919792,2
