text,level,conf,height
,1,-1.0,648
,2,-1.0,11
,3,-1.0,11
,4,-1.0,11
ALEX,5,96.095085,10
J.,5,86.911545,10
GUTMAN,5,91.978149,11
AND,5,97.010559,10
JORDAN,5,93.260834,11
GOLDMEIER,5,92.412094,11
,2,-1.0,456
,3,-1.0,456
,4,-1.0,456
 ,5,95.0,456
