text,level,conf,height
,1,-1.0,684
,2,-1.0,264
,3,-1.0,264
,4,-1.0,264
 ,5,95.0,264
,2,-1.0,37
,3,-1.0,37
,4,-1.0,18
By,5,96.831993,18
the,5,93.282982,14
raywenderlich,5,91.566193,18
Tutorial,5,96.697159,14
Team,5,94.410698,14
,4,-1.0,12
Antonio,5,96.70488,10
"Bello,",5,96.520622,11
Bill,5,95.09919,10
Morefield,5,93.278038,11
&,5,93.278038,10
Audrey,5,94.883957,11
Tam,5,91.322876,10
,2,-1.0,97
,3,-1.0,97
,4,-1.0,97
 ,5,95.0,97
