text,level,conf,height
,1,-1.0,792
,2,-1.0,20
,3,-1.0,20
,4,-1.0,20
Enochian,5,96.548981,16
Magick,5,95.931595,20
Reference,5,96.58226,16
,2,-1.0,11
,3,-1.0,11
,4,-1.0,11
Benjamin,5,95.767555,11
Rowe,5,96.074715,9
