text,level,conf,height
,1,-1.0,662
,2,-1.0,1
,3,-1.0,1
,4,-1.0,1
 ,5,95.0,1
,2,-1.0,662
,3,-1.0,662
,4,-1.0,662
 ,5,95.0,662
,2,-1.0,358
,3,-1.0,358
,4,-1.0,358
 ,5,95.0,358
,2,-1.0,45
,3,-1.0,45
,4,-1.0,16
Bharath,5,93.306107,16
Ramsundar,5,92.129074,16
&,5,93.268669,16
,4,-1.0,21
Reza,5,93.227753,15
Bosagh,5,92.843475,21
Zadeh,5,96.849007,16
,2,-1.0,662
,3,-1.0,662
,4,-1.0,662
 ,5,95.0,662
,2,-1.0,1
,3,-1.0,1
,4,-1.0,1
 ,5,95.0,1
