text,level,conf,height
,1,-1.0,331
,2,-1.0,48
,3,-1.0,48
,4,-1.0,48
 ,5,95.0,48
,2,-1.0,96
,3,-1.0,96
,4,-1.0,7
BESTSELLER,5,83.365952,7
,4,-1.0,10
2,5,30.645416,10
,4,-1.0,18
Br,5,27.545479,18
,2,-1.0,72
,3,-1.0,72
,4,-1.0,28
BILE,5,69.089775,28
,4,-1.0,28
BRYSON,5,96.300194,28
,2,-1.0,38
,3,-1.0,38
,4,-1.0,38
   ,5,95.0,38
