text,level,conf,height
,1,-1.0,666
,2,-1.0,151
,3,-1.0,69
,4,-1.0,28
BIOMEDICAL,5,95.411774,28
,4,-1.0,28
ACUPUNCTURE,5,96.188828,28
,3,-1.0,69
,4,-1.0,35
for,5,96.690384,32
SPORTS,5,95.824974,28
and,5,96.279762,24
TRAUMA,5,95.902168,28
,4,-1.0,28
REHABILITATION,5,95.667572,28
,2,-1.0,359
,3,-1.0,359
,4,-1.0,359
 ,5,95.0,359
