text,level,conf,height
,1,-1.0,452
,2,-1.0,452
,3,-1.0,452
,4,-1.0,452
   ,5,95.0,452
,2,-1.0,9
,3,-1.0,9
,4,-1.0,9
KATHRYN,5,94.004906,9
A.,5,93.082924,9
BARD,5,96.408844,9
,2,-1.0,29
,3,-1.0,29
,4,-1.0,15
‘AN,5,85.954308,11
INTRODUCTIONTO,5,74.993759,15
,4,-1.0,11
HAEOI,5,0.0,11
