text,level,conf,height
,1,-1.0,792
,2,-1.0,220
,3,-1.0,220
,4,-1.0,220
i,5,40.141853,220
,2,-1.0,43
,3,-1.0,43
,4,-1.0,43
nN,5,0.0,43
asu,5,0.0,39
nisin,5,0.0,41
Siete,5,2.197052,41
CONNOISSEUR,5,95.612823,41
,2,-1.0,372
,3,-1.0,372
,4,-1.0,372
 ,5,95.0,372
,2,-1.0,19
,3,-1.0,19
,4,-1.0,19
C.,5,91.433372,17
Marina,5,94.151764,17
Marchese,5,93.277573,17
&,5,93.277573,18
Kim,5,93.259369,16
Flottum,5,81.963593,17
