text,level,conf,height
,1,-1.0,400
,2,-1.0,1
,3,-1.0,1
,4,-1.0,1
 ,5,95.0,1
,2,-1.0,272
,3,-1.0,272
,4,-1.0,272
 ,5,95.0,272
,2,-1.0,89
,3,-1.0,89
,4,-1.0,56
CLEOPATRA,5,96.559959,56
,4,-1.0,31
AND,5,96.743515,31
EGYPT,5,96.135468,31
,2,-1.0,400
,3,-1.0,400
,4,-1.0,400
 ,5,95.0,400
,2,-1.0,400
,3,-1.0,400
,4,-1.0,400
 ,5,95.0,400
,2,-1.0,1
,3,-1.0,1
,4,-1.0,1
 ,5,95.0,1
