text,level,conf,height
,1,-1.0,792
,2,-1.0,69
,3,-1.0,69
,4,-1.0,39
&,5,61.4645,39
MALCOLM,5,96.487122,25
,4,-1.0,25
\,5,84.597946,18
ARCHIBALD,5,96.088425,25
,2,-1.0,591
,3,-1.0,591
,4,-1.0,591
 ,5,95.0,591
