text,level,conf,height
,1,-1.0,677
,2,-1.0,59
,3,-1.0,59
,4,-1.0,59
dy,5,96.96228,59
,2,-1.0,118
,3,-1.0,118
,4,-1.0,60
Early,5,86.677841,60
Modern,5,96.21537,43
,4,-1.0,57
Tragicome,5,92.179214,57
,2,-1.0,452
,3,-1.0,452
,4,-1.0,452
 ,5,95.0,452
,2,-1.0,20
,3,-1.0,20
,4,-1.0,20
Edited,5,96.8853,16
by,5,93.237457,20
Subha,5,93.006081,16
Mukherji,5,88.35495,20
,2,-1.0,20
,3,-1.0,20
,4,-1.0,20
and,5,96.883728,16
Raphael,5,96.695557,20
Lyne,5,96.965652,19
