text,level,conf,height
,1,-1.0,500
,2,-1.0,85
,3,-1.0,85
,4,-1.0,85
 ,5,95.0,85
,2,-1.0,271
,3,-1.0,271
,4,-1.0,166
pills,5,32.701813,166
z,5,0.0,18
,4,-1.0,68
 BOZGAT’'S,5,13.609123,68
2,5,35.044647,78
,4,-1.0,45
BIG,5,96.431084,45
ADVENTURE.,5,93.674118,45
,2,-1.0,71
,3,-1.0,71
,4,-1.0,40
Ye,5,68.77951,35
PROPHETS,5,90.419052,33
OF,5,93.303444,21
WAAAGH!,5,91.182205,21
PART,5,96.782463,21
Il,5,57.153431,21
,4,-1.0,34
4,5,83.2164,30
GUY,5,96.597672,25
HALEY,5,96.597672,24
