text,level,conf,height
,1,-1.0,720
,2,-1.0,1
,3,-1.0,1
,4,-1.0,1
 ,5,95.0,1
,2,-1.0,184
,3,-1.0,184
,4,-1.0,67
BRIDGE,5,94.50959,67
,4,-1.0,106
NOMEN,5,0.0,106
,2,-1.0,1
,3,-1.0,1
,4,-1.0,1
 ,5,95.0,1
,2,-1.0,14
,3,-1.0,14
,4,-1.0,14
EDITED,5,96.192352,14
BY,5,96.192352,14
,2,-1.0,12
,3,-1.0,12
,4,-1.0,12
CRC,5,95.807755,12
PRESS,5,95.557152,12
,2,-1.0,1
,3,-1.0,1
,4,-1.0,1
 ,5,95.0,1
