text,level,conf,height
,1,-1.0,677
,2,-1.0,21
,3,-1.0,21
,4,-1.0,11
JOANNES,5,92.384674,10
SAMBUCUS,5,94.162582,8
,4,-1.0,8
AND,5,88.864532,7
THE,5,88.864532,7
LEARNED,5,96.282043,8
IMAGE,5,96.268768,7
,2,-1.0,7
,3,-1.0,7
,4,-1.0,7
 ,5,95.0,7
