text,level,conf,height
,1,-1.0,650
,2,-1.0,90
,3,-1.0,90
,4,-1.0,90
 ,5,95.0,90
,2,-1.0,60
,3,-1.0,60
,4,-1.0,26
The,5,96.695335,19
Questions,5,96.999924,24
of,5,96.76387,26
,4,-1.0,26
Jesus,5,96.742706,25
in,5,93.219872,19
John,5,93.219872,26
,2,-1.0,90
,3,-1.0,90
,4,-1.0,90
 ,5,95.0,90
,2,-1.0,8
,3,-1.0,8
,4,-1.0,8
DOUGLAS,5,96.285492,8
ESTES,5,85.345856,8
