text,level,conf,height
,1,-1.0,677
,2,-1.0,22
,3,-1.0,22
,4,-1.0,8
ANCIENT,5,84.736649,7
ALEXANDRIA,5,89.835777,8
BE,5,89.49852,28
,4,-1.0,8
EGYPT,5,67.390778,7
AND,5,96.733696,7
GREECE,5,91.245117,8
,2,-1.0,15
,3,-1.0,15
,4,-1.0,15
 ,5,95.0,15
