text,level,conf,height
,1,-1.0,644
,2,-1.0,70
,3,-1.0,70
,4,-1.0,70
On,5,96.240799,26
the,5,95.998985,28
ENG,5,39.951595,69
of,5,96.705467,28
,2,-1.0,538
,3,-1.0,538
,4,-1.0,538
 ,5,95.0,538
