text,level,conf,height
,1,-1.0,650
,2,-1.0,55
,3,-1.0,55
,4,-1.0,25
Simeon,5,95.640839,21
the,5,95.640839,21
Righteous,5,96.808197,25
,4,-1.0,21
in,5,96.93943,21
Rabbinic,5,96.202812,21
Literature,5,96.610115,21
,2,-1.0,16
,3,-1.0,16
,4,-1.0,16
A,5,16.873978,12
Legend,5,16.873978,16
Reinvented,5,96.775673,14
,2,-1.0,326
,3,-1.0,326
,4,-1.0,326
 ,5,95.0,326
,2,-1.0,15
,3,-1.0,15
,4,-1.0,15
Amram,5,93.163857,12
Tropper,5,90.112167,15
,2,-1.0,9
,3,-1.0,9
,4,-1.0,9
BRILL,5,96.200005,9
