text,level,conf,height
,1,-1.0,644
,2,-1.0,110
,3,-1.0,110
,4,-1.0,110
  ,5,95.0,110
 ,5,95.0,73
,2,-1.0,41
,3,-1.0,41
,4,-1.0,31
Stanley,5,88.805916,26
E.,5,91.753281,13
Porter,5,96.436485,26
a,5,96.436485,5
{Andrew,5,39.330067,31
W.,5,92.940994,31
Pitts,5,90.972458,31
,4,-1.0,7
;,5,0.0,7
,4,-1.0,8
Q,5,0.0,8
