text,level,conf,height
,1,-1.0,650
,2,-1.0,365
,3,-1.0,365
,4,-1.0,365
 ,5,95.0,365
,2,-1.0,8
,3,-1.0,8
,4,-1.0,8
PHILLIP,5,96.403938,8
MICHAEL,5,96.679146,8
SHERMAN.,5,70.137405,8
