text,level,conf,height
,1,-1.0,435
,2,-1.0,435
,3,-1.0,435
,4,-1.0,435
    ,5,95.0,435
,2,-1.0,20
,3,-1.0,20
,4,-1.0,20
Bruce,5,96.791115,16
"Lipton,",5,96.337769,20
PhD.,5,96.558746,16
