text,level,conf,height
,1,-1.0,437
,2,-1.0,13
,3,-1.0,13
,4,-1.0,13
‘THE,5,79.790535,10
INVESTIGATION,5,96.382889,10
INTO,5,95.129211,9
THE,5,96.461044,9
WORLD,5,91.512344,10
ENERGY,5,92.820114,9
GRID,5,95.724998,10
,2,-1.0,437
,3,-1.0,437
,4,-1.0,437
 ,5,95.0,437
