text,level,conf,height
,1,-1.0,586
,2,-1.0,71
,3,-1.0,71
,4,-1.0,23
"Endophysics,",5,92.148811,23
,4,-1.0,21
"Time,",5,96.272827,21
Quantum,5,96.375946,20
,2,-1.0,7
,3,-1.0,7
,4,-1.0,7
“UF,5,2.736176,7
wreronoiyRasotes,5,0.0,7
Vonanon,5,1.522972,28
,2,-1.0,23
,3,-1.0,23
,4,-1.0,23
and,5,96.953796,15
the,5,96.96711,15
Subjective,5,96.803932,23
