text,level,conf,height
,1,-1.0,648
,2,-1.0,84
,3,-1.0,84
,4,-1.0,48
Development:,5,90.405617,28
yy,5,35.769379,43
,4,-1.0,34
the,5,93.29805,23
HistoricSc!,5,13.947945,19
Kenalitues:,5,0.0,31
,4,-1.0,19
In,5,96.972099,13
Search,5,96.945381,16
of,5,96.938538,19
the,5,96.909271,16
"Normal,",5,92.154778,13
1000-1800,5,84.830482,13
,2,-1.0,22
,3,-1.0,22
,4,-1.0,22
 ,5,95.0,22
,2,-1.0,453
,3,-1.0,453
,4,-1.0,453
 ,5,95.0,453
,2,-1.0,83
,3,-1.0,83
,4,-1.0,83
—,5,70.098961,83
—,5,57.949524,17
