text,level,conf,height
,1,-1.0,444
,2,-1.0,193
,3,-1.0,193
,4,-1.0,193
    ,5,95.0,193
,2,-1.0,113
,3,-1.0,113
,4,-1.0,16
BUILDING,5,96.493813,16
,4,-1.0,15
SYSTEMS,5,96.549164,15
,4,-1.0,19
interior,5,70.643677,19
,4,-1.0,11
designers,5,96.785873,11
,4,-1.0,15
e,5,86.486305,15
,2,-1.0,86
,3,-1.0,86
,4,-1.0,86
Oy!,5,29.939453,86
,2,-1.0,11
,3,-1.0,11
,4,-1.0,11
   ,5,95.0,11
,2,-1.0,8
,3,-1.0,8
,4,-1.0,8
||,5,91.593033,8
,2,-1.0,43
,3,-1.0,43
,4,-1.0,43
 ,5,95.0,43
