text,level,conf,height
,1,-1.0,791
,2,-1.0,49
,3,-1.0,49
,4,-1.0,49
 ,5,95.0,49
,2,-1.0,291
,3,-1.0,291
,4,-1.0,104
building,5,96.162262,104
,4,-1.0,69
eenstruction,5,65.239502,69
,4,-1.0,85
illustrated,5,95.283989,85
,2,-1.0,475
,3,-1.0,475
,4,-1.0,475
 ,5,95.0,475
,2,-1.0,30
,3,-1.0,30
,4,-1.0,30
FRANCIS,5,90.540344,30
D.K.CHING,5,90.341972,16
©,5,44.106182,30
