text,level,conf,height
,1,-1.0,666
,2,-1.0,94
,3,-1.0,94
,4,-1.0,32
Managing,5,96.429848,32
Online,5,96.891701,25
Risk,5,96.758148,25
,4,-1.0,23
"Apps,",5,96.423744,23
"Mobile,",5,96.730865,22
and,5,97.011215,18
Social,5,96.539055,18
Media,5,96.693382,18
,4,-1.0,23
Security,5,96.747826,23
,2,-1.0,32
,3,-1.0,32
,4,-1.0,32
 ,5,95.0,32
,2,-1.0,70
,3,-1.0,70
,4,-1.0,70
  ,5,95.0,70
,2,-1.0,9
,3,-1.0,9
,4,-1.0,9
ELSEVIER,5,96.17157,9
