text,level,conf,height
,1,-1.0,500
,2,-1.0,344
,3,-1.0,344
,4,-1.0,344
   ,5,95.0,344
,2,-1.0,237
,3,-1.0,198
,4,-1.0,149
>.,5,56.490768,84
Mararawaitee,5,0.0,120
,4,-1.0,106
SIN,5,14.565796,106
LAST,5,96.499825,36
GUARDIAN,5,96.054337,36
,2,-1.0,64
,3,-1.0,64
,4,-1.0,64
»,5,0.0,42
6,5,63.032784,18
2,5,83.500488,18
DUNN,5,91.024467,18
t,5,0.0,64
=,5,70.924133,14
,4,-1.0,23
),5,44.078926,7
NON,5,30.929054,23
,4,-1.0,18
.,5,64.532707,7
ae,5,43.176304,18
