text,level,conf,height
,1,-1.0,786
,2,-1.0,381
,3,-1.0,381
,4,-1.0,381
 ,5,95.0,381
,2,-1.0,21
,3,-1.0,21
,4,-1.0,21
Viktor,5,93.222374,18
Schauberger,5,91.333435,21
