text,level,conf,height
,1,-1.0,654
,2,-1.0,13
,3,-1.0,13
,4,-1.0,13
MPANION,5,91.724648,13
TO,5,95.110573,13
,2,-1.0,13
,3,-1.0,13
,4,-1.0,13
S,5,54.279057,13
,4,-1.0,13
S,5,60.632801,13
,2,-1.0,433
,3,-1.0,433
,4,-1.0,433
 ,5,95.0,433
