text,level,conf,height
,1,-1.0,905
,2,-1.0,896
,3,-1.0,896
,4,-1.0,896
 ,5,95.0,896
,2,-1.0,98
,3,-1.0,98
,4,-1.0,51
The,5,95.437538,41
Psychology,5,96.582176,51
of,5,96.974869,40
Perspective,5,96.741753,50
,4,-1.0,42
and,5,96.416969,41
Renaissance,5,94.815231,41
Art,5,39.053429,41
,2,-1.0,609
,3,-1.0,609
,4,-1.0,609
 ,5,95.0,609
,2,-1.0,28
,3,-1.0,28
,4,-1.0,28
MICHAEL,5,92.040459,28
KUBOVY,5,91.219032,28
,2,-1.0,2
,3,-1.0,2
,4,-1.0,2
 ,5,95.0,2
