text,level,conf,height
,1,-1.0,471
,2,-1.0,20
,3,-1.0,20
,4,-1.0,20
Visions,5,96.778786,19
of,5,96.976997,20
Politics,5,96.793816,20
,2,-1.0,273
,3,-1.0,273
,4,-1.0,273
 ,5,95.0,273
