text,level,conf,height
,1,-1.0,612
,2,-1.0,9
,3,-1.0,9
,4,-1.0,9
‘The,5,46.397316,7
economy,5,46.397316,6
of,5,32.556328,7
later,5,32.556328,7
Renaissance,5,72.128395,7
"Europe,",5,61.989624,28
1460-1600,5,65.885155,7
