text,level,conf,height
,1,-1.0,600
,2,-1.0,22
,3,-1.0,22
,4,-1.0,22
WILLIAM,5,92.623116,22
EMPSON,5,91.401596,22
,2,-1.0,8
,3,-1.0,8
,4,-1.0,8
ESSAYS,5,95.272156,8
ON,5,96.922661,28
RENAISSANCE,5,94.082199,8
LITERATURE,5,96.651375,8
,2,-1.0,534
,3,-1.0,534
,4,-1.0,534
     ,5,95.0,534
,2,-1.0,10
,3,-1.0,10
,4,-1.0,10
 ,5,95.0,10
