text,level,conf,height
,1,-1.0,381
,2,-1.0,7
,3,-1.0,7
,4,-1.0,7
THE,5,52.327019,7
CaMRIOGe,5,40.617374,7
COMPARIN,5,51.191868,7
TO,5,82.145096,7
,2,-1.0,9
,3,-1.0,9
,4,-1.0,9
ited,5,42.208729,9
by,5,54.952255,28
AR,5,54.952255,28
Braunmaller,5,37.375977,7
,2,-1.0,9
,3,-1.0,9
,4,-1.0,9
‘and,5,62.014942,28
Michal,5,69.166481,28
Hattoway,5,0.0,9
,2,-1.0,365
,3,-1.0,365
,4,-1.0,365
 ,5,95.0,365
,2,-1.0,11
,3,-1.0,11
,4,-1.0,11
wow.cambridge.org/9780521821155,5,3.712494,11
