text,level,conf,height
,1,-1.0,647
,2,-1.0,617
,3,-1.0,617
,4,-1.0,617
 ,5,95.0,617
,2,-1.0,9
,3,-1.0,9
,4,-1.0,9
‘more,5,64.006699,5
afomation,5,34.608818,7
-,5,39.492439,1
won,5,50.787346,28
<ambrdgeor/9780521117395,5,0.0,9
