text,level,conf,height
,1,-1.0,497
,2,-1.0,224
,3,-1.0,224
,4,-1.0,224
 ,5,95.0,224
,2,-1.0,36
,3,-1.0,36
,4,-1.0,17
 ,5,95.0,17
,4,-1.0,19
 ,5,95.0,19
,2,-1.0,28
,3,-1.0,28
,4,-1.0,14
The,5,96.87896,11
Origins,5,91.601784,14
of,5,93.026649,29
Demc,5,78.18676,10
,4,-1.0,11
and,5,93.294197,10
Autocracy,5,92.993874,10
in,5,96.853905,7
Pakistan,5,93.666229,8
,2,-1.0,10
,3,-1.0,10
,4,-1.0,10
MAYA,5,94.462067,10
TUDOR,5,94.462067,10
,2,-1.0,203
,3,-1.0,203
,4,-1.0,203
 ,5,95.0,203
