text,level,conf,height
,1,-1.0,648
,2,-1.0,19
,3,-1.0,19
,4,-1.0,7
CAMBRIDGE,5,63.56979,7
STUDIES,5,96.306496,7
IN,5,93.43824,7
EARLY,5,93.43824,7
,4,-1.0,7
MODERN,5,89.355179,7
HISTORY,5,95.177315,7
,2,-1.0,7
,3,-1.0,7
,4,-1.0,7
ds,5,41.56097,7
,2,-1.0,27
,3,-1.0,27
,4,-1.0,13
‘The,5,91.46196,9
Military,5,91.572304,12
Organization,5,91.572304,13
of,5,96.941734,10
a,5,95.780785,29
,4,-1.0,11
Renaissance,5,87.045647,11
State,5,87.045647,11
