text,level,conf,height
,1,-1.0,497
,2,-1.0,40
,3,-1.0,40
,4,-1.0,40
Kant,5,96.093437,40
,2,-1.0,27
,3,-1.0,27
,4,-1.0,27
on,5,96.133049,15
Moral,5,94.921501,21
Autonomy,5,96.028557,26
,2,-1.0,230
,3,-1.0,230
,4,-1.0,230
  ,5,95.0,230
,2,-1.0,2
,3,-1.0,2
,4,-1.0,2
 ,5,95.0,2
,2,-1.0,29
,3,-1.0,29
,4,-1.0,9
EDITED,5,95.735283,9
BY,5,95.735283,9
,4,-1.0,12
OLIVER,5,93.247246,12
SENSEN,5,91.150597,12
,2,-1.0,8
,3,-1.0,8
,4,-1.0,8
Canmore,5,0.0,8
