text,level,conf,height
,1,-1.0,684
,2,-1.0,39
,3,-1.0,39
,4,-1.0,11
=,5,54.088257,11
,4,-1.0,28
Quastaneda,5,48.507492,28
,2,-1.0,433
,3,-1.0,433
,4,-1.0,433
 ,5,95.0,433
