text,level,conf,height
,1,-1.0,784
,2,-1.0,679
,3,-1.0,679
,4,-1.0,679
 ,5,95.0,679
,2,-1.0,198
,3,-1.0,198
,4,-1.0,198
 ,5,95.0,198
,2,-1.0,34
,3,-1.0,34
,4,-1.0,34
Cellular,5,94.998581,34
and,5,94.998581,32
Molecular,5,96.772049,32
,2,-1.0,51
,3,-1.0,51
,4,-1.0,51
IMMUNOLOGY,5,93.992592,51
,2,-1.0,679
,3,-1.0,679
,4,-1.0,679
 ,5,95.0,679
,2,-1.0,317
,3,-1.0,317
,4,-1.0,317
 ,5,95.0,317
,2,-1.0,2
,3,-1.0,2
,4,-1.0,2
 ,5,95.0,2
