text,level,conf,height
,1,-1.0,644
,2,-1.0,12
,3,-1.0,12
,4,-1.0,12
An,5,96.478996,10
Authors,5,95.09407,10
Guild,5,93.051514,10
Backinprint.com,5,90.447487,12
Edition,5,95.933456,9
,2,-1.0,620
,3,-1.0,620
,4,-1.0,620
 ,5,95.0,620
,2,-1.0,24
,3,-1.0,24
,4,-1.0,24
CHARLES,5,90.719467,24
T.,5,90.719467,23
TART,5,96.843811,23
