text,level,conf,height
,1,-1.0,618
,2,-1.0,78
,3,-1.0,78
,4,-1.0,78
WS,5,38.396168,78
"Hh,",5,22.53537,46
Pull,5,26.643738,47
,2,-1.0,100
,3,-1.0,100
,4,-1.0,100
 ,5,95.0,100
,2,-1.0,37
,3,-1.0,37
,4,-1.0,37
AMTHOE,5,0.0,22
AV,5,0.0,37
MELEE,5,29.409851,26
AP,5,35.231941,5
,2,-1.0,85
,3,-1.0,85
,4,-1.0,85
Ho,5,29.982941,85
A,5,40.20845,95
crn,5,41.943619,95
Mi,5,48.150948,95
,2,-1.0,400
,3,-1.0,400
,4,-1.0,400
 ,5,95.0,400
