text,level,conf,height
,1,-1.0,588
,2,-1.0,351
,3,-1.0,351
,4,-1.0,351
 ,5,95.0,351
,2,-1.0,405
,3,-1.0,405
,4,-1.0,405
 ,5,95.0,405
,2,-1.0,189
,3,-1.0,189
,4,-1.0,189
“,5,0.0,62
oh,5,36.365986,32
Pe,5,39.45961,65
Pensa’,5,17.863022,189
,2,-1.0,1
,3,-1.0,1
,4,-1.0,1
 ,5,95.0,1
