text,level,conf,height
,1,-1.0,775
,2,-1.0,51
,3,-1.0,51
,4,-1.0,16
ALEISTER,5,93.138489,16
CROWLEY'S,5,3.147232,16
,4,-1.0,25
ILLUSTRATED,5,96.074661,25
,2,-1.0,45
,3,-1.0,45
,4,-1.0,14
Lon,5,96.647827,11
Milo,5,93.28199,11
DuQuette,5,92.469696,13
,4,-1.0,14
Christopher,5,92.554764,14
$.,5,49.956116,11
"Hyatt,",5,86.020462,12
,4,-1.0,12
Ulustrated,5,19.719498,12
by,5,96.987282,11
David,5,93.306076,11
P.,5,91.251808,11
,2,-1.0,594
,3,-1.0,594
,4,-1.0,594
 ,5,95.0,594
