text,level,conf,height
,1,-1.0,602
,2,-1.0,161
,3,-1.0,161
,4,-1.0,30
the,5,95.580482,30
,4,-1.0,29
fluoride,5,0.776588,29
,4,-1.0,37
deception,5,96.310524,37
,2,-1.0,262
,3,-1.0,262
,4,-1.0,262
 ,5,95.0,262
