text,level,conf,height
,1,-1.0,690
,2,-1.0,17
,3,-1.0,17
,4,-1.0,17
Covers,5,96.564514,14
Python,5,95.865135,17
3.7,5,89.086876,14
,2,-1.0,49
,3,-1.0,49
,4,-1.0,49
in,5,96.969948,38
Python,5,96.535255,49
,2,-1.0,21
,3,-1.0,21
,4,-1.0,21
David,5,93.306091,17
Kopec,5,91.477127,21
,2,-1.0,20
,3,-1.0,20
,4,-1.0,20
AMD,5,48.607464,20
vannine,5,0.0,10
,2,-1.0,690
,3,-1.0,690
,4,-1.0,690
 ,5,95.0,690
