text,level,conf,height
,1,-1.0,504
,2,-1.0,282
,3,-1.0,282
,4,-1.0,282
 ,5,95.0,282
,2,-1.0,52
,3,-1.0,52
,4,-1.0,52
SURFING,5,95.192818,47
THROUGH,5,95.976738,52
,2,-1.0,89
,3,-1.0,89
,4,-1.0,89
YPERSPACE,5,88.942291,89
,2,-1.0,35
,3,-1.0,35
,4,-1.0,35
CLIFFORD,5,88.36087,34
fl.,5,66.640854,21
PICKOVER,5,54.19598,21
