text,level,conf,height
,1,-1.0,388
,2,-1.0,28
,3,-1.0,28
,4,-1.0,10
Laws,5,96.205444,9
of,5,96.507591,10
Science,5,96.3311,10
and,5,95.334541,7
tne,5,90.088028,7
,4,-1.0,10
Great,5,96.506592,10
Minds,5,96.9207,10
Behind,5,95.826431,10
Them,5,94.644409,10
,2,-1.0,31
,3,-1.0,31
,4,-1.0,31
ARCHIMEDES,5,95.812515,31
,2,-1.0,193
,3,-1.0,193
,4,-1.0,193
  ,5,95.0,193
