text,level,conf,height
,1,-1.0,720
,2,-1.0,69
,3,-1.0,69
,4,-1.0,69
 ,5,95.0,69
,2,-1.0,130
,3,-1.0,130
,4,-1.0,45
Cognition,5,96.223587,45
,4,-1.0,45
and,5,96.020386,37
Multi-Agent,5,95.85881,45
,4,-1.0,37
Interaction,5,95.347427,37
,2,-1.0,45
,3,-1.0,45
,4,-1.0,25
FROM,5,96.708565,25
COGNITIVE,5,96.60891,17
MODELING,5,96.686974,17
,4,-1.0,21
TO,5,59.986725,34
SOCIAL,5,59.986725,21
SIMULATION,5,96.305588,19
,2,-1.0,106
,3,-1.0,106
,4,-1.0,106
 ,5,95.0,106
