text,level,conf,height
,1,-1.0,842
,2,-1.0,2
,3,-1.0,2
,4,-1.0,2
 ,5,95.0,2
,2,-1.0,569
,3,-1.0,569
,4,-1.0,569
 ,5,95.0,569
,2,-1.0,81
,3,-1.0,81
,4,-1.0,32
From,5,96.089363,32
Atlantis,5,86.084969,32
,4,-1.0,39
to,5,96.560417,30
the,5,96.533424,31
Sphinx,5,95.657654,39
,2,-1.0,19
,3,-1.0,19
,4,-1.0,19
Colin,5,96.107529,18
Wilson,5,96.859795,19
,2,-1.0,1
,3,-1.0,1
,4,-1.0,1
 ,5,95.0,1
,2,-1.0,588
,3,-1.0,588
,4,-1.0,588
 ,5,95.0,588
