text,level,conf,height
,1,-1.0,739
,2,-1.0,171
,3,-1.0,171
,4,-1.0,41
Concrete,5,96.211983,41
,4,-1.0,41
Construction,5,96.235344,41
,4,-1.0,55
Engineering,5,82.244041,55
,2,-1.0,594
,3,-1.0,594
,4,-1.0,594
    ,5,95.0,594
,2,-1.0,80
,3,-1.0,80
,4,-1.0,80
  ,5,95.0,80
,2,-1.0,56
,3,-1.0,56
,4,-1.0,56
we,5,28.024277,56
"CRC,",5,72.634331,27
Press,5,40.329979,27
-,5,0.0,24
,2,-1.0,71
,3,-1.0,71
,4,-1.0,71
 ,5,95.0,71
