text,level,conf,height
,1,-1.0,648
,2,-1.0,12
,3,-1.0,12
,4,-1.0,12
WILEY,5,78.501854,12
,2,-1.0,129
,3,-1.0,129
,4,-1.0,44
Bayesian,5,96.599274,42
Models,5,96.883804,35
,4,-1.0,35
for,5,97.014854,35
,4,-1.0,43
Categorical,5,96.806625,43
Data,5,96.98156,33
,2,-1.0,28
,3,-1.0,28
,4,-1.0,28
Peter,5,95.708618,22
Congdon,5,95.708618,28
,2,-1.0,10
,3,-1.0,10
,4,-1.0,10
WILEY,5,96.885162,28
SERIES,5,96.350838,10
IN,5,96.350838,10
PROBABILITY,5,96.794083,10
AND,5,95.827179,28
STATISTICS,5,84.46846,10
