text,level,conf,height
,1,-1.0,657
,2,-1.0,16
,3,-1.0,16
,4,-1.0,16
Third,5,96.902168,16
Edition,5,94.723465,16
,2,-1.0,611
,3,-1.0,611
,4,-1.0,611
 ,5,95.0,611
