text,level,conf,height
,1,-1.0,313
,2,-1.0,9
,3,-1.0,9
,4,-1.0,9
CT,5,24.756065,27
add,5,31.216354,9
,2,-1.0,66
,3,-1.0,66
,4,-1.0,39
android,5,96.138283,39
,4,-1.0,24
application,5,96.483582,24
development,5,96.32045,24
,2,-1.0,23
,3,-1.0,23
,4,-1.0,23
for,5,93.397263,11
Java,5,47.045479,35
rogrammers.,5,0.0,13
",",5,62.770687,7
,2,-1.0,9
,3,-1.0,9
,4,-1.0,9
by,5,57.856895,28
Aes,5,0.0,28
css,5,30.627274,7
,2,-1.0,186
,3,-1.0,186
,4,-1.0,186
 ,5,95.0,186
