text,level,conf,height
,1,-1.0,897
,2,-1.0,575
,3,-1.0,575
,4,-1.0,575
 ,5,95.0,575
,2,-1.0,27
,3,-1.0,27
,4,-1.0,14
CRC,5,95.662956,14
Press,5,96.873917,13
,4,-1.0,7
«,5,0.0,7
