text,level,conf,height
,1,-1.0,721
,2,-1.0,72
,3,-1.0,72
,4,-1.0,29
HARDWARE,5,88.597382,29
,4,-1.0,29
SECURITY,5,95.256836,29
,2,-1.0,52
,3,-1.0,52
,4,-1.0,21
"Design,",5,96.816719,21
"Threats,",5,96.486519,18
,4,-1.0,21
and,5,96.604996,16
Safeguards,5,71.48291,21
