text,level,conf,height
,1,-1.0,666
,2,-1.0,168
,3,-1.0,168
,4,-1.0,168
 ,5,95.0,168
,2,-1.0,278
,3,-1.0,278
,4,-1.0,278
  ,5,95.0,278
 ,5,95.0,68
,2,-1.0,146
,3,-1.0,130
,4,-1.0,79
Threats,5,0.0,62
a,5,79.25264,28
Modern,5,84.029861,76
4,5,26.885384,32
,4,-1.0,62
Relay,5,93.305847,60
P,5,92.274895,24
Protection,5,54.170204,57
cecse=,5,15.908318,28
