text,level,conf,height
,1,-1.0,868
,2,-1.0,272
,3,-1.0,272
,4,-1.0,91
Security,5,96.553795,79
and,5,96.850891,78
,4,-1.0,79
Privacy,5,96.243492,79
in,5,94.398277,64
,4,-1.0,93
Smart,5,78.834152,89
Grids,5,79.838593,66
,2,-1.0,598
,3,-1.0,598
,4,-1.0,598
   ,5,95.0,598
