text,level,conf,height
,1,-1.0,666
,2,-1.0,28
,3,-1.0,28
,4,-1.0,28
@,5,84.485222,28
,2,-1.0,15
,3,-1.0,15
,4,-1.0,15
€,5,90.144165,15
,2,-1.0,188
,3,-1.0,188
,4,-1.0,107
conova,5,23.413986,106
CLOUD,5,82.567184,62
,4,-1.0,63
COMPUTING,5,96.854645,63
,2,-1.0,19
,3,-1.0,19
,4,-1.0,19
K.,5,36.920761,19
CHANDRASEKARAN,5,90.835297,19
,2,-1.0,38
,3,-1.0,38
,4,-1.0,38
@),5,49.917164,38
RC,5,84.243988,10
Press,5,85.575874,10
,2,-1.0,20
,3,-1.0,20
,4,-1.0,20
 ,5,95.0,20
