text,level,conf,height
,1,-1.0,668
,2,-1.0,58
,3,-1.0,58
,4,-1.0,22
SOFT,5,94.848465,22
COMPUTING,5,94.848465,22
AND,5,96.293144,21
,4,-1.0,22
ITS,5,96.393242,22
APPLICATIONS,5,96.529053,22
,2,-1.0,16
,3,-1.0,16
,4,-1.0,16
Volume,5,95.707642,12
Il:,5,75.841873,11
Fuzzy,5,96.539421,12
Reasoning,5,96.580917,15
and,5,96.580917,12
Fuzzy,5,94.949593,15
Control,5,95.217056,12
,2,-1.0,16
,3,-1.0,16
,4,-1.0,16
 ,5,95.0,16
