text,level,conf,height
,1,-1.0,868
,2,-1.0,806
,3,-1.0,806
,4,-1.0,806
 ,5,95.0,806
,2,-1.0,18
,3,-1.0,18
,4,-1.0,18
Best,5,96.616089,14
Practices,5,96.430183,14
and,5,96.430183,14
Advances,5,96.828598,14
in,5,96.930809,10
Program,5,96.624626,17
Management,5,96.038834,17
Series,5,96.908188,15
