text,level,conf,height
,1,-1.0,648
,2,-1.0,142
,3,-1.0,142
,4,-1.0,30
Fundamentals,5,96.28714,30
of,5,96.548943,30
,4,-1.0,41
Database,5,96.644302,31
Indexing,5,96.567627,41
,4,-1.0,38
and,5,96.559685,28
Searching,5,96.559685,38
,2,-1.0,198
,3,-1.0,198
,4,-1.0,198
 ,5,95.0,198
,2,-1.0,24
,3,-1.0,24
,4,-1.0,24
Arnab,5,96.645432,18
Bhattacharya,5,96.92366,24
,2,-1.0,21
,3,-1.0,21
,4,-1.0,10
CRC,5,47.050636,10
Press,5,84.993011,10
,4,-1.0,7
Termes,5,0.0,7
