text,level,conf,height
,1,-1.0,698
,2,-1.0,42
,3,-1.0,42
,4,-1.0,42
cas,5,39.251701,38
DIESE,5,30.468987,37
,2,-1.0,682
,3,-1.0,682
,4,-1.0,682
   ,5,95.0,682
,2,-1.0,3
,3,-1.0,3
,4,-1.0,3
 ,5,95.0,3
,2,-1.0,88
,3,-1.0,88
,4,-1.0,88
 ,5,95.0,88
,2,-1.0,226
,3,-1.0,226
,4,-1.0,226
 ,5,95.0,226
