text,level,conf,height
,1,-1.0,500
,2,-1.0,73
,3,-1.0,73
,4,-1.0,33
SUREACE,5,91.353577,33
D,5,92.61306,52
,4,-1.0,33
*,5,85.181992,33
,2,-1.0,16
,3,-1.0,16
,4,-1.0,16
a,5,32.9832,16
THE,5,96.203384,12
NEW,5,96.29538,12
CULTURE,5,94.876312,12
NOVEL,5,95.562881,12
,2,-1.0,500
,3,-1.0,500
,4,-1.0,500
 ,5,95.0,500
