text,level,conf,height
,1,-1.0,500
,2,-1.0,129
,3,-1.0,129
,4,-1.0,112
THE,5,95.610352,99
HYDRGEEN,5,18.271248,105
SONATA,5,94.289902,75
i,5,25.456207,56
,4,-1.0,43
_,5,35.047943,2
SUETURE,5,47.882248,59
NOVEL,5,76.529755,26
,2,-1.0,167
,3,-1.0,167
,4,-1.0,167
   ,5,95.0,167
