text,level,conf,height
,1,-1.0,331
,2,-1.0,37
,3,-1.0,37
,4,-1.0,20
DAN,5,95.744461,20
BROWN,5,96.148689,20
,4,-1.0,13
|,5,13.719315,13
,2,-1.0,278
,3,-1.0,278
,4,-1.0,278
 ,5,95.0,278
,2,-1.0,7
,3,-1.0,7
,4,-1.0,7
THE,5,88.778587,7
#1,5,79.132965,7
WORLDWIDE,5,96.839668,7
BESTSELLER,5,96.569481,7
