text,level,conf,height
,1,-1.0,654
,2,-1.0,308
,3,-1.0,308
,4,-1.0,308
 ,5,95.0,308
,2,-1.0,303
,3,-1.0,303
,4,-1.0,76
WHO'S,5,90.09597,90
AFRAID,5,87.135216,132
OF,5,95.349342,75
,4,-1.0,77
S(HRODINGER’S,5,42.309082,91
,4,-1.0,109
=:,5,26.090408,134
,2,-1.0,312
,3,-1.0,312
,4,-1.0,312
 ,5,95.0,312
,2,-1.0,37
,3,-1.0,37
,4,-1.0,37
|,5,55.170273,27
with,5,96.150215,23
contributions,5,55.811195,22
by,5,74.262222,27
F,5,72.425598,22
David,5,72.425598,43
Peat,5,52.563942,43
