text,level,conf,height
,1,-1.0,648
,2,-1.0,261
,3,-1.0,261
,4,-1.0,261
 ,5,95.0,261
,2,-1.0,25
,3,-1.0,25
,4,-1.0,25
The,5,96.685539,21
Return,5,96.258514,21
of,5,93.284393,20
Quetzalcoatl,5,73.268967,25
,2,-1.0,12
,3,-1.0,12
,4,-1.0,12
‘uthor,5,42.852867,10
of,5,96.791275,28
Breaking,5,92.27227,12
Open,5,96.233932,11
the,5,96.233932,28
Head,5,94.673553,28
