text,level,conf,height
,1,-1.0,800
,2,-1.0,29
,3,-1.0,29
,4,-1.0,29
DATA,5,96.466812,29
SCIENCE,5,96.558434,29
,2,-1.0,45
,3,-1.0,45
,4,-1.0,16
JOHN,5,92.942192,16
D.,5,92.317749,16
KELLEHER,5,90.895348,16
,4,-1.0,17
AND,5,96.271751,17
BRENDAN,5,93.296211,17
TIERNEY,5,93.056145,17
,2,-1.0,468
,3,-1.0,468
,4,-1.0,468
 ,5,95.0,468
