text,level,conf,height
,1,-1.0,842
,2,-1.0,42
,3,-1.0,42
,4,-1.0,42
The,5,96.300209,41
Divine,5,96.245064,32
Cosmos,5,96.528145,30
,2,-1.0,40
,3,-1.0,40
,4,-1.0,40
by,5,96.944633,40
David,5,96.919014,27
Wilcock,5,65.961975,27
,2,-1.0,842
,3,-1.0,842
,4,-1.0,842
 ,5,95.0,842
