text,level,conf,height
,1,-1.0,842
,2,-1.0,37
,3,-1.0,37
,4,-1.0,37
ANTI-GRAVITY,5,86.979767,37
,2,-1.0,23
,3,-1.0,23
,4,-1.0,23
DAVID,5,96.55188,20
HATCHER,5,96.433067,21
CHILDRESS,5,96.414558,22
,2,-1.0,582
,3,-1.0,582
,4,-1.0,582
 ,5,95.0,582
