text,level,conf,height
,1,-1.0,636
,2,-1.0,1
,3,-1.0,1
,4,-1.0,1
 ,5,95.0,1
,2,-1.0,508
,3,-1.0,508
,4,-1.0,508
 ,5,95.0,508
,2,-1.0,16
,3,-1.0,16
,4,-1.0,16
to,5,93.95932,26
know,5,96.703979,26
to,5,96.979607,26
be,5,96.713135,26
truly,5,95.33522,26
free,5,96.172028,26
