text,level,conf,height
,1,-1.0,500
,2,-1.0,479
,3,-1.0,479
,4,-1.0,479
   ,5,95.0,479
,2,-1.0,70
,3,-1.0,70
,4,-1.0,22
;,5,11.752319,3
a,5,37.133018,6
wi,5,28.303574,22
,4,-1.0,18
AALMSLAYER,5,63.101028,18
AUDIO,5,96.710052,18
DRAMA,5,96.298203,17
,4,-1.0,24
BY,5,96.431503,22
DAVID,5,90.110367,17
GUYMER,5,23.342781,24
,2,-1.0,87
,3,-1.0,87
,4,-1.0,87
 ,5,95.0,19
 ,5,95.0,68
