text,level,conf,height
,1,-1.0,500
,2,-1.0,15
,3,-1.0,15
,4,-1.0,15
 ,5,95.0,15
,2,-1.0,12
,3,-1.0,12
,4,-1.0,12
Covers,5,94.346489,11
Swift,5,35.399239,12
41,5,35.399239,11
,2,-1.0,29
,3,-1.0,29
,4,-1.0,29
Classic,5,95.862213,29
,2,-1.0,15
,3,-1.0,15
,4,-1.0,15
David,5,93.303772,12
Kopec,5,83.082405,15
,2,-1.0,500
,3,-1.0,500
,4,-1.0,500
  ,5,95.0,500
