text,level,conf,height
,1,-1.0,652
,2,-1.0,542
,3,-1.0,542
,4,-1.0,542
 ,5,95.0,542
,2,-1.0,21
,3,-1.0,21
,4,-1.0,7
“This,5,44.811577,7
unofficial,5,16.350769,7
PDF.,5,38.580101,7
,4,-1.0,9
copy,5,53.997276,7
af,5,70.51152,7
the,5,69.186165,7
real,5,62.819057,7
book.,5,62.819057,7
Pe,5,69.511009,7
