text,level,conf,height
,1,-1.0,665
,2,-1.0,455
,3,-1.0,455
,4,-1.0,455
   ,5,95.0,455
 ,5,95.0,81
,2,-1.0,41
,3,-1.0,41
,4,-1.0,41
CONSCIOUS,5,69.312248,34
UNIVERSE,5,95.789299,30
,2,-1.0,12
,3,-1.0,12
,4,-1.0,12
TRUTH,5,94.966095,11
OF,5,92.610535,12
P,5,92.610535,12
