text,level,conf,height
,1,-1.0,666
,2,-1.0,129
,3,-1.0,94
,4,-1.0,37
DEEP,5,96.721458,37
,4,-1.0,74
LEARNING,5,95.428986,74
,2,-1.0,492
,3,-1.0,492
,4,-1.0,492
 ,5,95.0,492
