text,level,conf,height
,1,-1.0,666
,2,-1.0,183
,3,-1.0,183
,4,-1.0,183
  ,5,95.0,183
 ,5,95.0,57
,2,-1.0,60
,3,-1.0,60
,4,-1.0,60
with,5,96.303169,29
Python,5,95.813942,60
