text,level,conf,height
,1,-1.0,1258
,2,-1.0,62
,3,-1.0,62
,4,-1.0,62
Ssas,5,84.985794,62
,2,-1.0,190
,3,-1.0,190
,4,-1.0,93
Deep,5,96.915779,90
Learning,5,96.604881,93
,4,-1.0,97
for,5,95.652763,75
Computer,5,96.715439,91
Vision,5,95.261383,72
,2,-1.0,73
,3,-1.0,73
,4,-1.0,73
with,5,96.193161,73
SAS,5,96.689026,71
,2,-1.0,37
,3,-1.0,37
,4,-1.0,37
An,5,95.865616,34
Introduction,5,95.113335,37
,2,-1.0,37
,3,-1.0,37
,4,-1.0,37
Robert,5,96.762016,37
Blanchard,5,96.306145,37
