text,level,conf,height
,1,-1.0,738
,2,-1.0,25
,3,-1.0,25
,4,-1.0,25
Uday,5,96.528229,25
Kamath,5,93.269524,19
-,5,80.166725,3
John,5,96.753029,19
Liu,5,91.797188,19
-,5,84.471497,3
James,5,96.718765,19
Whitaker,5,96.605522,19
,2,-1.0,309
,3,-1.0,309
,4,-1.0,94
|,5,85.607666,94
Deep,5,96.659683,70
Learning,5,96.652206,70
,4,-1.0,57
for,5,94.514679,57
NLP,5,94.514679,54
,4,-1.0,71
and,5,96.398903,57
Speech,5,96.398903,71
,4,-1.0,70
Recognition,5,96.464554,70
