text,level,conf,height
,1,-1.0,720
,2,-1.0,222
,3,-1.0,222
,4,-1.0,222
 ,5,95.0,222
,2,-1.0,297
,3,-1.0,297
,4,-1.0,65
Deep,5,96.97541,65
,4,-1.0,55
Reinforcement,5,96.594955,55
,4,-1.0,68
Learning,5,96.355354,68
in,5,96.355354,52
,4,-1.0,68
Unity,5,96.769333,68
,2,-1.0,71
,3,-1.0,71
,4,-1.0,24
With,5,96.156189,18
Unity,5,96.156189,23
ML,5,96.462677,32
Toolkit,5,96.462677,19
,4,-1.0,23
Abhilash,5,92.264511,18
Majumder,5,96.598167,23
,2,-1.0,508
,3,-1.0,508
,4,-1.0,508
 ,5,95.0,508
