text,level,conf,height
,1,-1.0,550
,2,-1.0,212
,3,-1.0,212
,4,-1.0,212
 ,5,95.0,212
,2,-1.0,68
,3,-1.0,68
,4,-1.0,49
ecdyes,5,0.0,45
for,5,96.865471,17
the,5,92.694328,18
Enligh,5,87.834755,22
tenment,5,72.712944,43
,4,-1.0,22
of,5,95.982506,16
a,5,89.406235,13
Humanity,5,89.406235,21
in,5,96.401764,12
Transformation,5,96.329773,19
,2,-1.0,277
,3,-1.0,277
,4,-1.0,277
 ,5,95.0,277
