text,level,conf,height
,1,-1.0,842
,2,-1.0,66
,3,-1.0,66
,4,-1.0,22
Se,5,13.420448,22
,4,-1.0,33
DR.,5,96.635223,33
,2,-1.0,64
,3,-1.0,64
,4,-1.0,64
BLOODMONEY,5,92.251114,64
,2,-1.0,242
,3,-1.0,242
,4,-1.0,242
 ,5,95.0,242
,2,-1.0,59
,3,-1.0,59
,4,-1.0,24
Philip,5,93.031921,24
K.,5,93.031921,19
Dick,5,96.635857,19
,4,-1.0,22
|,5,0.629539,22
