text,level,conf,height
,1,-1.0,842
,2,-1.0,17
,3,-1.0,17
,4,-1.0,17
PHILIP,5,93.209984,16
K.,5,91.885406,16
DICK,5,96.944626,17
,2,-1.0,468
,3,-1.0,468
,4,-1.0,468
 ,5,95.0,468
