text,level,conf,height
,1,-1.0,612
,2,-1.0,40
,3,-1.0,40
,4,-1.0,12
"Disease,",5,96.592598,11
medicine,5,96.244072,9
and,5,96.971848,9
society,5,96.206825,11
in,5,96.708862,6
"England,",5,96.150642,12
,4,-1.0,8
1550-1860,5,96.348595,8
,4,-1.0,8
Second,5,54.71851,8
Eaition,5,62.079437,8
