text,level,conf,height
,1,-1.0,792
,2,-1.0,16
,3,-1.0,16
,4,-1.0,16
Psychedelic,5,96.700676,16
Drugs,5,96.933624,16
and,5,96.337746,12
the,5,96.337746,12
Awakening,5,96.931786,16
of,5,97.011314,12
Kundalini,5,95.758789,12
,2,-1.0,11
,3,-1.0,11
,4,-1.0,11
Donald,5,96.643867,9
J.,5,93.196838,9
"DeGracia,",5,23.041565,11
Ph.D.,5,95.9431,9
,2,-1.0,9
,3,-1.0,9
,4,-1.0,9
Copyright,5,67.134186,9
"1997,",5,51.0485,7
All,5,51.0485,7
ights,5,63.474434,9
reserved,5,94.267059,28
worldwide,5,74.317581,28
