text,level,conf,height
,1,-1.0,1200
,2,-1.0,76
,3,-1.0,76
,4,-1.0,76
DOUBLE,5,96.678726,75
TAP,5,96.735191,74
,2,-1.0,57
,3,-1.0,57
,4,-1.0,57
STEVE,5,94.960083,57
MARTINI,5,94.960083,55
,2,-1.0,31
,3,-1.0,31
,4,-1.0,31
JOVE,5,92.229912,25
"BOOKS,",5,95.404213,31
NEW,5,96.588531,24
YORK,5,96.19825,25
