text,level,conf,height
,1,-1.0,613
,2,-1.0,1
,3,-1.0,1
,4,-1.0,1
 ,5,95.0,1
,2,-1.0,228
,3,-1.0,228
,4,-1.0,228
 ,5,95.0,228
,2,-1.0,38
,3,-1.0,38
,4,-1.0,38
BEN,5,96.787743,29
JONSON,5,95.348572,38
,2,-1.0,94
,3,-1.0,94
,4,-1.0,56
‘Renaissance,5,95.502518,56
,4,-1.0,33
‘Dramatist,5,0.924942,33
,2,-1.0,15
,3,-1.0,15
,4,-1.0,15
io,5,21.180717,8
ele,5,26.467033,14
,2,-1.0,178
,3,-1.0,178
,4,-1.0,178
   ,5,95.0,178
,2,-1.0,18
,3,-1.0,18
,4,-1.0,18
SEAN,5,96.037415,18
McEvoy,5,96.372826,17
