text,level,conf,height
,1,-1.0,664
,2,-1.0,30
,3,-1.0,30
,4,-1.0,14
"Economics,",5,96.479591,13
the,5,96.479591,11
Environment,5,96.512627,12
and,5,96.955086,11
,4,-1.0,11
Our,5,90.649307,11
Common,5,95.41021,11
Wealth,5,96.511841,11
