text,level,conf,height
,1,-1.0,692
,2,-1.0,12
,3,-1.0,12
,4,-1.0,12
European,5,91.655518,11
Intellectual,5,89.29744,9
Property,5,96.834885,11
Law,5,90.69133,8
