text,level,conf,height
,1,-1.0,666
,2,-1.0,24
,3,-1.0,24
,4,-1.0,24
Hacking,5,96.579895,24
with,5,96.566818,19
Kali,5,96.566818,19
