text,level,conf,height
,1,-1.0,667
,2,-1.0,151
,3,-1.0,151
,4,-1.0,151
  ,5,95.0,151
   ,5,95.0,151
,2,-1.0,143
,3,-1.0,143
,4,-1.0,60
Object-Oriented,5,95.647499,60
,4,-1.0,57
_and,5,82.923943,52
Design,5,96.390327,55
fc,5,71.900299,65
,4,-1.0,44
Information,5,69.767899,44
$,5,53.566177,63
,2,-1.0,93
,3,-1.0,93
,4,-1.0,93
LE,5,40.720554,90
‘,5,25.099785,38
,2,-1.0,70
,3,-1.0,70
,4,-1.0,70
 ,5,95.0,70
