text,level,conf,height
,1,-1.0,379
,2,-1.0,7
,3,-1.0,7
,4,-1.0,7
 ,5,95.0,7
,2,-1.0,94
,3,-1.0,73
,4,-1.0,46
{,5,61.308403,46
The,5,97.007172,39
Elements,5,96.102333,37
,4,-1.0,50
”),5,26.143784,11
of,5,78.496475,29
MU,5,33.116394,50
,2,-1.0,295
,3,-1.0,295
,4,-1.0,295
 ,5,95.0,295
