text,level,conf,height
,1,-1.0,315
,2,-1.0,7
,3,-1.0,7
,4,-1.0,7
si,5,68.357574,7
eiTion,5,40.319786,7
,2,-1.0,245
,3,-1.0,245
,4,-1.0,171
   ,5,95.0,171
  ,5,95.0,65
,4,-1.0,74
 ,5,95.0,74
,2,-1.0,10
,3,-1.0,10
,4,-1.0,10
ENGINEERING,5,96.314949,10
MECHANICS,5,95.674683,10
,2,-1.0,27
,3,-1.0,27
,4,-1.0,27
STATICS,5,95.899368,27
