text,level,conf,height
,1,-1.0,315
,2,-1.0,7
,3,-1.0,7
,4,-1.0,7
St,5,53.561649,7
EDITION,5,67.446358,6
,2,-1.0,188
,3,-1.0,188
,4,-1.0,188
 ,5,95.0,188
,2,-1.0,16
,3,-1.0,16
,4,-1.0,16
ENGINEERING,5,0.0,16
MECHANICS,5,89.273743,11
,2,-1.0,76
,3,-1.0,76
,4,-1.0,26
DYNAMICS,5,96.151268,26
,4,-1.0,34
Seems,5,12.963242,34
,2,-1.0,50
,3,-1.0,50
,4,-1.0,50
Sate,5,6.52739,50
gi,5,35.098183,14
