text,level,conf,height
,1,-1.0,648
,2,-1.0,54
,3,-1.0,54
,4,-1.0,54
Nell-lale>,5,0.0,54
,2,-1.0,23
,3,-1.0,23
,4,-1.0,23
and,5,96.892113,23
the,5,96.889313,23
,2,-1.0,488
,3,-1.0,488
,4,-1.0,488
 ,5,95.0,488
