text,level,conf,height
,1,-1.0,927
,2,-1.0,103
,3,-1.0,103
,4,-1.0,27
Zhanwen,5,92.777046,27
Liu,5,96.857292,26
,4,-1.0,33
Liang,5,96.803123,33
Liu,5,96.864716,26
,4,-1.0,27
Editors,5,36.966446,27
,2,-1.0,96
,3,-1.0,96
,4,-1.0,96
Essentials,5,94.856407,96
i,5,59.545586,60
',5,0.0,9
,2,-1.0,212
,3,-1.0,212
,4,-1.0,212
  ,5,95.0,212
 ,5,95.0,56
,2,-1.0,47
,3,-1.0,47
,4,-1.0,47
g),5,4.148453,47
Springer,5,96.706169,30
