text,level,conf,height
,1,-1.0,536
,2,-1.0,15
,3,-1.0,15
,4,-1.0,15
Daniel,5,93.299507,15
Ashlock,5,92.992981,15
,2,-1.0,125
,3,-1.0,32
,4,-1.0,32
Evolutionary,5,95.626862,32
,3,-1.0,30
,4,-1.0,30
Computation,5,96.492508,30
,3,-1.0,63
,4,-1.0,38
for,5,96.360649,25
Modeling,5,96.005829,38
,4,-1.0,31
and,5,72.063705,24
Optimization,5,72.063705,30
,2,-1.0,285
,3,-1.0,285
,4,-1.0,285
   ,5,95.0,285
,2,-1.0,24
,3,-1.0,24
,4,-1.0,24
DSpringer,5,62.803959,24
