text,level,conf,height
,1,-1.0,492
,2,-1.0,89
,3,-1.0,89
,4,-1.0,24
The,5,96.639359,24
,4,-1.0,34
Hebraic,5,96.128792,26
Tongue,5,96.589584,34
,4,-1.0,26
Restored,5,96.444366,26
,2,-1.0,20
,3,-1.0,20
,4,-1.0,20
Fabre,5,93.032822,18
d,5,93.032822,18
Olivet,5,96.598145,19
,2,-1.0,89
,3,-1.0,89
,4,-1.0,89
®,5,58.071518,89
,2,-1.0,3
,3,-1.0,3
,4,-1.0,3
 ,5,95.0,3
