text,level,conf,height
,1,-1.0,659
,2,-1.0,95
,3,-1.0,95
,4,-1.0,39
RENAISSANCE,5,95.471634,39
,4,-1.0,39
LITERATURE,5,95.89241,39
,2,-1.0,23
,3,-1.0,23
,4,-1.0,23
JAMES,5,96.154373,22
WYATT,5,94.974167,16
COOK,5,94.974167,18
,2,-1.0,659
,3,-1.0,659
,4,-1.0,659
 ,5,95.0,659
