text,level,conf,height
,1,-1.0,360
,2,-1.0,9
,3,-1.0,9
,4,-1.0,9
EUROPEAN,5,85.613045,9
"Hi,",5,30.767525,27
NATIONS,5,94.012573,9
,2,-1.0,26
,3,-1.0,26
,4,-1.0,26
GREAT,5,95.334648,26
BRITAIN,5,95.334648,25
,2,-1.0,253
,3,-1.0,253
,4,-1.0,253
 ,5,95.0,253
