text,level,conf,height
,1,-1.0,860
,2,-1.0,136
,3,-1.0,136
,4,-1.0,51
Far,5,96.942673,48
from,5,96.08033,51
the,5,96.657204,51
,4,-1.0,68
Madding,5,92.033218,68
Crowd,5,96.320549,51
