text,level,conf,height
,1,-1.0,500
,2,-1.0,15
,3,-1.0,15
,4,-1.0,15
FARNHAM’S,5,68.926987,15
FREEHOLD,5,96.383904,15
,2,-1.0,79
,3,-1.0,86
,4,-1.0,23
ROBERT,5,95.609581,23
A.,5,74.002579,23
HEINLEIN,5,96.629036,23
Ee,5,0.0,3
,4,-1.0,35
Qe,5,33.775757,35
,2,-1.0,25
,3,-1.0,25
,4,-1.0,25
 ,5,95.0,25
,2,-1.0,127
,3,-1.0,127
,4,-1.0,127
  ,5,95.0,127
,2,-1.0,203
,3,-1.0,203
,4,-1.0,203
  ,5,95.0,203
