text,level,conf,height
,1,-1.0,556
,2,-1.0,15
,3,-1.0,15
,4,-1.0,15
THE,5,96.009148,15
,2,-1.0,74
,3,-1.0,74
,4,-1.0,74
Feynman,5,96.197639,74
,2,-1.0,15
,3,-1.0,15
,4,-1.0,15
LECTURES,5,96.544334,15
ON,5,96.449654,15
PHYSICS,5,96.185875,15
,2,-1.0,8
,3,-1.0,8
,4,-1.0,8
The,5,95.031647,8
NEW,5,96.81826,8
MILLENNIUM,5,96.864128,8
Ed,5,65.00666,8
