text,level,conf,height
,1,-1.0,556
,2,-1.0,81
,3,-1.0,81
,4,-1.0,81
Feynman,5,96.493683,81
,2,-1.0,15
,3,-1.0,15
,4,-1.0,15
LECTURES,5,96.52549,15
ON,5,95.743591,15
PHYSICS,5,96.441582,15
