text,level,conf,height
,1,-1.0,666
,2,-1.0,666
,3,-1.0,666
,4,-1.0,390
    ,5,95.0,390
,4,-1.0,276
 ,5,95.0,276
,2,-1.0,39
,3,-1.0,39
,4,-1.0,16
WORKFLOWS,5,96.81118,15
AND,5,96.643959,14
TECHNIQUES,5,96.305603,16
,4,-1.0,15
FOR,5,97.009529,15
DIGITAL,5,96.778603,15
FILMMAKERS,5,95.648331,15
