text,level,conf,height
,1,-1.0,500
,2,-1.0,4
,3,-1.0,4
,4,-1.0,4
 ,5,95.0,4
,2,-1.0,31
,3,-1.0,31
,4,-1.0,31
"EUEISGEELS,",5,49.052258,31
,2,-1.0,53
,3,-1.0,53
,4,-1.0,27
ENGINES,5,96.348816,27
,4,-1.0,17
AND,5,96.505173,17
,2,-1.0,32
,3,-1.0,32
,4,-1.0,32
HYDROGEN,5,96.650848,32
,2,-1.0,12
,3,-1.0,12
,4,-1.0,12
AN,5,94.161041,12
EXERGY,5,94.161041,12
APPROACH,5,95.671059,12
,2,-1.0,407
,3,-1.0,407
,4,-1.0,407
 ,5,95.0,407
,2,-1.0,179
,3,-1.0,179
,4,-1.0,179
 ,5,95.0,179
