text,level,conf,height
,1,-1.0,640
,2,-1.0,100
,3,-1.0,100
,4,-1.0,100
Evowution,5,0.0,100
,2,-1.0,46
,3,-1.0,46
,4,-1.0,18
COSMIC,5,96.433952,18
,4,-1.0,18
BIOLOGICAL,5,96.488441,18
,2,-1.0,352
,3,-1.0,352
,4,-1.0,53
 ,5,95.0,25
 ,5,95.0,28
,4,-1.0,327
  ,5,95.0,327
