text,level,conf,height
,1,-1.0,842
,2,-1.0,350
,3,-1.0,350
,4,-1.0,350
 ,5,95.0,350
,2,-1.0,27
,3,-1.0,27
,4,-1.0,27
Hluminati,5,45.795242,27
Bloodlines,5,96.582512,27
