text,level,conf,height
,1,-1.0,674
,2,-1.0,118
,3,-1.0,118
,4,-1.0,42
FUNDAMENTALS,5,95.972755,42
,4,-1.0,26
Ge,5,20.346016,61
Oe,5,12.351257,61
ee,5,27.750641,61
,4,-1.0,41
NEURAL,5,96.5224,40
NETWORKS,5,96.155495,40
,2,-1.0,33
,3,-1.0,33
,4,-1.0,15
"ARCHITECTURES,",5,95.953903,13
"ALGORITHMS,",5,95.885376,14
,4,-1.0,13
AND,5,95.720795,12
APPLICATIONS,5,95.416679,12
,2,-1.0,24
,3,-1.0,24
,4,-1.0,24
Laurene,5,91.909172,23
Fausett,5,91.902985,23
