text,level,conf,height
,1,-1.0,662
,2,-1.0,26
,3,-1.0,26
,4,-1.0,26
 ,5,95.0,26
,2,-1.0,38
,3,-1.0,38
,4,-1.0,16
FUZZY,5,96.016037,15
CONTROL,5,95.927666,16
SYSTEMS,5,96.728577,15
,4,-1.0,16
DESIGN,5,96.860741,16
AND,5,95.940781,15
ANALYSIS,5,89.438606,15
,2,-1.0,6
,3,-1.0,6
,4,-1.0,6
 ,5,95.0,6
