text,level,conf,height
,1,-1.0,666
,2,-1.0,92
,3,-1.0,92
,4,-1.0,28
Renaissance,5,93.294495,28
&,5,93.24588,27
,4,-1.0,28
Reformation,5,96.831161,28
,4,-1.0,24
Almanac,5,96.733063,24
