text,level,conf,height
,1,-1.0,500
,2,-1.0,324
,3,-1.0,324
,4,-1.0,324
 ,5,95.0,324
,2,-1.0,135
,3,-1.0,135
,4,-1.0,44
pal,5,56.968544,44
MONET,5,10.234291,44
,4,-1.0,80
THE,5,92.991554,79
WARMASTER,5,91.661964,80
