text,level,conf,height
,1,-1.0,615
,2,-1.0,466
,3,-1.0,466
,4,-1.0,466
   ,5,95.0,466
,2,-1.0,125
,3,-1.0,125
,4,-1.0,125
THE,5,96.508148,111
KEYS”,5,46.720192,125
,2,-1.0,16
,3,-1.0,16
,4,-1.0,16
GAV,5,90.762764,16
THORPE,5,96.654167,16
,2,-1.0,16
,3,-1.0,16
,4,-1.0,16
A,5,94.704582,15
DARK,5,93.124374,16
ANCELS,5,84.494865,16
AUDIO,5,96.153633,16
DRAMA,5,96.217728,16
