text,level,conf,height
,1,-1.0,707
,2,-1.0,56
,3,-1.0,56
,4,-1.0,56
CRACKING,5,96.941635,84
,2,-1.0,31
,3,-1.0,31
,4,-1.0,31
HD,5,31.342331,31
,2,-1.0,108
,3,-1.0,108
,4,-1.0,108
CODING,5,96.930794,76
INTERVIEW,5,96.866737,108
,2,-1.0,707
,3,-1.0,707
,4,-1.0,707
  ,5,95.0,707
