text,level,conf,height
,1,-1.0,500
,2,-1.0,394
,3,-1.0,394
,4,-1.0,394
 ,5,95.0,394
,2,-1.0,41
,3,-1.0,41
,4,-1.0,41
AMORA,5,96.698753,41
,2,-1.0,24
,3,-1.0,24
,4,-1.0,24
Scott,5,83.743454,24
LYNCH,5,86.544327,22
