text,level,conf,height
,1,-1.0,666
,2,-1.0,41
,3,-1.0,41
,4,-1.0,41
GREEN,5,96.731339,41
,2,-1.0,13
,3,-1.0,13
,4,-1.0,13
NANOTECHNOLOGY,5,95.661728,13
,2,-1.0,28
,3,-1.0,28
,4,-1.0,12
Solutions,5,96.792587,10
for,5,96.914505,9
Sustainability,5,90.339012,12
and,5,94.440437,10
,4,-1.0,13
Energy,5,96.768013,12
in,5,96.773834,9
the,5,96.773834,10
Built,5,96.747154,10
Environment,5,85.656876,9
