text,level,conf,height
,1,-1.0,792
,2,-1.0,9
,3,-1.0,9
,4,-1.0,9
THE,5,95.339111,9
SCIENCE,5,96.419151,9
OF,5,96.419151,9
THE,5,95.543083,9
SOUL,5,77.722511,9
