text,level,conf,height
,1,-1.0,842
,2,-1.0,43
,3,-1.0,43
,4,-1.0,43
A,5,96.81163,32
Peripheral,5,96.341331,43
Affair,5,96.830185,33
,2,-1.0,43
,3,-1.0,43
,4,-1.0,43
George,5,93.298004,42
R.,5,90.995071,32
R.,5,90.457947,32
Martin,5,96.189713,33
,2,-1.0,46
,3,-1.0,46
,4,-1.0,46
 ,5,95.0,46
