text,level,conf,height
,1,-1.0,842
,2,-1.0,43
,3,-1.0,43
,4,-1.0,43
The,5,93.301529,34
Pear-Shaped,5,91.697571,43
Man,5,96.653084,32
,2,-1.0,44
,3,-1.0,44
,4,-1.0,44
George,5,93.288612,43
R.,5,91.521065,33
R.,5,90.381454,33
Martin,5,96.766365,34
,2,-1.0,1
,3,-1.0,1
,4,-1.0,1
 ,5,95.0,1
,2,-1.0,47
,3,-1.0,47
,4,-1.0,47
 ,5,95.0,47
,2,-1.0,2
,3,-1.0,2
,4,-1.0,2
 ,5,95.0,2
