text,level,conf,height
,1,-1.0,461
,2,-1.0,123
,3,-1.0,123
,4,-1.0,8
Hy,5,0.0,8
,4,-1.0,123
~S,5,0.0,70
OS,5,55.356667,44
,2,-1.0,392
,3,-1.0,392
,4,-1.0,392
SA,5,11.185608,392
,2,-1.0,309
,3,-1.0,101
,4,-1.0,101
7,5,0.0,18
<a,5,0.0,53
,3,-1.0,309
,4,-1.0,309
eo,5,39.044209,111
=,5,92.825142,26
,4,-1.0,309
3?,5,43.250664,14
—BYOZ,5,0.0,85
=,5,93.265984,29
,4,-1.0,309
Eras,5,28.710228,123
=,5,21.854874,33
,2,-1.0,392
,3,-1.0,392
,4,-1.0,392
II,5,5.676125,392
