text,level,conf,height
,1,-1.0,792
,2,-1.0,2
,3,-1.0,2
,4,-1.0,2
 ,5,95.0,2
,2,-1.0,142
,3,-1.0,142
,4,-1.0,142
 ,5,95.0,142
,2,-1.0,26
,3,-1.0,26
,4,-1.0,26
GODFRE,5,90.728889,26
,2,-1.0,22
,3,-1.0,22
,4,-1.0,22
 ,5,95.0,22
,2,-1.0,26
,3,-1.0,26
,4,-1.0,26
AY,5,90.760956,24
IKIING,5,0.0,26
