text,level,conf,height
,1,-1.0,381
,2,-1.0,32
,3,-1.0,32
,4,-1.0,12
DAILY,5,96.90715,12
LIFE,5,96.552208,12
OF,5,96.54985,12
THE,5,95.733704,12
,4,-1.0,12
ANCIENT,5,95.644173,12
EGYPTIANS,5,85.803207,12
,2,-1.0,8
,3,-1.0,8
,4,-1.0,8
Second,5,80.233253,8
Editon,5,80.233253,8
,2,-1.0,10
,3,-1.0,10
,4,-1.0,10
Bob,5,58.989319,8
"Brier,",5,95.797226,8
Hoyt,5,96.672668,9
Hobbs,5,83.17141,8
,2,-1.0,14
,3,-1.0,14
,4,-1.0,14
Greenwood,5,90.193863,20
