text,level,conf,height
,1,-1.0,594
,2,-1.0,223
,3,-1.0,223
,4,-1.0,52
DONT,5,95.420815,52
,4,-1.0,52
G0,5,86.168938,52
BACK,5,88.337189,52
,4,-1.0,80
use,5,26.256165,80
,2,-1.0,57
,3,-1.0,57
,4,-1.0,57
ins,5,57.998978,57
,2,-1.0,145
,3,-1.0,145
,4,-1.0,145
   ,5,95.0,145
,2,-1.0,35
,3,-1.0,35
,4,-1.0,35
KIO,5,79.725945,35
STARK,5,96.640022,35
