text,level,conf,height
,1,-1.0,671
,2,-1.0,277
,3,-1.0,277
,4,-1.0,99
:,5,0.0,6
sayin,5,14.244301,99
,4,-1.0,160
Lost,5,70.13826,141
Node,5,0.0,160
,4,-1.0,102
PRAVER,5,90.287827,102
,2,-1.0,194
,3,-1.0,194
,4,-1.0,194
 ,5,95.0,194
