text,level,conf,height
,1,-1.0,254
,2,-1.0,12
,3,-1.0,12
,4,-1.0,12
 ,5,95.0,12
,2,-1.0,8
,3,-1.0,8
,4,-1.0,8
OF,5,83.211403,8
PRAYER,5,87.644264,8
ANO,5,77.371582,8
PROPHECY,5,40.354355,8
,2,-1.0,19
,3,-1.0,19
,4,-1.0,19
 ,5,95.0,19
