text,level,conf,height
,1,-1.0,666
,2,-1.0,35
,3,-1.0,35
,4,-1.0,35
Deep,5,93.255714,34
Reinforcemens,5,51.506126,27
,2,-1.0,35
,3,-1.0,35
,4,-1.0,35
Learning,5,96.385025,35
,2,-1.0,566
,3,-1.0,566
,4,-1.0,566
    ,5,95.0,566
,2,-1.0,14
,3,-1.0,14
,4,-1.0,14
Miguel,5,86.343918,14
Morales,5,91.715935,10
