text,level,conf,height
,1,-1.0,500
,2,-1.0,117
,3,-1.0,117
,4,-1.0,117
FRENDS,5,0.0,117
,2,-1.0,46
,3,-1.0,46
,4,-1.0,46
Guy,5,95.05011,28
‘ALEY,5,35.231865,40
,2,-1.0,492
,3,-1.0,492
,4,-1.0,492
 ,5,95.0,492
