text,level,conf,height
,1,-1.0,666
,2,-1.0,92
,3,-1.0,92
,4,-1.0,27
Hands-On,5,96.030067,27
,4,-1.0,56
Deep,5,96.562592,50
Learning,5,96.212204,56
,2,-1.0,109
,3,-1.0,109
,4,-1.0,56
for,5,96.697311,43
Images,5,96.67968,51
with,5,96.268707,45
,4,-1.0,42
TensorFlow,5,89.623466,42
,2,-1.0,374
,3,-1.0,374
,4,-1.0,374
 ,5,95.0,374
,2,-1.0,13
,3,-1.0,13
,4,-1.0,13
By,5,96.348396,12
Will,5,96.085335,10
Ballard,5,89.813728,10
