text,level,conf,height
,1,-1.0,1222
,2,-1.0,55
,3,-1.0,55
,4,-1.0,55
Handbook,5,96.108498,55
of,5,96.433525,55
,2,-1.0,66
,3,-1.0,66
,4,-1.0,66
Neurosurgery,5,96.445419,66
,2,-1.0,290
,3,-1.0,290
,4,-1.0,290
 ,5,95.0,290
,2,-1.0,56
,3,-1.0,56
,4,-1.0,22
Eighth,5,97.001869,22
Edition,5,96.551964,22
,4,-1.0,49
Mark,5,93.283043,28
S.,5,92.848846,26
Greenberg,5,96.430428,37
2,5,11.098854,21
,2,-1.0,57
,3,-1.0,57
,4,-1.0,57
@,5,34.257065,57
Thieme,5,96.612106,38
