text,level,conf,height
,1,-1.0,598
,2,-1.0,87
,3,-1.0,87
,4,-1.0,23
HANDBOOK,5,96.096474,23
OF,5,96.276886,23
,4,-1.0,23
CIVIL,5,96.072701,23
ENGINEERING,5,95.95845,23
,4,-1.0,23
CALCULATIONS,5,95.944458,23
,2,-1.0,2
,3,-1.0,2
,4,-1.0,2
 ,5,95.0,2
,2,-1.0,16
,3,-1.0,16
,4,-1.0,16
Tyler,5,93.246597,16
G.,5,91.376984,13
"Hicks,",5,93.283417,14
"PE.,",5,87.882896,15
eator,5,35.538742,8
,2,-1.0,46
,3,-1.0,46
,4,-1.0,46
 ,5,95.0,46
,2,-1.0,54
,3,-1.0,54
,4,-1.0,54
 ,5,95.0,54
