text,level,conf,height
,1,-1.0,860
,2,-1.0,89
,3,-1.0,89
,4,-1.0,89
Happy,5,96.150749,89
Days,5,96.482361,89
