text,level,conf,height
,1,-1.0,792
,2,-1.0,142
,3,-1.0,142
,4,-1.0,47
SERVING,5,96.486649,47
,4,-1.0,48
VICTORIA,5,96.681435,48
,2,-1.0,32
,3,-1.0,32
,4,-1.0,32
Life,5,95.411774,32
in,5,94.779274,23
the,5,96.520866,23
Royal,5,95.870338,31
Household,5,95.856316,24
,2,-1.0,446
,3,-1.0,446
,4,-1.0,446
 ,5,95.0,446
,2,-1.0,20
,3,-1.0,20
,4,-1.0,20
KATE,5,96.462364,20
HUBBARD,5,94.957924,20
