text,level,conf,height
,1,-1.0,792
,2,-1.0,37
,3,-1.0,37
,4,-1.0,37
M,5,92.830307,37
|,5,93.579674,37
CH,5,43.172165,37
BEBESR,5,0.0,37
gies,5,0.0,37
,2,-1.0,71
,3,-1.0,71
,4,-1.0,71
RADICAL,5,96.050835,71
,2,-1.0,36
,3,-1.0,36
,4,-1.0,36
Fighting,5,96.694351,35
to,5,96.909348,22
Put,5,96.398918,35
Students,5,96.405624,36
First,5,96.240829,23
,2,-1.0,566
,3,-1.0,566
,4,-1.0,566
   ,5,95.0,566
