text,level,conf,height
,1,-1.0,601
,2,-1.0,440
,3,-1.0,440
,4,-1.0,440
   ,5,95.0,440
,2,-1.0,68
,3,-1.0,68
,4,-1.0,68
Empires,5,95.785614,67
of,5,96.954994,30
hlags,5,0.0,62
ia,5,80.476227,16
,2,-1.0,24
,3,-1.0,24
,4,-1.0,24
Renaissance,5,96.457542,17
Historical,5,96.510429,18
Thought,5,96.730309,24
,2,-1.0,9
,3,-1.0,9
,4,-1.0,9
MARGARET,5,93.298126,9
MESERVE,5,92.458138,9
