text,level,conf,height
,1,-1.0,500
,2,-1.0,85
,3,-1.0,85
,4,-1.0,32
ROBERT,5,0.0,31
Ay,5,0.0,32
,4,-1.0,42
HEINLEI,5,0.0,42
Re,5,0.0,75
,2,-1.0,162
,3,-1.0,162
,4,-1.0,162
  ,5,95.0,162
,2,-1.0,85
,3,-1.0,85
,4,-1.0,40
TH,5,94.492104,40
E,5,73.163788,32
STA,5,95.989731,31
a,5,46.902714,10
,4,-1.0,32
BEAST,5,94.989578,32
,2,-1.0,96
,3,-1.0,96
,4,-1.0,96
 ,5,95.0,96
