text,level,conf,height
,1,-1.0,500
,2,-1.0,15
,3,-1.0,15
,4,-1.0,15
»_,5,10.915413,6
cao”,5,26.171173,7
BARRETT,5,60.321041,29
WRITENER,5,50.458916,29
,2,-1.0,480
,3,-1.0,480
,4,-1.0,480
 ,5,95.0,480
