text,level,conf,height
,1,-1.0,932
,2,-1.0,143
,3,-1.0,143
,4,-1.0,66
QUANTUM,5,95.9925,66
,4,-1.0,74
IMPLICATIONS,5,42.262863,74
,2,-1.0,57
,3,-1.0,57
,4,-1.0,30
Essays,5,95.957359,29
in,5,95.957359,22
Honour,5,96.551582,22
of,5,96.465172,30
David,5,96.465172,23
Bohm,5,30.949333,23
,4,-1.0,20
Raedey,5,0.0,20
B.).,5,0.0,19
Hiley,5,91.523445,20
and,5,61.519756,15
Pogpmepedt,5,0.0,15
,2,-1.0,53
,3,-1.0,53
,4,-1.0,53
a,5,49.112339,53
,2,-1.0,932
,3,-1.0,932
,4,-1.0,932
 ,5,95.0,932
