text,level,conf,height
,1,-1.0,500
,2,-1.0,23
,3,-1.0,23
,4,-1.0,23
THE,5,96.755089,19
DREAM,5,90.502602,23
DRUGSTORE,5,90.502602,23
,2,-1.0,16
,3,-1.0,16
,4,-1.0,16
Chemically,5,95.257256,15
Altered,5,90.320152,13
States,5,90.787743,11
of,5,96.954758,13
Consciousness,5,95.605148,12
,2,-1.0,15
,3,-1.0,15
,4,-1.0,15
J.,5,92.496956,14
Allon,5,77.763031,15
Hobson,5,91.117439,15
,2,-1.0,484
,3,-1.0,484
,4,-1.0,484
 ,5,95.0,484
