text,level,conf,height
,1,-1.0,500
,2,-1.0,71
,3,-1.0,71
,4,-1.0,29
Yuval,5,96.350548,29
Noah,5,96.337318,29
,4,-1.0,26
Harari,5,96.459854,26
,2,-1.0,24
,3,-1.0,24
,4,-1.0,24
a,5,46.904678,24
,2,-1.0,169
,3,-1.0,169
,4,-1.0,83
Homo,5,96.824547,83
,4,-1.0,66
Deus,5,96.605103,66
,2,-1.0,65
,3,-1.0,65
,4,-1.0,33
A,5,96.878212,22
Brief,5,96.398857,25
History,5,96.918518,30
,4,-1.0,25
of,5,96.811874,25
Tomorrow,5,96.439301,24
,2,-1.0,7
,3,-1.0,7
,4,-1.0,7
UNABRIDGED,5,88.868782,7
