text,level,conf,height
,1,-1.0,435
,2,-1.0,371
,3,-1.0,371
,4,-1.0,371
   ,5,95.0,371
,2,-1.0,36
,3,-1.0,36
,4,-1.0,14
h',5,0.0,14
,4,-1.0,21
The,5,96.308678,18
Natural,5,30.29454,18
Order,5,7.767014,19
af,5,7.767014,19
frsitectie,5,35.912239,21
,2,-1.0,53
,3,-1.0,53
,4,-1.0,53
 ,5,95.0,53
