text,level,conf,height
,1,-1.0,738
,2,-1.0,30
,3,-1.0,30
,4,-1.0,30
Springer,5,96.624603,29
Protocols,5,96.630516,24
,2,-1.0,196
,3,-1.0,196
,4,-1.0,196
 ,5,95.0,196
,2,-1.0,249
,3,-1.0,249
,4,-1.0,88
Data,5,96.641037,69
Mining,5,96.82235,88
,4,-1.0,70
in,5,96.949768,66
Clinical,5,96.354134,70
,4,-1.0,70
Medicine,5,96.824265,70
,2,-1.0,468
,3,-1.0,468
,4,-1.0,468
 ,5,95.0,468
,2,-1.0,1
,3,-1.0,1
,4,-1.0,1
 ,5,95.0,1
