text,level,conf,height
,1,-1.0,528
,2,-1.0,11
,3,-1.0,11
,4,-1.0,11
TOR,5,95.014671,11
BOOKS,5,76.405525,11
BY,5,92.154465,11
PHILIP,5,92.936287,11
H.,5,60.132214,10
DICK,5,96.138176,10
,2,-1.0,26
,3,-1.0,26
,4,-1.0,12
Voices,5,71.136795,12
from,5,71.136795,28
the,5,82.596115,28
Seret,5,56.57299,12
,4,-1.0,11
Humpty,5,73.028763,28
Dumpty,5,91.633453,28
in,5,75.23011,28
Oabland,5,47.888813,11
