text,level,conf,height
,1,-1.0,274
,2,-1.0,46
,3,-1.0,46
,4,-1.0,15
DAN,5,96.269302,15
,4,-1.0,26
SIMMONS,5,96.515327,26
,2,-1.0,123
,3,-1.0,123
,4,-1.0,123
sil,5,30.756668,123
,2,-1.0,53
,3,-1.0,53
,4,-1.0,53
HYPERION,5,14.899887,53
