text,level,conf,height
,1,-1.0,383
,2,-1.0,131
,3,-1.0,131
,4,-1.0,131
 ,5,95.0,131
,2,-1.0,28
,3,-1.0,28
,4,-1.0,28
Galen,5,95.975189,28
,2,-1.0,34
,3,-1.0,34
,4,-1.0,12
On,5,93.992508,12
Diseases,5,96.228981,12
,4,-1.0,16
and,5,92.632591,12
Symptoms,5,94.40168,15
,2,-1.0,26
,3,-1.0,26
,4,-1.0,26
 ,5,95.0,26
,2,-1.0,11
,3,-1.0,11
,4,-1.0,11
wowcambridge.org/,5,0.0,28
9780521865883,5,0.0,28
