text,level,conf,height
,1,-1.0,644
,2,-1.0,31
,3,-1.0,31
,4,-1.0,31
iS,5,35.747765,31
taal,5,20.597961,49
URE,5,54.410301,30
,2,-1.0,163
,3,-1.0,163
,4,-1.0,163
Bo-3,5,0.0,163
,2,-1.0,16
,3,-1.0,16
,4,-1.0,16
leben,5,26.23317,15
)PapeleG,5,0.0,16
O°G,5,75.762329,28
IN,5,23.907104,28
E,5,71.4076,28
