text,level,conf,height
,1,-1.0,620
,2,-1.0,379
,3,-1.0,379
,4,-1.0,379
 ,5,95.0,379
,2,-1.0,104
,3,-1.0,99
,4,-1.0,27
@,5,52.158985,11
Ne,5,8.66893,15
f,5,0.0,6
,4,-1.0,98
3,5,34.519791,37
ead,5,28.114532,98
(3),5,42.13409,55
,4,-1.0,40
a,5,31.656387,40
S,5,33.569221,5
coe),5,10.756264,22
|,5,77.742188,8
"6""",5,31.613632,29
