text,level,conf,height
,1,-1.0,668
,2,-1.0,668
,3,-1.0,668
,4,-1.0,668
 ,5,95.0,668
,2,-1.0,70
,3,-1.0,70
,4,-1.0,36
Dewey,5,93.282646,34
H.,5,88.223465,27
Hodges,5,96.9804,36
,4,-1.0,30
G.,5,72.702057,28
Alvin,5,93.38385,30
Pierce,5,96.818024,27
,2,-1.0,31
,3,-1.0,31
,4,-1.0,31
CAMBRIDGE,5,96.427078,30
AEROSPACE,5,96.821259,21
SERIES,5,96.972511,21
