text,level,conf,height
,1,-1.0,666
,2,-1.0,104
,3,-1.0,82
,4,-1.0,38
iOS,5,95.577484,30
15,5,96.886642,28
Programming,5,96.404945,38
,4,-1.0,63
for,5,96.555931,56
Beginners,5,95.970688,63
,2,-1.0,29
,3,-1.0,29
,4,-1.0,29
Sixth,5,96.608467,29
Edition,5,96.988174,15
,2,-1.0,38
,3,-1.0,38
,4,-1.0,38
2,5,87.61348,38
,2,-1.0,574
,3,-1.0,574
,4,-1.0,574
=,5,92.80761,574
,2,-1.0,1
,3,-1.0,1
,4,-1.0,1
 ,5,95.0,1
,2,-1.0,343
,3,-1.0,343
,4,-1.0,343
 ,5,95.0,343
