text,level,conf,height
,1,-1.0,500
,2,-1.0,70
,3,-1.0,70
,4,-1.0,33
COMPLETE,5,96.323845,33
,4,-1.0,33
STORIES,5,96.172783,33
,2,-1.0,492
,3,-1.0,492
,4,-1.0,492
 ,5,95.0,492
