text,level,conf,height
,1,-1.0,281
,2,-1.0,44
,3,-1.0,44
,4,-1.0,15
ITZHAK,5,92.920898,14
BENJOV,5,72.101425,15
,4,-1.0,26
‘STAIK,5,8.089432,26
,2,-1.0,95
,3,-1.0,95
,4,-1.0,70
UHM,5,0.0,26
vio,5,29.727928,70
,4,-1.0,54
BENT,5,63.078171,51
JUN,5,29.114845,54
