text,level,conf,height
,1,-1.0,663
,2,-1.0,1
,3,-1.0,1
,4,-1.0,1
 ,5,95.0,1
,2,-1.0,137
,3,-1.0,137
,4,-1.0,90
MATRI,5,91.746826,90
,4,-1.0,58
ANALYSIS,5,96.577278,58
,2,-1.0,59
,3,-1.0,59
,4,-1.0,59
“Mille,5,11.372154,36
Me,5,47.891304,58
MEMS,5,5.134583,59
,2,-1.0,217
,3,-1.0,217
,4,-1.0,217
  ,5,95.0,217
,2,-1.0,163
,3,-1.0,163
,4,-1.0,163
 ,5,95.0,163
