text,level,conf,height
,1,-1.0,768
,2,-1.0,169
,3,-1.0,139
,4,-1.0,80
PASSPORT,5,94.489777,67
TO,5,92.182068,77
MAGONIA’,5,0.0,77
,4,-1.0,50
bp,5,41.257088,49
"UFOs,",5,96.686104,26
"Folklore,",5,96.572105,28
And,5,96.670074,24
Parallel,5,96.166885,24
Worlds,5,96.107307,24
,4,-1.0,71
.,5,68.1213,2
alACQUES,5,24.458092,71
VALLEE,5,91.629898,24
,2,-1.0,680
,3,-1.0,680
,4,-1.0,680
 ,5,95.0,680
