text,level,conf,height
,1,-1.0,648
,2,-1.0,415
,3,-1.0,415
,4,-1.0,200
  ,5,95.0,200
,4,-1.0,215
 ,5,95.0,215
,2,-1.0,154
,3,-1.0,154
,4,-1.0,154
7.,5,4.81929,154
,2,-1.0,37
,3,-1.0,37
,4,-1.0,37
"ZEN-BRAIN,",5,81.404831,37
,2,-1.0,29
,3,-1.0,29
,4,-1.0,29
James,5,93.129074,28
H.,5,72.111343,21
"Austin,",5,96.961662,27
M.D.,5,95.602509,21
