text,level,conf,height
,1,-1.0,874
,2,-1.0,1
,3,-1.0,1
,4,-1.0,1
 ,5,95.0,1
,2,-1.0,874
,3,-1.0,874
,4,-1.0,874
 ,5,95.0,874
,2,-1.0,829
,3,-1.0,829
,4,-1.0,829
 ,5,95.0,829
,2,-1.0,97
,3,-1.0,97
,4,-1.0,97
PYRAMID,5,96.253922,97
,2,-1.0,259
,3,-1.0,259
,4,-1.0,259
ia,5,42.995804,259
,2,-1.0,268
,3,-1.0,268
,4,-1.0,268
 ,5,95.0,268
,2,-1.0,1
,3,-1.0,1
,4,-1.0,1
 ,5,95.0,1
,2,-1.0,829
,3,-1.0,829
,4,-1.0,829
 ,5,95.0,829
