text,level,conf,height
,1,-1.0,842
,2,-1.0,73
,3,-1.0,73
,4,-1.0,38
"""",5,20.865311,8
"DREAMS,",5,96.218277,38
.,5,15.506065,7
,4,-1.0,21
"EVOLUTION"",",5,62.679108,21
,4,-1.0,17
AND,5,95.669075,17
VALUE,5,95.669075,17
,2,-1.0,17
,3,-1.0,17
,4,-1.0,17
FULFILLMENT,5,95.262093,17
,2,-1.0,8
,3,-1.0,8
,4,-1.0,8
Vowel,5,0.0,8
