text,level,conf,height
,1,-1.0,648
,2,-1.0,28
,3,-1.0,28
,4,-1.0,28
COLLAPSE,5,96.426971,28
,2,-1.0,40
,3,-1.0,40
,4,-1.0,10
HOW,5,96.586823,10
SOCIETIES,5,96.586823,10
CHOOSE,5,60.168015,10
TO,5,60.168015,28
,4,-1.0,10
FAIL,5,94.328674,10
OR,5,94.328674,10
SUCCEED,5,95.923798,10
,2,-1.0,15
,3,-1.0,15
,4,-1.0,15
JARED,5,96.617264,15
DIAMOND,5,95.487549,15
,2,-1.0,7
,3,-1.0,7
,4,-1.0,7
viKiNe,5,39.346931,7
