text,level,conf,height
,1,-1.0,792
,2,-1.0,53
,3,-1.0,53
,4,-1.0,53
&,5,93.03373,40
The,5,91.272697,43
lmmortals,5,84.203178,43
Way,5,96.783974,53
,2,-1.0,278
,3,-1.0,278
,4,-1.0,278
 ,5,95.0,278
