text,level,conf,height
,1,-1.0,792
,2,-1.0,187
,3,-1.0,187
,4,-1.0,116
hassad,5,50.583183,116
,4,-1.0,61
of,5,88.071388,48
Light,5,96.783981,61
,2,-1.0,33
,3,-1.0,33
,4,-1.0,33
a,5,26.577415,10
5,5,30.741867,53
,2,-1.0,559
,3,-1.0,559
,4,-1.0,559
 ,5,95.0,559
