text,level,conf,height
,1,-1.0,792
,2,-1.0,383
,3,-1.0,383
,4,-1.0,383
The,5,96.657738,51
Art,5,96.657738,46
of,5,96.376823,28
Successful,5,96.286247,136
Living,5,96.935005,85
,2,-1.0,32
,3,-1.0,32
,4,-1.0,32
IN,5,96.161583,31
RESONANCE,5,96.139488,32
,2,-1.0,532
,3,-1.0,532
,4,-1.0,532
 ,5,95.0,532
,2,-1.0,22
,3,-1.0,22
,4,-1.0,22
JASMUHEEN,5,92.083694,22
