text,level,conf,height
,1,-1.0,612
,2,-1.0,16
,3,-1.0,16
,4,-1.0,16
UFOs,5,96.669998,16
,2,-1.0,8
,3,-1.0,8
,4,-1.0,8
"MYTHS,",5,92.2883,8
"CONSPIRACIES,",5,94.839119,7
AND,5,94.745171,7
REALITIES,5,94.745171,7
,2,-1.0,14
,3,-1.0,14
,4,-1.0,14
JOHN,5,93.041115,14
B.,5,89.816254,11
"ALEXANDER,",5,96.480972,13
PH.D.,5,96.201103,11
