text,level,conf,height
,1,-1.0,792
,2,-1.0,25
,3,-1.0,25
,4,-1.0,25
Tesla,5,94.817596,25
Said,5,94.83004,24
,2,-1.0,31
,3,-1.0,31
,4,-1.0,14
Compiled,5,91.601425,14
by,5,94.279045,14
,4,-1.0,13
John,5,93.153046,13
T.,5,72.059784,10
Ratzlaff,5,81.087952,10
,2,-1.0,44
,3,-1.0,44
,4,-1.0,44
 ,5,95.0,44
,2,-1.0,9
,3,-1.0,9
,4,-1.0,9
Te,5,64.973511,9
COMPANY,5,93.057938,8
,2,-1.0,33
,3,-1.0,33
,4,-1.0,11
"MILLBRAE,",5,93.737999,11
CALIFORNIA,5,87.246788,9
,4,-1.0,9
1984,5,88.218277,9
