text,level,conf,height
,1,-1.0,397
,2,-1.0,59
,3,-1.0,59
,4,-1.0,21
new,5,93.332069,16
theories,5,93.332069,21
,4,-1.0,25
of,5,95.935478,21
everything,5,96.460175,25
,2,-1.0,172
,3,-1.0,172
,4,-1.0,172
 ,5,95.0,172
,2,-1.0,19
,3,-1.0,19
,4,-1.0,19
JOHN,5,93.095352,18
D.BARROW,5,90.040428,19
