text,level,conf,height
,1,-1.0,384
,2,-1.0,74
,3,-1.0,74
,4,-1.0,74
 ,5,95.0,74
,2,-1.0,105
,3,-1.0,105
,4,-1.0,33
The,5,95.287094,24
Economy,5,96.775604,30
,4,-1.0,15
eeagfans,5,0.0,15
,4,-1.0,22
Renaissance,5,96.761169,22
,4,-1.0,24
Florence,5,93.812538,24
,2,-1.0,74
,3,-1.0,74
,4,-1.0,74
 ,5,95.0,74
,2,-1.0,14
,3,-1.0,14
,4,-1.0,14
Richard,5,96.860115,14
A.,5,93.297356,11
Goldthwaite,5,92.931854,14
