text,level,conf,height
,1,-1.0,524
,2,-1.0,128
,3,-1.0,128
,4,-1.0,40
the,5,96.646149,40
,4,-1.0,41
ict,5,32.275604,41
,2,-1.0,121
,3,-1.0,121
,4,-1.0,121
Nuns’,5,32.734192,121
,2,-1.0,37
,3,-1.0,37
,4,-1.0,19
JOHN,5,92.972595,17
C.,5,85.443657,18
"LILLY,",5,96.139641,18
M.D,5,95.256516,15
,4,-1.0,10
&,5,92.018051,6
PHILIP,5,74.079033,9
HANSEN,5,74.079033,8
BA,5,90.712044,10
,2,-1.0,65
,3,-1.0,65
,4,-1.0,65
 ,5,95.0,65
