text,level,conf,height
,1,-1.0,768
,2,-1.0,612
,3,-1.0,612
,4,-1.0,612
  ,5,95.0,612
,2,-1.0,564
,3,-1.0,424
,4,-1.0,224
“_,5,0.0,224
,4,-1.0,392
;,5,43.649765,40
Me,5,21.609863,392
,2,-1.0,92
,3,-1.0,92
,4,-1.0,92
SYCLONe,5,0.0,92
