text,level,conf,height
,1,-1.0,477
,2,-1.0,336
,3,-1.0,336
,4,-1.0,336
 ,5,95.0,336
,2,-1.0,31
,3,-1.0,31
,4,-1.0,31
"JOHN,",5,62.525352,25
MASON,5,57.584343,22
