text,level,conf,height
,1,-1.0,378
,2,-1.0,22
,3,-1.0,22
,4,-1.0,22
eMachiavelli,5,79.127075,22
in,5,96.663803,36
Love,5,96.663803,36
,2,-1.0,285
,3,-1.0,285
,4,-1.0,285
 ,5,95.0,285
