text,level,conf,height
,1,-1.0,508
,2,-1.0,39
,3,-1.0,39
,4,-1.0,39
MIRACULOUS,5,96.140411,27
YEA,5,96.873383,38
,2,-1.0,480
,3,-1.0,480
,4,-1.0,480
 ,5,95.0,480
