text,level,conf,height
,1,-1.0,705
,2,-1.0,238
,3,-1.0,238
,4,-1.0,80
+,5,56.403618,65
QCBRPENT,5,29.53244,61
IN,5,96.018677,51
,4,-1.0,39
*THE,5,90.779205,38
SKY*,5,91.312622,38
,4,-1.0,38
_,5,53.343945,4
°,5,0.0,4
The,5,96.695023,46
High.,5,0.0,46
Wisdom,5,0.0,46
of,5,96.997307,35
Ancient,5,96.994858,46
Egypt,5,91.710442,46
,4,-1.0,56
*John,5,82.461075,44
Anthony,5,96.448135,55
West,5,96.706329,47
.,5,10.720428,3
,2,-1.0,420
,3,-1.0,420
,4,-1.0,420
 ,5,95.0,420
