text,level,conf,height
,1,-1.0,475
,2,-1.0,18
,3,-1.0,18
,4,-1.0,18
@WILEY,5,68.663177,18
,2,-1.0,45
,3,-1.0,45
,4,-1.0,18
THE,5,96.771248,18
NATURE,5,96.53434,18
OF,5,96.151688,17
,4,-1.0,18
INTELLIGENCE,5,96.649918,18
,2,-1.0,11
,3,-1.0,11
,4,-1.0,11
Novartis,5,95.61203,11
Foundation,5,94.233894,11
