text,level,conf,height
,1,-1.0,792
,2,-1.0,30
,3,-1.0,30
,4,-1.0,8
——,5,9.423912,8
,4,-1.0,15
How,5,96.233406,15
to,5,96.475075,13
make,5,96.137001,15
an,5,96.137001,11
,2,-1.0,20
,3,-1.0,20
,4,-1.0,20
ORGONE,5,91.915665,20
FIELD,5,96.325706,20
PULSER,5,96.465454,20
,2,-1.0,622
,3,-1.0,622
,4,-1.0,622
 ,5,95.0,622
