text,level,conf,height
,1,-1.0,246
,2,-1.0,79
,3,-1.0,79
,4,-1.0,50
A,5,27.006454,24
Charan,5,0.0,50
,4,-1.0,40
ANE,5,19.999176,40
,2,-1.0,22
,3,-1.0,22
,4,-1.0,22
“>,5,15.457886,22
,2,-1.0,157
,3,-1.0,157
,4,-1.0,157
   ,5,95.0,157
