text,level,conf,height
,1,-1.0,500
,2,-1.0,71
,3,-1.0,71
,4,-1.0,71
 ,5,95.0,71
,2,-1.0,96
,3,-1.0,96
,4,-1.0,96
HALF-HORN,5,91.687149,146
,2,-1.0,74
,3,-1.0,74
,4,-1.0,69
JORTBEYNOLDS,5,0.0,69
,4,-1.0,45
:,5,49.14695,3
A,5,93.174805,45
a,5,20.632141,7
,2,-1.0,197
,3,-1.0,197
,4,-1.0,197
   ,5,95.0,197
