text,level,conf,height
,1,-1.0,246
,2,-1.0,51
,3,-1.0,51
,4,-1.0,51
  ,5,95.0,51
,2,-1.0,73
,3,-1.0,73
,4,-1.0,7
orm,5,28.307198,7
,4,-1.0,12
INITIATI,5,92.548012,12
,4,-1.0,13
EAKTHR(,5,78.952759,13
,4,-1.0,15
INSCIOUSNESS,5,74.76577,15
,2,-1.0,246
,3,-1.0,246
,4,-1.0,57
   ,5,95.0,57
 ,5,95.0,20
,4,-1.0,189
  ,5,95.0,189
 ,5,95.0,26
,2,-1.0,5
,3,-1.0,5
,4,-1.0,5
 ,5,95.0,5
,2,-1.0,81
,3,-1.0,81
,4,-1.0,81
 ,5,95.0,81
