text,level,conf,height
,1,-1.0,860
,2,-1.0,156
,3,-1.0,156
,4,-1.0,82
Jude,5,95.42112,82
the,5,96.370079,66
,4,-1.0,67
Obscure,5,96.203804,67
