text,level,conf,height
,1,-1.0,841
,2,-1.0,39
,3,-1.0,39
,4,-1.0,14
“f,5,0.0,12
7,5,42.585289,12
,4,-1.0,26
/,5,72.086647,16
"KAPLAN,",5,76.968674,15
,2,-1.0,12
,3,-1.0,12
,4,-1.0,12
2006-2007,5,89.419159,12
Edition,5,96.756882,12
,2,-1.0,841
,3,-1.0,841
,4,-1.0,19
 ,5,95.0,19
,4,-1.0,34
 ,5,95.0,34
,4,-1.0,32
 ,5,95.0,32
,4,-1.0,756
  ,5,95.0,756
,2,-1.0,774
,3,-1.0,774
,4,-1.0,774
 ,5,95.0,774
