text,level,conf,height
,1,-1.0,666
,2,-1.0,59
,3,-1.0,59
,4,-1.0,26
MEDICINE,5,96.52774,26
,4,-1.0,26
TODAY,5,96.647118,26
,2,-1.0,144
,3,-1.0,144
,4,-1.0,144
 ,5,95.0,144
