text,level,conf,height
,1,-1.0,246
,2,-1.0,24
,3,-1.0,24
,4,-1.0,12
THE,5,75.34417,12
THIRD,5,96.904037,8
MILLENNIUM,5,87.220619,9
,4,-1.0,10
Living,5,62.178612,10
in,5,62.178612,5
the,5,93.14431,8
Posthistorie,5,29.294685,8
World,5,90.976562,8
,2,-1.0,183
,3,-1.0,183
,4,-1.0,183
 ,5,95.0,183
