text,level,conf,height
,1,-1.0,246
,2,-1.0,54
,3,-1.0,54
,4,-1.0,28
THE,5,87.010056,28
STARSEEN,5,19.106735,28
,4,-1.0,19
TRANSMISSIONS,5,79.454292,19
,2,-1.0,246
,3,-1.0,246
,4,-1.0,246
 ,5,95.0,246
