text,level,conf,height
,1,-1.0,268
,2,-1.0,17
,3,-1.0,17
,4,-1.0,17
 ,5,95.0,17
,2,-1.0,47
,3,-1.0,47
,4,-1.0,23
Keyhole,5,96.149025,23
Approaches,5,89.924683,22
,4,-1.0,21
in,5,94.759567,12
Neurosurgery,5,94.759567,21
,2,-1.0,10
,3,-1.0,10
,4,-1.0,10
Volume,5,71.131676,7
Concept,5,37.073326,10
an,5,80.420891,28
Suga,5,23.296524,10
Tecigue,5,29.13665,9
,2,-1.0,145
,3,-1.0,145
,4,-1.0,145
 ,5,95.0,145
