text,level,conf,height
,1,-1.0,500
,2,-1.0,40
,3,-1.0,40
,4,-1.0,40
KNAVES,5,90.982689,40
,2,-1.0,94
,3,-1.0,94
,4,-1.0,44
GEORGE,5,93.005005,44
R.R.,5,89.449142,28
,4,-1.0,42
MARTIN,5,95.796524,42
,2,-1.0,500
,3,-1.0,500
,4,-1.0,500
 ,5,95.0,500
