text,level,conf,height
,1,-1.0,666
,2,-1.0,37
,3,-1.0,37
,4,-1.0,17
Perspectives,5,96.634254,17
on,5,96.633995,9
21st,5,96.749542,12
Century,5,96.479546,16
Agriculture:,5,96.960472,17
,4,-1.0,15
A,5,87.83107,12
Tribute,5,87.83107,13
to,5,96.639275,10
Walter,5,96.919334,13
J.,5,94.185287,14
Armbruster,5,96.275772,13
,2,-1.0,8
,3,-1.0,8
,4,-1.0,8
‘To,5,60.970215,8
Table,5,60.970215,8
Of,5,95.473679,8
Contents,5,95.473679,8
,2,-1.0,220
,3,-1.0,220
,4,-1.0,220
 ,5,95.0,220
