text,level,conf,height
,1,-1.0,303
,2,-1.0,218
,3,-1.0,49
,4,-1.0,49
GINA,5,95.329323,46
LAKE,5,96.883026,42
,3,-1.0,123
,4,-1.0,59
oe,5,25.872437,68
,4,-1.0,49
SYMBOL,5,42.259956,69
,3,-1.0,49
,4,-1.0,49
OF,5,54.480377,49
THESOUL,5,54.480377,59
,2,-1.0,38
,3,-1.0,38
,4,-1.0,17
‘DISCOVERING,5,65.996262,26
YOUR,5,14.648659,40
KARMA,5,14.648659,26
,4,-1.0,17
THROUGH,5,94.585876,23
ASTROLOGY,5,96.357536,17
,2,-1.0,66
,3,-1.0,66
,4,-1.0,31
 ,5,95.0,31
,4,-1.0,35
 ,5,95.0,35
