text,level,conf,height
,1,-1.0,1150
,2,-1.0,27
,3,-1.0,27
,4,-1.0,27
of,5,81.022659,26
the,5,93.576759,19
Holy,5,96.801689,25
Grail,5,94.647629,20
,2,-1.0,150
,3,-1.0,150
,4,-1.0,150
0,5,6.156883,118
pach,5,33.150101,124
,2,-1.0,190
,3,-1.0,190
,4,-1.0,190
TI,5,45.37262,190
,2,-1.0,21
,3,-1.0,21
,4,-1.0,21
1,5,67.300064,18
Arhus,5,67.300064,19
Kommunes,5,90.745514,16
Bibl.,5,95.870804,16
,2,-1.0,1150
,3,-1.0,1150
,4,-1.0,1150
 ,5,95.0,1150
