text,level,conf,height
,1,-1.0,554
,2,-1.0,19
,3,-1.0,19
,4,-1.0,19
THE,5,95.750854,19
PHYSICS,5,95.312004,19
OF,5,96.170212,18
,2,-1.0,64
,3,-1.0,64
,4,-1.0,64
ATA,5,0.0,64
TN,5,59.235821,14
,2,-1.0,11
,3,-1.0,11
,4,-1.0,11
|,5,53.716553,11
,2,-1.0,13
,3,-1.0,13
,4,-1.0,13
LAWRENCE,5,93.234543,13
M.,5,92.516045,13
KRAUSS,5,95.159325,13
,2,-1.0,460
,3,-1.0,460
,4,-1.0,460
 ,5,95.0,460
