text,level,conf,height
,1,-1.0,842
,2,-1.0,54
,3,-1.0,54
,4,-1.0,54
 ,5,95.0,54
,2,-1.0,199
,3,-1.0,199
,4,-1.0,75
Ow,5,13.323242,75
,4,-1.0,96
W,5,84.474327,96
,2,-1.0,396
,3,-1.0,396
,4,-1.0,396
 ,5,95.0,106
  ,5,95.0,396
,2,-1.0,110
,3,-1.0,110
,4,-1.0,51
RELIABLY,5,96.152122,51
,4,-1.0,51
DEPLOYING,5,96.802689,51
,2,-1.0,52
,3,-1.0,52
,4,-1.0,52
APPLICATIONS,5,96.365273,52
,2,-1.0,9
,3,-1.0,9
,4,-1.0,9
BY,5,96.633392,9
BEN,5,96.197983,9
DIXON,5,89.338669,9
