text,level,conf,height
,1,-1.0,792
,2,-1.0,77
,3,-1.0,77
,4,-1.0,27
A,5,94.690445,27
Collection,5,94.690445,27
of,5,96.885002,27
,4,-1.0,27
Essential,5,96.575729,27
Basics,5,96.444168,27
