text,level,conf,height
,1,-1.0,842
,2,-1.0,364
,3,-1.0,364
,4,-1.0,364
 ,5,95.0,364
,2,-1.0,49
,3,-1.0,49
,4,-1.0,49
Typed,5,96.701088,49
PHP,5,96.489746,39
,2,-1.0,19
,3,-1.0,19
,4,-1.0,19
Stronger,5,96.29129,18
Types,5,96.713669,18
For,5,95.979012,16
Cleaner,5,95.979012,16
Code,5,96.6726,16
,2,-1.0,12
,3,-1.0,12
,4,-1.0,12
By,5,96.814606,12
Christopher,5,96.580292,11
Pitt,5,82.462212,9
