text,level,conf,height
,1,-1.0,648
,2,-1.0,418
,3,-1.0,418
,4,-1.0,418
 ,5,95.0,418
,2,-1.0,42
,3,-1.0,42
,4,-1.0,42
CHRIS,5,93.28476,24
HARTJES,5,92.843552,42
