text,level,conf,height
,1,-1.0,792
,2,-1.0,347
,3,-1.0,347
,4,-1.0,347
 ,5,95.0,347
,2,-1.0,98
,3,-1.0,98
,4,-1.0,51
Building,5,96.340195,51
APIs,5,93.0401,35
You,5,96.370132,35
,4,-1.0,38
Won't,5,66.402481,38
Hate,5,96.460381,34
,2,-1.0,25
,3,-1.0,25
,4,-1.0,25
By,5,96.959229,22
Phil,5,97.010094,20
Sturgeon,5,96.673157,23
