text,level,conf,height
,1,-1.0,600
,2,-1.0,20
,3,-1.0,20
,4,-1.0,20
ryrvit-we,5,0.0,20
,2,-1.0,49
,3,-1.0,49
,4,-1.0,17
nor?,5,0.533615,17
,4,-1.0,16
HAMMER,5,58.112106,16
,4,-1.0,12
"0,000",5,51.032837,12
,2,-1.0,528
,3,-1.0,528
,4,-1.0,528
 ,5,95.0,528
,2,-1.0,155
,3,-1.0,125
,4,-1.0,81
SUOROSOF,5,0.0,81
FENRIS,5,17.856979,110
,4,-1.0,68
AUDI,5,11.801712,63
COLLECTION,5,51.254807,49
,2,-1.0,20
,3,-1.0,20
,4,-1.0,20
—=,5,6.653862,21
