text,level,conf,height
,1,-1.0,860
,2,-1.0,156
,3,-1.0,156
,4,-1.0,67
The,5,95.133476,67
,4,-1.0,67
Lost,5,96.865395,63
Girl,5,96.768074,67
,2,-1.0,392
,3,-1.0,392
,4,-1.0,392
   ,5,95.0,392
,2,-1.0,50
,3,-1.0,50
,4,-1.0,50
D.,5,92.850052,49
H.,5,89.921967,30
LAWRENCE,5,96.10701,42
,2,-1.0,168
,3,-1.0,168
,4,-1.0,168
 ,5,95.0,168
