text,level,conf,height
,1,-1.0,648
,2,-1.0,10
,3,-1.0,10
,4,-1.0,10
 ,5,95.0,10
,2,-1.0,13
,3,-1.0,13
,4,-1.0,13
Third,5,96.154358,13
edition,5,95.853188,13
,2,-1.0,30
,3,-1.0,30
,4,-1.0,30
ETAPHYSICS,5,91.524483,30
,2,-1.0,35
,3,-1.0,35
,4,-1.0,15
a,5,34.733765,9
contemporary,5,34.733765,14
introduction,5,95.963997,12
,4,-1.0,13
Michael,5,96.483627,13
J.,5,93.287582,13
Loux,5,93.065239,13
,2,-1.0,648
,3,-1.0,648
,4,-1.0,648
 ,5,95.0,648
,2,-1.0,10
,3,-1.0,10
,4,-1.0,10
 ,5,95.0,10
