text,level,conf,height
,1,-1.0,503
,2,-1.0,12
,3,-1.0,12
,4,-1.0,12
‘OPENING,5,72.246048,8
DOORW.,5,64.785553,12
1ER,5,55.620369,8
REALITIES,5,95.081841,8
,2,-1.0,23
,3,-1.0,23
,4,-1.0,23
LYNNE,5,96.406105,23
HOME,5,69.61998,16
,2,-1.0,461
,3,-1.0,461
,4,-1.0,461
 ,5,95.0,461
