text,level,conf,height
,1,-1.0,660
,2,-1.0,163
,3,-1.0,163
,4,-1.0,163
MACHINE,5,80.168411,48
LEARNING,5,37.471115,91
"wf,",5,46.77037,163
,2,-1.0,1
,3,-1.0,1
,4,-1.0,1
 ,5,95.0,1
,2,-1.0,568
,3,-1.0,568
,4,-1.0,568
  ,5,95.0,568
