text,level,conf,height
,1,-1.0,648
,2,-1.0,39
,3,-1.0,39
,4,-1.0,19
Machine,5,96.749809,14
Learning:,5,96.749809,19
,4,-1.0,14
a,5,96.278687,10
Concise,5,96.772743,14
Introduction,5,96.801888,14
