text,level,conf,height
,1,-1.0,684
,2,-1.0,579
,3,-1.0,579
,4,-1.0,579
 ,5,95.0,579
,2,-1.0,6
,3,-1.0,6
,4,-1.0,6
 ,5,95.0,6
,2,-1.0,244
,3,-1.0,244
,4,-1.0,68
Machine,5,96.77903,68
,4,-1.0,84
Learning,5,96.10054,84
in,5,96.10054,63
,4,-1.0,66
Finance,5,96.367516,66
,2,-1.0,26
,3,-1.0,26
,4,-1.0,26
From,5,96.902702,19
Theory,5,96.858459,26
to,5,96.404457,16
Practice,5,96.099022,19
