text,level,conf,height
,1,-1.0,776
,2,-1.0,158
,3,-1.0,158
,4,-1.0,81
MACHER,5,33.962158,81
,4,-1.0,70
LEARNT,5,33.309021,70
,2,-1.0,34
,3,-1.0,34
,4,-1.0,34
a,5,33.817787,34
M.,5,84.012665,21
Mirch,5,1.385796,32
