text,level,conf,height
,1,-1.0,698
,2,-1.0,18
,3,-1.0,18
,4,-1.0,18
SECOND,5,96.546654,18
EDITION,5,95.896706,18
,2,-1.0,117
,3,-1.0,117
,4,-1.0,44
MANAGING,5,95.610306,44
THE,5,96.950661,42
,4,-1.0,62
BUILDING,5,96.884644,58
DESIGN,5,93.480751,62
PROCESS,5,91.279427,46
,2,-1.0,396
,3,-1.0,396
,4,-1.0,396
 ,5,95.0,396
,2,-1.0,50
,3,-1.0,52
,4,-1.0,50
©,5,12.072113,50
GAMIN,5,51.463402,59
TUNSTALL,5,53.515892,59
