text,level,conf,height
,1,-1.0,666
,2,-1.0,127
,3,-1.0,127
,4,-1.0,127
 ,5,95.0,127
,2,-1.0,11
,3,-1.0,11
,4,-1.0,11
ri,5,55.77282,28
Michael,5,55.730724,11
Hausenblas,5,72.169662,11
,2,-1.0,12
,3,-1.0,12
,4,-1.0,12
Foueworo,5,9.889717,12
Tim,5,96.129288,28
Berners-Lee,5,95.386719,11
,2,-1.0,10
,3,-1.0,10
,4,-1.0,10
MANNING,5,95.11956,10
,2,-1.0,666
,3,-1.0,666
,4,-1.0,666
  ,5,95.0,666
