text,level,conf,height
,1,-1.0,646
,2,-1.0,38
,3,-1.0,38
,4,-1.0,16
Nina,5,91.698219,15
Zumel,5,91.698219,16
,4,-1.0,16
John,5,96.634918,16
Mount,5,96.860191,15
,2,-1.0,12
,3,-1.0,12
,4,-1.0,12
Fowewowo,5,29.748489,12
8y,5,10.725449,8
Jim,5,93.301773,12
Porzak,5,90.550644,12
,2,-1.0,646
,3,-1.0,646
,4,-1.0,646
 ,5,95.0,646
