text,level,conf,height
,1,-1.0,666
,2,-1.0,125
,3,-1.0,125
,4,-1.0,65
Power,5,96.246315,65
,4,-1.0,49
IN,5,95.675095,49
DEP,5,95.675095,49
,2,-1.0,17
,3,-1.0,17
,4,-1.0,17
An,5,96.70874,13
administrator's,5,68.995056,14
quide,5,90.559181,17
,2,-1.0,36
,3,-1.0,36
,4,-1.0,14
Don,5,96.719063,14
Jone:,5,92.41861,14
,4,-1.0,14
Ri,5,83.370354,14
,2,-1.0,10
,3,-1.0,10
,4,-1.0,10
MANNING,5,93.409241,10
,2,-1.0,666
,3,-1.0,666
,4,-1.0,666
 ,5,95.0,666
