text,level,conf,height
,1,-1.0,666
,2,-1.0,50
,3,-1.0,50
,4,-1.0,50
IN,5,95.401169,49
ACT,5,95.401169,50
,2,-1.0,43
,3,-1.0,43
,4,-1.0,15
Chris,5,95.498253,15
Bucket,5,50.512032,15
,4,-1.0,12
Foreworo,5,11.850769,12
sy,5,42.140579,9
Seth,5,96.735878,12
Ladd,5,90.717361,12
,2,-1.0,20
,3,-1.0,20
,4,-1.0,20
MMB,5,61.172432,20
vannine,5,0.0,10
,2,-1.0,666
,3,-1.0,666
,4,-1.0,666
 ,5,95.0,666
