text,level,conf,height
,1,-1.0,603
,2,-1.0,103
,3,-1.0,103
,4,-1.0,26
Matila,5,93.028664,18
Ghyka,5,89.681122,26
,4,-1.0,22
THE,5,96.554832,22
GEOMETRY,5,96.554832,22
,4,-1.0,22
OF,5,96.932205,22
ART,5,95.172256,22
AND,5,96.695763,22
LIFE,5,96.376564,22
,2,-1.0,26
,3,-1.0,26
,4,-1.0,10
DOVER,5,93.64254,9
"PUBLICATIONS,",5,93.64254,10
INC.,5,93.813156,9
,4,-1.0,9
NEW,5,95.705971,8
YORK,5,96.462837,9
