text,level,conf,height
,1,-1.0,1000
,2,-1.0,36
,3,-1.0,36
,4,-1.0,36
MEMES,5,96.952637,36
,2,-1.0,16
,3,-1.0,16
,4,-1.0,16
IN,5,96.194656,16
DIGITAL,5,96.194656,16
CULTURE,5,96.656075,16
,2,-1.0,20
,3,-1.0,20
,4,-1.0,20
LIMOR,5,92.405067,20
SHIFMAN,5,91.242188,20
,2,-1.0,388
,3,-1.0,388
,4,-1.0,388
 ,5,95.0,388
