text,level,conf,height
,1,-1.0,666
,2,-1.0,62
,3,-1.0,62
,4,-1.0,15
PAE,5,9.734642,8
O8,5,2.975235,4
DF,5,0.0,8
ay,5,29.824829,9
Ra,5,39.134029,11
,4,-1.0,22
LAR,5,52.98188,22
MEDICENE™.,5,20.037979,19
,4,-1.0,16
\,5,89.216629,16
"se,",5,0.0,4
,2,-1.0,42
,3,-1.0,42
,4,-1.0,18
¥,5,20.524734,5
aN,5,28.3871,18
,4,-1.0,17
IDS,5,41.723331,13
"IN|MOLECU,",5,20.587303,17
,2,-1.0,666
,3,-1.0,666
,4,-1.0,666
     ,5,95.0,666
