text,level,conf,height
,1,-1.0,614
,2,-1.0,227
,3,-1.0,227
,4,-1.0,88
LOGICAL,5,95.932281,88
,4,-1.0,43
BASIS,5,95.24205,43
OF,5,95.224884,43
,4,-1.0,63
Metaphysics,5,96.696686,63
,2,-1.0,21
,3,-1.0,21
,4,-1.0,21
MICHAEL,5,93.031013,21
DUMMETT,5,90.121857,21
