text,level,conf,height
,1,-1.0,475
,2,-1.0,12
,3,-1.0,12
,4,-1.0,12
Drug,5,96.779778,12
Therapy,5,96.993828,12
,2,-1.0,44
,3,-1.0,44
,4,-1.0,44
  ,5,95.0,44
,2,-1.0,54
,3,-1.0,54
,4,-1.0,21
Cannabinoids,5,91.626175,21
,4,-1.0,26
as,5,96.102547,15
Therapeutics,5,96.102547,26
,2,-1.0,22
,3,-1.0,22
,4,-1.0,12
Raphael,5,93.20845,12
Mechoulam,5,84.848709,10
,4,-1.0,9
Editor,5,90.319298,9
,2,-1.0,10
,3,-1.0,10
,4,-1.0,10
Birkhauser,5,84.975998,10
