text,level,conf,height
,1,-1.0,331
,2,-1.0,12
,3,-1.0,12
,4,-1.0,12
MICHAEL,5,95.942749,12
POLLAN,5,95.942749,12
,2,-1.0,45
,3,-1.0,45
,4,-1.0,45
 ,5,95.0,45
