text,level,conf,height
,1,-1.0,648
,2,-1.0,118
,3,-1.0,118
,4,-1.0,54
Windows,5,95.984184,54
,4,-1.0,53
PowerShell,5,95.325996,53
3.0,5,96.748657,51
,2,-1.0,327
,3,-1.0,327
,4,-1.0,327
 ,5,95.0,327
,2,-1.0,243
,3,-1.0,166
,4,-1.0,70
oi,5,22.739334,2
|,5,71.578239,73
ae,5,46.458374,51
,4,-1.0,196
Step,5,95.616936,85
oe,5,0.0,155
Ee,5,42.635071,196
,2,-1.0,427
,3,-1.0,427
,4,-1.0,427
 ,5,95.0,427
