text,level,conf,height
,1,-1.0,532
,2,-1.0,85
,3,-1.0,85
,4,-1.0,85
©,5,65.874435,72
Plain&Simple,5,65.874435,85
,2,-1.0,145
,3,-1.0,145
,4,-1.0,63
Microsoft,5,96.64917,63
,4,-1.0,61
Excel,5,96.552238,61
2013,5,96.389832,59
,2,-1.0,18
,3,-1.0,18
,4,-1.0,18
Curtis,5,91.501556,14
D.,5,72.951797,14
Frye,5,96.897804,18
