text,level,conf,height
,1,-1.0,648
,2,-1.0,545
,3,-1.0,545
,4,-1.0,545
 ,5,95.0,545
,2,-1.0,18
,3,-1.0,18
,4,-1.0,18
Faithe,5,90.614151,13
Wempen,5,90.901527,17
