text,level,conf,height
,1,-1.0,648
,2,-1.0,353
,3,-1.0,353
,4,-1.0,169
Microsoft,5,95.825745,81
Z,5,63.4758,169
,4,-1.0,68
La,5,34.318672,68
,4,-1.0,64
Center,5,96.190033,61
is,5,23.809723,59
,4,-1.0,109
Pr,5,30.46405,109
,2,-1.0,214
,3,-1.0,163
,4,-1.0,41
Network,5,96.703934,41
,4,-1.0,41
Virtualization,5,95.643593,41
and,5,96.088432,41
,4,-1.0,108
Cloud,5,96.875992,41
Computing,5,96.509598,108
,2,-1.0,37
,3,-1.0,37
,4,-1.0,37
 ,5,95.0,37
