text,level,conf,height
,1,-1.0,648
,2,-1.0,26
,3,-1.0,26
,4,-1.0,26
8,5,33.186913,26
Microsoft,5,93.742622,17
,2,-1.0,329
,3,-1.0,329
,4,-1.0,329
   ,5,95.0,329
,2,-1.0,166
,3,-1.0,166
,4,-1.0,58
Windows,5,96.597015,58
Server,5,96.936699,58
2012,5,93.305557,35
R2,5,93.224419,34
,4,-1.0,47
"Configuration,",5,96.567245,47
,4,-1.0,47
"Storage,",5,93.276817,45
&,5,93.276817,35
Essentials,5,96.932457,37
,2,-1.0,7
,3,-1.0,7
,4,-1.0,7
Wiliam,5,35.004837,7
,2,-1.0,17
,3,-1.0,17
,4,-1.0,17
 ,5,95.0,17
