text,level,conf,height
,1,-1.0,531
,2,-1.0,85
,3,-1.0,85
,4,-1.0,85
©,5,75.357666,73
Plain&Simple,5,75.357666,85
,2,-1.0,145
,3,-1.0,145
,4,-1.0,63
Microsoft,5,96.497078,63
,4,-1.0,60
Access,5,95.379044,59
2013,5,95.379044,60
,2,-1.0,16
,3,-1.0,109
,4,-1.0,16
Andrew,5,96.62767,16
Couch,5,96.559509,16
