text,level,conf,height
,1,-1.0,648
,2,-1.0,186
,3,-1.0,186
,4,-1.0,62
SignalR,5,91.285271,62
,4,-1.0,62
Programming,5,96.178207,62
in,5,94.947571,47
,4,-1.0,49
Microsoft,5,93.303177,49
ASPNET,5,89.21907,47
,2,-1.0,202
,3,-1.0,202
,4,-1.0,202
mo,5,56.61187,202
,2,-1.0,21
,3,-1.0,21
,4,-1.0,21
José,5,93.215569,16
M.,5,89.61219,15
Aguilar,5,96.676384,20
,2,-1.0,200
,3,-1.0,200
,4,-1.0,200
Ce),5,30.55294,48
Professional,5,96.156738,140
