text,level,conf,height
,1,-1.0,792
,2,-1.0,34
,3,-1.0,34
,4,-1.0,34
~,5,51.236244,16
=,5,80.042389,17
Microsoft,5,92.726822,21
,2,-1.0,142
,3,-1.0,142
,4,-1.0,66
Microsoft,5,95.563477,66
,4,-1.0,66
Excel,5,96.509987,66
2013,5,96.810387,63
,2,-1.0,113
,3,-1.0,113
,4,-1.0,63
Building,5,96.751625,63
Data,5,96.554878,46
Models,5,96.947624,49
,4,-1.0,49
with,5,93.093788,49
PowerPivot,5,91.691864,48
,2,-1.0,292
,3,-1.0,292
,4,-1.0,292
 ,5,95.0,292
