text,level,conf,height
,1,-1.0,650
,2,-1.0,426
,3,-1.0,426
,4,-1.0,426
   ,5,95.0,426
,2,-1.0,159
,3,-1.0,155
,4,-1.0,73
Microsoft,5,96.637329,73
,4,-1.0,79
PowerPoint,5,96.601746,79
2013,5,96.70916,47
,2,-1.0,26
,3,-1.0,26
,4,-1.0,26
Si,5,20.100494,26
mete,5,22.312263,20
,2,-1.0,21
,3,-1.0,21
,4,-1.0,21
 ,5,95.0,21
