text,level,conf,height
,1,-1.0,648
,2,-1.0,244
,3,-1.0,244
,4,-1.0,27
{8,5,50.776154,38
Microsoft,5,96.252884,27
,4,-1.0,66
Programming,5,96.697632,66
,4,-1.0,52
Microsoft,5,95.479218,52
,4,-1.0,49
ASP.NET,5,89.761414,49
MVC,5,96.064049,49
,2,-1.0,27
,3,-1.0,27
,4,-1.0,27
Third,5,96.455978,27
Edition,5,96.263718,27
,2,-1.0,20
,3,-1.0,20
,4,-1.0,20
Dino,5,96.983337,15
Esposito,5,96.904266,20
,2,-1.0,197
,3,-1.0,197
,4,-1.0,197
@,5,88.826271,44
Professional,5,96.98381,141
