text,level,conf,height
,1,-1.0,285
,2,-1.0,22
,3,-1.0,22
,4,-1.0,22
MICROBIOLOGY,5,96.834251,22
,2,-1.0,206
,3,-1.0,206
,4,-1.0,206
 ,5,95.0,206
,2,-1.0,9
,3,-1.0,9
,4,-1.0,9
ROBERT,5,91.322037,9
W.,5,85.923874,7
BAUMAN.,5,54.18758,8
