text,level,conf,height
,1,-1.0,377
,2,-1.0,105
,3,-1.0,105
,4,-1.0,105
I,5,9.447739,105
,2,-1.0,24
,3,-1.0,24
,4,-1.0,24
(2),5,61.21608,24
