text,level,conf,height
,1,-1.0,977
,2,-1.0,70
,3,-1.0,70
,4,-1.0,70
OTUS,5,19.785118,70
,2,-1.0,13
,3,-1.0,13
,4,-1.0,13
OHJIANH-OB,5,0.0,28
PASOBAHME,5,39.213989,11
