text,level,conf,height
,1,-1.0,648
,2,-1.0,11
,3,-1.0,11
,4,-1.0,11
Leading,5,93.666306,11
Open,5,96.750275,11
Innovation,5,95.225182,8
