text,level,conf,height
,1,-1.0,666
,2,-1.0,21
,3,-1.0,21
,4,-1.0,21
Mohamed,5,91.984138,17
Elgendy,5,90.780121,21
,2,-1.0,21
,3,-1.0,21
,4,-1.0,21
MMB,5,39.437286,20
vannins,5,0.0,10
,2,-1.0,666
,3,-1.0,666
,4,-1.0,666
 ,5,95.0,666
