text,level,conf,height
,1,-1.0,663
,2,-1.0,12
,3,-1.0,12
,4,-1.0,12
Molecular,5,94.28804,8
Aspects,5,94.28804,11
of,5,96.753975,9
Innate,5,92.831284,8
and,5,96.487854,8
Adaptive,5,92.736633,11
Immunity,5,92.736633,11
