text,level,conf,height
,1,-1.0,670
,2,-1.0,10
,3,-1.0,10
,4,-1.0,10
METHODS,5,95.540741,10
IN,5,95.365982,10
MOLECULAR,5,93.273796,10
MEDICINE™,5,92.042305,10
,2,-1.0,2
,3,-1.0,2
,4,-1.0,2
 ,5,95.0,2
,2,-1.0,90
,3,-1.0,90
,4,-1.0,90
vcligel,5,0.0,90
el,5,35.574936,58
,2,-1.0,520
,3,-1.0,520
,4,-1.0,520
 ,5,95.0,520
