text,level,conf,height
,1,-1.0,648
,2,-1.0,31
,3,-1.0,31
,4,-1.0,14
Optimized,5,96.123734,14
Cloud,5,93.593704,11
Resource,5,93.593704,11
Management,5,95.230675,14
,4,-1.0,14
and,5,96.819801,11
Scheduling,5,96.570473,14
