text,level,conf,height
,1,-1.0,648
,2,-1.0,50
,3,-1.0,50
,4,-1.0,30
Guerrilla,5,94.969971,22
Analytics,5,96.448212,30
,4,-1.0,16
A,5,75.832184,11
Practical,5,94.35704,12
Approach,5,96.934204,16
to,5,96.965096,9
Working,5,96.904175,16
with,5,96.480553,12
Data,5,90.188583,11
,2,-1.0,8
,3,-1.0,8
,4,-1.0,8
 ,5,95.0,8
,2,-1.0,14
,3,-1.0,14
,4,-1.0,14
Enda,5,96.920937,10
Ridge,5,96.385689,14
,2,-1.0,53
,3,-1.0,53
,4,-1.0,53
  ,5,95.0,53
,2,-1.0,9
,3,-1.0,9
,4,-1.0,9
ELSEVIER,5,85.670135,9
