text,level,conf,height
,1,-1.0,622
,2,-1.0,78
,3,-1.0,78
,4,-1.0,40
THE,5,96.7425,29
ORIGINS,5,96.773087,30
of,5,94.857895,32
the,5,94.849411,40
,4,-1.0,39
FEDERAL,5,96.904854,29
RESERVE,5,90.594376,39
~,5,0.0,60
,2,-1.0,275
,3,-1.0,275
,4,-1.0,275
  ,5,95.0,275
,2,-1.0,158
,3,-1.0,158
,4,-1.0,158
 ,5,95.0,158
