text,level,conf,height
,1,-1.0,697
,2,-1.0,553
,3,-1.0,553
,4,-1.0,553
 ,5,95.0,553
,2,-1.0,107
,3,-1.0,107
,4,-1.0,59
QUR’,5,90.517258,59
ANIC,5,96.664429,46
,4,-1.0,46
STUDIES,5,96.210197,46
