text,level,conf,height
,1,-1.0,792
,2,-1.0,294
,3,-1.0,294
,4,-1.0,294
    ,5,95.0,294
,2,-1.0,26
,3,-1.0,26
,4,-1.0,26
The,5,96.753052,26
,2,-1.0,257
,3,-1.0,295
,4,-1.0,167
en,5,33.699799,167
,4,-1.0,82
Body-Mind,5,92.528938,103
,2,-1.0,66
,3,-1.0,66
,4,-1.0,66
Disciplines,5,96.180756,66
,2,-1.0,44
,3,-1.0,44
,4,-1.0,22
Nancy,5,96.737274,21
"Allison,",5,96.489822,17
CMA,5,95.969986,18
,4,-1.0,17
Editor,5,96.814232,17
