text,level,conf,height
,1,-1.0,792
,2,-1.0,250
,3,-1.0,250
,4,-1.0,38
TRANSITIONS,5,96.757454,38
TO,5,96.557846,37
,4,-1.0,53
ALTERNATIVE,5,95.983093,53
,4,-1.0,55
VEHICLES,5,96.033272,55
,4,-1.0,64
"—,",5,78.797768,20
AND,5,94.659828,53
FUELS,5,96.058914,55
,2,-1.0,498
,3,-1.0,498
,4,-1.0,498
 ,5,95.0,498
