text,level,conf,height
,1,-1.0,648
,2,-1.0,648
,3,-1.0,648
,4,-1.0,64
    ,5,95.0,64
,4,-1.0,41
 ,5,95.0,41
,4,-1.0,97
   ,5,95.0,97
,4,-1.0,446
   ,5,95.0,446
,2,-1.0,144
,3,-1.0,65
,4,-1.0,26
Netter’s,5,90.668556,26
,4,-1.0,30
HEAD,5,96.679321,30
,3,-1.0,70
,4,-1.0,31
AND,5,95.106705,30
NECK,5,96.601196,31
,4,-1.0,31
ANATOMY,5,95.966316,31
,2,-1.0,70
,3,-1.0,70
,4,-1.0,31
FOR,5,96.109238,31
,4,-1.0,30
DENTISTRY,5,96.20726,30
,2,-1.0,648
,3,-1.0,648
,4,-1.0,648
 ,5,95.0,648
