text,level,conf,height
,1,-1.0,613
,2,-1.0,29
,3,-1.0,29
,4,-1.0,29
of,5,96.552704,18
the,5,96.552704,18
Brain,5,96.540421,29
,2,-1.0,416
,3,-1.0,416
,4,-1.0,416
 ,5,95.0,416
,2,-1.0,25
,3,-1.0,25
,4,-1.0,25
Olaf,5,93.126915,19
Sporns,5,92.96019,24
