text,level,conf,height
,1,-1.0,452
,2,-1.0,25
,3,-1.0,25
,4,-1.0,25
Neural,5,96.393745,20
Engineering,5,96.393745,24
,2,-1.0,380
,3,-1.0,380
,4,-1.0,380
 ,5,95.0,380
