text,level,conf,height
,1,-1.0,389
,2,-1.0,381
,3,-1.0,381
,4,-1.0,381
   ,5,95.0,381
  ,5,95.0,103
,2,-1.0,55
,3,-1.0,55
,4,-1.0,55
foal,5,54.34536,55
b,5,0.0,4
go,5,0.0,29
,2,-1.0,91
,3,-1.0,91
,4,-1.0,29
Neuroimaging,5,94.807449,29
,4,-1.0,25
+,5,18.267624,17
Research,5,84.633324,25
\,5,0.0,3
,4,-1.0,26
<,5,61.91259,3
|,5,83.771141,40
in,5,94.18541,25
Geriatric,5,88.684769,26
