text,level,conf,height
,1,-1.0,636
,2,-1.0,87
,3,-1.0,87
,4,-1.0,82
ELSEVIER,5,96.043266,15
co,5,32.931679,82
,4,-1.0,17
|,5,57.332573,17
LSE,5,21.99025,12
’,5,6.723747,5
,2,-1.0,114
,3,-1.0,114
,4,-1.0,114
  ,5,95.0,114
 ,5,95.0,41
,2,-1.0,26
,3,-1.0,26
,4,-1.0,26
NEUROINFLAMMATION,5,91.17466,26
,2,-1.0,16
,3,-1.0,16
,4,-1.0,16
Edited,5,93.408272,10
by,5,96.25396,13
ALIREZA,5,91.84333,13
MINAGAR,5,89.473991,13
