text,level,conf,height
,1,-1.0,282
,2,-1.0,12
,3,-1.0,12
,4,-1.0,12
Springer,5,94.816154,12
Protocols,5,66.381523,9
,2,-1.0,72
,3,-1.0,72
,4,-1.0,72
—,5,7.407242,19
,2,-1.0,61
,3,-1.0,61
,4,-1.0,35
Neuro-,5,30.52356,24
,4,-1.0,31
degeneration,5,96.847328,31
,2,-1.0,9
,3,-1.0,9
,4,-1.0,9
‘Methods,5,53.678825,9
and,5,59.254936,28
Protocols,5,72.391571,9
,2,-1.0,11
,3,-1.0,11
,4,-1.0,11
SP,5,14.141083,28
HamanePess,5,0.0,11
