text,level,conf,height
,1,-1.0,782
,2,-1.0,467
,3,-1.0,129
,4,-1.0,129
i,5,18.030235,129
i,5,33.914421,9
,3,-1.0,333
,4,-1.0,10
|,5,75.706718,10
,4,-1.0,108
Neuromuscular,5,95.547371,108
,4,-1.0,69
Disorders,5,0.0,69
