text,level,conf,height
,1,-1.0,322
,2,-1.0,322
,3,-1.0,322
,4,-1.0,52
  ,5,95.0,52
,4,-1.0,44
 ,5,95.0,44
,4,-1.0,226
     ,5,95.0,226
,2,-1.0,52
,3,-1.0,52
,4,-1.0,22
Neuro-,5,93.236443,22
,4,-1.0,23
fibromatoses,5,90.183716,23
,2,-1.0,8
,3,-1.0,8
,4,-1.0,8
D.kaufmann,5,0.0,8
