text,level,conf,height
,1,-1.0,274
,2,-1.0,8
,3,-1.0,8
,4,-1.0,8
WA.,5,39.573689,7
Feischhucher,5,34.293015,8
and,5,85.17041,28
Dy,5,0.0,28
Brooks,5,78.425758,28
eds),5,80.487114,28
,2,-1.0,25
,3,-1.0,25
,4,-1.0,13
Neurodevelopmental,5,23.985786,13
,4,-1.0,10
Disorders,5,96.84285,10
,2,-1.0,13
,3,-1.0,13
,4,-1.0,13
D,5,44.407478,13
sprngeieaNewtork,5,25.690338,11
