text,level,conf,height
,1,-1.0,612
,2,-1.0,32
,3,-1.0,32
,4,-1.0,13
Neuroconstructivism,5,85.860329,13
,4,-1.0,13
Volume,5,96.945107,13
Two,5,96.924271,11
