text,level,conf,height
,1,-1.0,823
,2,-1.0,16
,3,-1.0,16
,4,-1.0,16
2008-2009,5,96.080124,16
,2,-1.0,39
,3,-1.0,39
,4,-1.0,39
Neuro-Ophthalmology,5,91.646942,39
,2,-1.0,512
,3,-1.0,512
,4,-1.0,512
 ,5,95.0,512
