text,level,conf,height
,1,-1.0,260
,2,-1.0,21
,3,-1.0,23
,4,-1.0,21
i,5,66.446869,21
,4,-1.0,13
B,5,0.131973,13
,4,-1.0,16
Ss,5,33.921745,16
,4,-1.0,12
3),5,62.915817,12
,4,-1.0,12
p,5,42.094696,12
,2,-1.0,101
,3,-1.0,101
,4,-1.0,101
PEDIATRIC,5,94.867615,48
ONCOLOGY,5,92.233475,47
