text,level,conf,height
,1,-1.0,327
,2,-1.0,27
,3,-1.0,27
,4,-1.0,27
 ,5,95.0,27
,2,-1.0,196
,3,-1.0,196
,4,-1.0,196
 ,5,95.0,196
,2,-1.0,58
,3,-1.0,8
,4,-1.0,8
NEUROSCIENTIFIC,5,87.778732,8
,3,-1.0,26
,4,-1.0,8
FOUNDATIONS,5,95.902618,8
,4,-1.0,7
of,5,0.0,7
,3,-1.0,8
,4,-1.0,8
ANESTHESIOLOGY,5,95.601875,8
