text,level,conf,height
,1,-1.0,648
,2,-1.0,44
,3,-1.0,44
,4,-1.0,44
TEMcybiological,5,0.0,44
Effects,5,96.790634,35
,2,-1.0,34
,3,-1.0,34
,4,-1.0,34
Sex,5,96.222961,31
Steroids,5,0.0,34
,2,-1.0,46
,3,-1.0,46
,4,-1.0,46
edited,5,71.462395,14
by,5,71.462395,17
Hoa,5,37.744259,46
pyrite,5,0.0,45
‘,5,0.0,15
,2,-1.0,648
,3,-1.0,648
,4,-1.0,648
 ,5,95.0,648
