text,level,conf,height
,1,-1.0,680
,2,-1.0,2
,3,-1.0,2
,4,-1.0,2
 ,5,95.0,2
,2,-1.0,50
,3,-1.0,50
,4,-1.0,19
NEUROIMAGING,5,93.296402,19
—,5,80.105515,3
,4,-1.0,19
METHODS,5,96.758591,19
,2,-1.0,15
,3,-1.0,15
,4,-1.0,15
Edited,5,96.814186,12
by,5,95.198151,15
Peter,5,93.518059,11
Bright,5,93.518059,15
,2,-1.0,1
,3,-1.0,1
,4,-1.0,1
 ,5,95.0,1
,2,-1.0,9
,3,-1.0,9
,4,-1.0,9
INTECHWEB.ORG,5,88.685593,9
