text,level,conf,height
,1,-1.0,612
,2,-1.0,283
,3,-1.0,273
,4,-1.0,61
PS,5,55.08461,61
—,5,31.869492,31
,4,-1.0,86
NE,5,96.132599,42
wR,5,51.227551,85
OLOGIG,5,42.361008,43
,4,-1.0,43
INTERVENTIONS,5,95.797493,59
,4,-1.0,66
PHYSICAL,5,96.450218,66
THERAPY,5,95.832657,36
,2,-1.0,248
,3,-1.0,240
,4,-1.0,34
MARTIN,5,59.010502,32
<,5,33.642052,19
,4,-1.0,20
ES,5,24.180695,20
SLET,5,0.0,20
,4,-1.0,83
STE,5,10.310516,36
j,5,0.0,75
be,5,35.941971,24
,2,-1.0,84
,3,-1.0,84
,4,-1.0,84
 ,5,95.0,84
