text,level,conf,height
,1,-1.0,373
,2,-1.0,44
,3,-1.0,44
,4,-1.0,20
Neurosurgery,5,96.775238,20
,4,-1.0,21
ledge,5,88.469269,21
Update,5,96.760536,21
,2,-1.0,136
,3,-1.0,136
,4,-1.0,136
 ,5,95.0,136
,2,-1.0,14
,3,-1.0,14
,4,-1.0,14
o,5,44.952602,14
,2,-1.0,56
,3,-1.0,56
,4,-1.0,56
 ,5,95.0,56
,2,-1.0,12
,3,-1.0,12
,4,-1.0,12
@Thieme,5,51.998306,12
