text,level,conf,height
,1,-1.0,470
,2,-1.0,49
,3,-1.0,49
,4,-1.0,49
 ,5,95.0,49
,2,-1.0,121
,3,-1.0,121
,4,-1.0,29
Neuro-,5,92.754845,29
,4,-1.0,31
endovascular,5,96.599983,31
,4,-1.0,37
Surgery,5,96.36927,37
,2,-1.0,24
,3,-1.0,24
,4,-1.0,7
Editors,5,73.565575,7
,4,-1.0,15
M.B.,5,87.294891,10
Horowitz,5,96.797691,11
%,5,0.0,14
,2,-1.0,9
,3,-1.0,9
,4,-1.0,9
IKARGER],5,61.958424,9
