text,level,conf,height
,1,-1.0,680
,2,-1.0,86
,3,-1.0,86
,4,-1.0,34
NEUROIMAGING,5,93.266533,34
-,5,90.081512,5
,4,-1.0,34
ICAL,5,48.539196,34
APPLICATIONS,5,48.539196,34
,2,-1.0,258
,3,-1.0,258
,4,-1.0,258
  ,5,95.0,258
,2,-1.0,15
,3,-1.0,15
,4,-1.0,15
Edited,5,96.65358,12
by,5,96.770042,15
Peter,5,96.504898,11
Bright,5,94.245667,15
