text,level,conf,height
,1,-1.0,792
,2,-1.0,28
,3,-1.0,28
,4,-1.0,28
 ,5,95.0,28
,2,-1.0,137
,3,-1.0,137
,4,-1.0,42
Neuropsychological,5,91.142212,42
,4,-1.0,43
impairments,5,95.701431,41
of,5,96.931129,43
,4,-1.0,42
short-term,5,96.088608,31
memory,5,96.686348,32
,2,-1.0,83
,3,-1.0,60
,4,-1.0,18
Edited,5,96.723732,14
by,5,96.561386,18
,4,-1.0,14
GIUSEPPE,5,93.251404,14
VALLAR,5,91.503288,14
,4,-1.0,14
and,5,96.517036,14
,3,-1.0,13
,4,-1.0,13
TIM,5,90.693077,13
SHALLICE,5,90.693077,13
