text,level,conf,height
,1,-1.0,447
,2,-1.0,288
,3,-1.0,137
,4,-1.0,53
NEURO,5,51.305462,53
,4,-1.0,288
),5,0.0,45
sti,5,51.752602,288
,2,-1.0,29
,3,-1.0,29
,4,-1.0,29
letworks,5,56.821274,29
