text,level,conf,height
,1,-1.0,376
,2,-1.0,24
,3,-1.0,24
,4,-1.0,24
Neuroergonomics,5,87.414948,24
,2,-1.0,7
,3,-1.0,7
,4,-1.0,7
THE,5,95.157059,7
GRAIN,5,47.190762,6
AT,5,94.91951,5
work,5,20.815956,6
,2,-1.0,200
,3,-1.0,200
,4,-1.0,200
 ,5,95.0,200
,2,-1.0,10
,3,-1.0,10
,4,-1.0,10
Raja,5,83.902847,10
Parasuraman,5,92.444397,8
-,5,57.02293,28
Matthew,5,95.843201,8
Rizzo,5,68.496895,8
