text,level,conf,height
,1,-1.0,666
,2,-1.0,74
,3,-1.0,74
,4,-1.0,34
NEW,5,96.950806,32
CONCEPTS,5,67.253815,34
IN,5,96.650177,32
,4,-1.0,34
CEREBRAL,5,92.26561,34
ISCHEMIA,5,88.689301,34
,2,-1.0,1
,3,-1.0,1
,4,-1.0,1
 ,5,95.0,1
,2,-1.0,22
,3,-1.0,22
,4,-1.0,22
Edited,5,67.52906,19
by,5,96.515869,30
Rick,5,93.189537,17
C.S.,5,87.229538,15
Lin,5,96.940224,15
,2,-1.0,103
,3,-1.0,103
,4,-1.0,103
 ,5,95.0,103
