text,level,conf,height
,1,-1.0,379
,2,-1.0,9
,3,-1.0,9
,4,-1.0,9
EDITED,5,91.77829,7
BY,5,94.631607,28
STEVEN,5,95.495888,9
,2,-1.0,9
,3,-1.0,9
,4,-1.0,9
 ,5,95.0,9
,2,-1.0,9
,3,-1.0,9
,4,-1.0,9
LIAS,5,89.044617,9
