text,level,conf,height
,1,-1.0,353
,2,-1.0,34
,3,-1.0,34
,4,-1.0,9
ADVANCES,5,90.694221,9
,4,-1.0,8
IN,5,83.994423,8
BIOCHEMICAL,5,83.994423,8
ENGINEERING,5,96.605675,8
,4,-1.0,9
BIOTECHNOLOGY,5,96.821442,9
,2,-1.0,301
,3,-1.0,301
,4,-1.0,301
 ,5,95.0,301
,2,-1.0,15
,3,-1.0,15
,4,-1.0,15
B),5,22.953957,15
springer,5,93.927902,9
