text,level,conf,height
,1,-1.0,308
,2,-1.0,40
,3,-1.0,40
,4,-1.0,10
NEW,5,91.270912,10
AND,5,96.90406,10
EVOLVING,5,96.108673,10
,4,-1.0,10
INFECTIONS,5,96.729927,10
OF,5,97.010704,10
THE,5,96.994347,10
,4,-1.0,10
"21""",5,75.158836,10
CENTURY,5,92.884987,10
,2,-1.0,67
,3,-1.0,67
,4,-1.0,67
 ,5,95.0,67
