text,level,conf,height
,1,-1.0,511
,2,-1.0,171
,3,-1.0,136
,4,-1.0,83
New,5,68.178383,63
nea,5,18.509384,83
in,5,90.305412,34
,4,-1.0,81
Met!,5,68.842995,81
ยง,5,41.102196,57
Sexual,5,52.320713,77
Health,5,87.880249,81
,2,-1.0,172
,3,-1.0,172
,4,-1.0,172
 ,5,95.0,172
