text,level,conf,height
,1,-1.0,648
,2,-1.0,55
,3,-1.0,55
,4,-1.0,55
BEFORE,5,96.154091,55
,2,-1.0,25
,3,-1.0,25
,4,-1.0,25
THE,5,95.986122,25
,2,-1.0,54
,3,-1.0,54
,4,-1.0,54
DAWN,5,96.413658,54
,2,-1.0,142
,3,-1.0,142
,4,-1.0,142
 ,5,95.0,142
