text,level,conf,height
,1,-1.0,500
,2,-1.0,142
,3,-1.0,142
,4,-1.0,82
~,5,44.399841,6
GEORGERR,5,86.603874,82
,4,-1.0,69
MARTIN,5,94.903046,69
,2,-1.0,184
,3,-1.0,184
,4,-1.0,83
 ,5,95.0,83
,4,-1.0,44
 ,5,95.0,44
,4,-1.0,57
  ,5,95.0,57
,2,-1.0,5
,3,-1.0,5
,4,-1.0,5
 ,5,95.0,5
,2,-1.0,15
,3,-1.0,15
,4,-1.0,15
-,5,0.0,15
,2,-1.0,40
,3,-1.0,40
,4,-1.0,40
-NIGHTELYERS,5,34.564011,40
,2,-1.0,17
,3,-1.0,17
,4,-1.0,17
AND,5,96.322693,16
OTHER,5,96.584152,17
STORIES,5,96.289383,17
