text,level,conf,height
,1,-1.0,800
,2,-1.0,173
,3,-1.0,173
,4,-1.0,64
THE,5,96.507812,64
,4,-1.0,67
ELECTRICAL,5,33.270905,67
SIGNALS,5,95.941856,67
,2,-1.0,202
,3,-1.0,202
,4,-1.0,67
OF,5,94.725845,67
,4,-1.0,95
PLANETARY.,5,56.127136,94
ORIGIN,5,65.895767,90
,2,-1.0,618
,3,-1.0,618
,4,-1.0,618
 ,5,95.0,618
