text,level,conf,height
,1,-1.0,652
,2,-1.0,95
,3,-1.0,95
,4,-1.0,30
NMR,5,96.574135,30
,4,-1.0,64
Spect,5,92.206116,50
roscopy,5,70.902771,50
,2,-1.0,95
,3,-1.0,95
,4,-1.0,65
Biological,5,96.90123,65
,4,-1.0,34
Solids,5,96.725433,34
,2,-1.0,21
,3,-1.0,21
,4,-1.0,21
Edited,5,89.25631,10
by,5,89.25631,13
A.,5,85.798691,29
Ramamoorthy,5,90.973236,21
,2,-1.0,122
,3,-1.0,122
,4,-1.0,122
 ,5,95.0,122
