text,level,conf,height
,1,-1.0,667
,2,-1.0,22
,3,-1.0,22
,4,-1.0,22
THE,5,95.544334,21
BOOK,5,95.544334,22
OF,5,96.993561,22
,2,-1.0,574
,3,-1.0,574
,4,-1.0,574
 ,5,95.0,574
