text,level,conf,height
,1,-1.0,842
,2,-1.0,24
,3,-1.0,24
,4,-1.0,24
Eloquent,5,96.191765,24
JavaScript,5,96.701469,24
,2,-1.0,14
,3,-1.0,14
,4,-1.0,14
‘A,5,68.93499,11
Modern,5,96.742279,11
Introduction,5,96.266335,11
to,5,96.525146,9
Programming,5,96.525146,14
,2,-1.0,16
,3,-1.0,16
,4,-1.0,16
Marijn,5,76.122826,16
Haverbeke,5,92.574387,13
