text,level,conf,height
,1,-1.0,666
,2,-1.0,26
,3,-1.0,26
,4,-1.0,26
The,5,95.629745,25
Art,5,95.629745,24
of,5,96.445938,26
,2,-1.0,157
,3,-1.0,157
,4,-1.0,63
LEGO,5,96.380325,63
,4,-1.0,81
Design,5,96.171043,81
,2,-1.0,15
,3,-1.0,15
,4,-1.0,15
Creative,5,95.826126,11
Ways,5,95.826126,15
to,5,96.91983,10
Build,5,96.91983,11
Amazing,5,96.994987,14
Models,5,90.194252,11
,2,-1.0,360
,3,-1.0,360
,4,-1.0,360
 ,5,95.0,360
