text,level,conf,height
,1,-1.0,666
,2,-1.0,87
,3,-1.0,87
,4,-1.0,35
PERL,5,96.409744,35
,4,-1.0,37
ONE-LINERS,5,90.074509,37
,2,-1.0,666
,3,-1.0,666
,4,-1.0,666
 ,5,95.0,666
,2,-1.0,465
,3,-1.0,465
,4,-1.0,465
 ,5,95.0,465
