text,level,conf,height
,1,-1.0,667
,2,-1.0,17
,3,-1.0,17
,4,-1.0,17
THE,5,96.3368,16
PRINCIPLES,5,96.212593,17
OF,5,96.135162,17
,2,-1.0,33
,3,-1.0,33
,4,-1.0,33
OBJECT-ORIENTED,5,95.273529,33
,2,-1.0,33
,3,-1.0,33
,4,-1.0,33
JAVASCRIPT,5,96.228531,33
,2,-1.0,667
,3,-1.0,667
,4,-1.0,667
 ,5,95.0,667
,2,-1.0,504
,3,-1.0,504
,4,-1.0,504
 ,5,95.0,504
