text,level,conf,height
,1,-1.0,666
,2,-1.0,107
,3,-1.0,107
,4,-1.0,48
LEARN,5,96.084885,24
TO,5,96.472092,25
yore,5,17.132805,48
,4,-1.0,25
PROGRAM,5,96.602608,25
WITH,5,96.258171,24
,4,-1.0,25
SCRATCH,5,96.222527,25
,2,-1.0,510
,3,-1.0,510
,4,-1.0,510
 ,5,95.0,510
