text,level,conf,height
,1,-1.0,272
,2,-1.0,1
,3,-1.0,1
,4,-1.0,1
 ,5,95.0,1
,2,-1.0,14
,3,-1.0,14
,4,-1.0,14
Noam,5,96.083679,14
,2,-1.0,75
,3,-1.0,75
,4,-1.0,75
Chomsky,5,96.373825,19
Kg,5,25.708405,75
,4,-1.0,15
Edward,5,39.57151,28
W.Said,5,82.926437,28
,2,-1.0,204
,3,-1.0,204
,4,-1.0,204
   ,5,95.0,204
,2,-1.0,23
,3,-1.0,23
,4,-1.0,23
 ,5,95.0,23
