text,level,conf,height
,1,-1.0,473
,2,-1.0,22
,3,-1.0,22
,4,-1.0,11
Edited,5,82.681053,9
by,5,96.942329,11
WILEY-VCH,5,52.010723,9
,4,-1.0,9
Stefan,5,93.287666,9
"H.E,",5,39.443939,8
Kaufmann,5,90.315376,9
———,5,0.0,5
,2,-1.0,90
,3,-1.0,90
,4,-1.0,21
Novel,5,96.412598,21
,4,-1.0,21
Vaccination,5,96.365028,21
,4,-1.0,27
Strategies,5,96.183502,27
,2,-1.0,377
,3,-1.0,377
,4,-1.0,46
  ,5,95.0,46
,4,-1.0,331
   ,5,95.0,331
