text,level,conf,height
,1,-1.0,680
,2,-1.0,576
,3,-1.0,576
,4,-1.0,576
 ,5,95.0,576
,2,-1.0,67
,3,-1.0,67
,4,-1.0,40
Edited,5,84.267136,40
by,5,96.336586,23
,4,-1.0,17
Kostas,5,93.292503,17
N.,5,92.83181,17
Fountas,5,91.672699,17
