text,level,conf,height
,1,-1.0,612
,2,-1.0,535
,3,-1.0,535
,4,-1.0,535
 ,5,95.0,535
,2,-1.0,38
,3,-1.0,38
,4,-1.0,20
Also,5,95.730438,16
available,5,95.730438,16
as,5,96.422462,12
a,5,96.916077,12
printed,5,95.615349,20
book,5,95.615349,16
,4,-1.0,14
see,5,90.435463,10
title,5,95.902718,13
verso,5,96.958435,10
for,5,96.958435,14
ISBN,5,96.924171,14
details,5,89.468315,13
