text,level,conf,height
,1,-1.0,860
,2,-1.0,66
,3,-1.0,66
,4,-1.0,66
Once,5,95.794876,65
a,5,96.1297,43
Week,5,95.681274,66
,2,-1.0,860
,3,-1.0,860
,4,-1.0,860
 ,5,95.0,860
