text,level,conf,height
,1,-1.0,662
,2,-1.0,18
,3,-1.0,18
,4,-1.0,18
O'REILLY,5,63.131104,18
,2,-1.0,58
,3,-1.0,58
,4,-1.0,58
60,5,96.306877,48
Recipes,5,95.862274,57
for,5,96.006035,34
,2,-1.0,138
,3,-1.0,138
,4,-1.0,73
Apache,5,96.520653,73
,4,-1.0,58
l,5,68.918571,58
,2,-1.0,432
,3,-1.0,432
,4,-1.0,432
 ,5,95.0,432
,2,-1.0,662
,3,-1.0,662
,4,-1.0,662
 ,5,95.0,662
,2,-1.0,20
,3,-1.0,20
,4,-1.0,20
Sébastien,5,93.285919,16
Goasguen,5,92.068298,20
