text,level,conf,height
,1,-1.0,662
,2,-1.0,15
,3,-1.0,15
,4,-1.0,15
Core,5,88.019913,9
Techniques,5,96.09951,15
for,5,96.697624,12
Memory,5,96.985558,11
Management,5,96.742119,13
,2,-1.0,368
,3,-1.0,368
,4,-1.0,368
 ,5,95.0,368
,2,-1.0,18
,3,-1.0,18
,4,-1.0,18
O’REILLY*,5,0.0,18
Richard,5,96.948753,12
Reese,5,96.978966,11
