text,level,conf,height
,1,-1.0,721
,2,-1.0,127
,3,-1.0,127
,4,-1.0,127
    ,5,95.0,127
,2,-1.0,12
,3,-1.0,12
,4,-1.0,12
iL,5,27.008049,12
,2,-1.0,74
,3,-1.0,74
,4,-1.0,74
Photographe,5,91.932648,74
,2,-1.0,22
,3,-1.0,22
,4,-1.0,22
rocky,5,96.58696,22
