text,level,conf,height
,1,-1.0,750
,2,-1.0,1
,3,-1.0,1
,4,-1.0,1
 ,5,95.0,1
,2,-1.0,320
,3,-1.0,320
,4,-1.0,320
 ,5,95.0,320
,2,-1.0,367
,3,-1.0,367
,4,-1.0,367
 ,5,95.0,367
,2,-1.0,22
,3,-1.0,22
,4,-1.0,22
OREILLY”,5,12.372604,20
Making,5,76.505608,12
Data,5,94.720093,9
Work,5,96.795509,10
,2,-1.0,750
,3,-1.0,750
,4,-1.0,750
 ,5,95.0,750
,2,-1.0,1
,3,-1.0,1
,4,-1.0,1
 ,5,95.0,1
