text,level,conf,height
,1,-1.0,662
,2,-1.0,529
,3,-1.0,529
,4,-1.0,529
 ,5,95.0,529
,2,-1.0,21
,3,-1.0,21
,4,-1.0,21
Russell,5,93.290367,17
Jurney,5,93.034813,20
