text,level,conf,height
,1,-1.0,662
,2,-1.0,9
,3,-1.0,9
,4,-1.0,9
 ,5,95.0,9
,2,-1.0,15
,3,-1.0,15
,4,-1.0,15
Mapping,5,96.244843,14
the,5,96.96949,12
World,5,91.094772,11
of,5,96.99382,15
Data,5,97.004166,11
Problems,5,94.390671,12
,2,-1.0,512
,3,-1.0,512
,4,-1.0,512
 ,5,95.0,512
,2,-1.0,31
,3,-1.0,31
,4,-1.0,31
O’REILLY*,5,63.666687,31
Q.,5,87.825302,16
Ethan,5,93.892426,13
McCallum,5,96.118942,13
