text,level,conf,height
,1,-1.0,504
,2,-1.0,52
,3,-1.0,52
,4,-1.0,52
Windows,5,95.923111,52
,2,-1.0,15
,3,-1.0,15
,4,-1.0,15
rocket,5,48.425209,12
Reference,5,96.822495,15
,2,-1.0,454
,3,-1.0,454
,4,-1.0,454
 ,5,95.0,454
,2,-1.0,15
,3,-1.0,15
,4,-1.0,15
O’REILLY*,5,46.887039,15
,2,-1.0,16
,3,-1.0,16
,4,-1.0,16
 ,5,95.0,16
