text,level,conf,height
,1,-1.0,662
,2,-1.0,15
,3,-1.0,15
,4,-1.0,15
Optimize,5,94.346443,14
Your,5,96.96106,11
Digital,5,96.858574,15
Books,5,89.762337,12
,2,-1.0,375
,3,-1.0,375
,4,-1.0,375
 ,5,95.0,375
,2,-1.0,12
,3,-1.0,12
,4,-1.0,12
Matt,5,82.873512,11
Garrish,5,89.723495,12
&,5,47.431263,11
,2,-1.0,26
,3,-1.0,26
,4,-1.0,26
O'REILLY®,5,0.0,18
|,5,88.393967,24
<idpf>,5,85.184715,23
Markus,5,84.546921,12
Gylling,5,89.50367,16
