text,level,conf,height
,1,-1.0,662
,2,-1.0,10
,3,-1.0,10
,4,-1.0,10
FAST,5,94.452774,10
AND,5,94.452774,10
,2,-1.0,544
,3,-1.0,544
,4,-1.0,544
 ,5,95.0,544
,2,-1.0,45
,3,-1.0,45
,4,-1.0,21
Jeff,5,92.863213,17
"Sheltren,",5,92.863213,18
Narayan,5,96.560257,19
Newton,5,96.924377,15
,4,-1.0,20
&,5,93.116409,16
Nathaniel,5,93.258102,16
Catchpole,5,92.769554,20
