text,level,conf,height
,1,-1.0,662
,2,-1.0,15
,3,-1.0,15
,4,-1.0,15
From,5,96.945564,10
Simple,5,96.98938,15
Machines,5,96.245209,12
to,5,96.245209,9
Impossible,5,94.459763,15
Programs,5,95.7416,13
,2,-1.0,382
,3,-1.0,382
,4,-1.0,382
 ,5,95.0,382
,2,-1.0,18
,3,-1.0,18
,4,-1.0,18
O’REILLY*,5,0.0,18
Tom,5,95.194168,11
Stuart,5,96.40004,11
