text,level,conf,height
,1,-1.0,662
,2,-1.0,9
,3,-1.0,9
,4,-1.0,9
 ,5,95.0,9
,2,-1.0,14
,3,-1.0,14
,4,-1.0,14
Stylish,5,91.322403,10
Structure:,5,95.396614,9
Publishing,5,79.369804,13
XML,5,93.722618,10
with,5,93.722618,9
Adobe,5,96.982834,11
InDesign,5,95.764908,13
,2,-1.0,538
,3,-1.0,538
,4,-1.0,538
 ,5,95.0,538
,2,-1.0,32
,3,-1.0,32
,4,-1.0,32
O'REILLY,5,57.99054,32
"""Dorothy",5,51.878967,15
J.,5,94.716866,12
Hoskins,5,96.52179,12
