text,level,conf,height
,1,-1.0,662
,2,-1.0,18
,3,-1.0,18
,4,-1.0,18
O'REILLY,5,62.018818,18
,2,-1.0,44
,3,-1.0,44
,4,-1.0,44
Web,5,96.595779,36
Development,5,96.455383,44
,2,-1.0,10
,3,-1.0,10
,4,-1.0,10
DEVELOPING,5,95.394791,10
WEB,5,96.821121,9
APPLICATIONS,5,94.559677,10
WITH,5,96.107071,9
PYTHON,5,96.107071,10
,2,-1.0,528
,3,-1.0,528
,4,-1.0,528
 ,5,95.0,528
,2,-1.0,21
,3,-1.0,21
,4,-1.0,21
Miguel,5,96.983948,21
Grinberg,5,97.005646,20
