text,level,conf,height
,1,-1.0,662
,2,-1.0,28
,3,-1.0,28
,4,-1.0,28
JavaScript,5,96.792908,27
Testing,5,96.902115,27
with,5,96.955505,22
Jasmine,5,96.783218,21
,2,-1.0,11
,3,-1.0,11
,4,-1.0,11
Evan,5,96.565414,10
Hahn,5,95.354645,11
,2,-1.0,13
,3,-1.0,13
,4,-1.0,13
O'REILLY®,5,39.020924,13
,2,-1.0,9
,3,-1.0,9
,4,-1.0,9
Bejing,5,56.716022,9
+,5,58.538136,2
Cambie,5,0.0,9
+,5,63.027508,28
Fama,5,30.773361,7
«Kan,5,57.112885,7
=,5,55.849892,2
Sebatopl»,5,19.069214,9
Toyo,5,44.236012,9
