text,level,conf,height
,1,-1.0,662
,2,-1.0,24
,3,-1.0,24
,4,-1.0,24
Stephen,5,96.338165,21
Wendel,5,95.869476,33
,2,-1.0,16
,3,-1.0,16
,4,-1.0,16
word,5,77.372169,13
by,5,96.167183,34
BI,5,58.914688,34
Fogg,5,85.967743,13
,2,-1.0,542
,3,-1.0,542
,4,-1.0,542
 ,5,95.0,542
