text,level,conf,height
,1,-1.0,662
,2,-1.0,15
,3,-1.0,15
,4,-1.0,15
Powerful,5,95.948372,15
and,5,96.974457,11
Scalable,5,96.961266,12
Data,5,96.991463,11
Storage,5,96.997749,14
,2,-1.0,264
,3,-1.0,264
,4,-1.0,264
 ,5,95.0,264
,2,-1.0,24
,3,-1.0,24
,4,-1.0,24
The,5,96.556084,18
Definitive,5,95.929756,24
Guide,5,96.063225,18
,2,-1.0,18
,3,-1.0,18
,4,-1.0,18
O’REILLY*,5,49.87426,17
Kristina,5,92.73481,11
Chodorow,5,92.73481,13
