text,level,conf,height
,1,-1.0,842
,2,-1.0,97
,3,-1.0,98
,4,-1.0,97
Cookbook,5,96.7882,97
,2,-1.0,574
,3,-1.0,574
,4,-1.0,574
 ,5,95.0,574
,2,-1.0,16
,3,-1.0,16
,4,-1.0,16
lan,5,92.621994,15
F.,5,88.338158,15
Darwin,5,96.162628,16
