text,level,conf,height
,1,-1.0,648
,2,-1.0,376
,3,-1.0,376
,4,-1.0,376
 ,5,95.0,376
,2,-1.0,16
,3,-1.0,16
,4,-1.0,16
Ben,5,96.478477,16
Jones,5,96.478477,16
