text,level,conf,height
,1,-1.0,662
,2,-1.0,18
,3,-1.0,18
,4,-1.0,18
O'REILLY,5,63.579998,18
,2,-1.0,548
,3,-1.0,548
,4,-1.0,548
 ,5,95.0,548
,2,-1.0,16
,3,-1.0,16
,4,-1.0,16
Mike,5,93.258858,16
Crittende:,5,31.948242,16
