text,level,conf,height
,1,-1.0,662
,2,-1.0,173
,3,-1.0,173
,4,-1.0,103
Microsoft,5,95.76516,103
,4,-1.0,64
Project,5,96.558403,64
2013,5,95.171524,53
,2,-1.0,36
,3,-1.0,36
,4,-1.0,36
the,5,96.925751,29
missing,5,96.077835,29
manual,5,96.363686,29
,2,-1.0,88
,3,-1.0,88
,4,-1.0,88
 ,5,95.0,88
,2,-1.0,15
,3,-1.0,15
,4,-1.0,15
OREILLY*,5,67.257141,14
Bonnie,5,93.259865,11
Biafore,5,90.87896,12
