text,level,conf,height
,1,-1.0,662
,2,-1.0,516
,3,-1.0,516
,4,-1.0,516
 ,5,95.0,516
,2,-1.0,20
,3,-1.0,20
,4,-1.0,20
Dr.,5,96.361481,16
Axel,5,93.285118,16
Rauschmayer,5,92.234215,20
