text,level,conf,height
,1,-1.0,662
,2,-1.0,10
,3,-1.0,10
,4,-1.0,10
GRAPHICS,5,95.358788,10
AND,5,96.957191,28
VISUALIZATION,5,95.25811,10
ON,5,96.891106,28
THE,5,96.121246,28
WEB,5,91.964905,28
,2,-1.0,510
,3,-1.0,510
,4,-1.0,510
 ,5,95.0,510
,2,-1.0,16
,3,-1.0,16
,4,-1.0,16
Chris,5,96.073196,16
Wilson,5,94.959419,16
