text,level,conf,height
,1,-1.0,648
,2,-1.0,14
,3,-1.0,14
,4,-1.0,14
O'REILLY®,5,25.607864,14
,2,-1.0,72
,3,-1.0,72
,4,-1.0,72
GalaxyS5,5,90.947075,72
,2,-1.0,46
,3,-1.0,46
,4,-1.0,46
m,5,80.474358,46
the,5,96.034698,23
missing,5,96.034698,29
manual’,5,73.940697,23
,2,-1.0,361
,3,-1.0,361
,4,-1.0,361
 ,5,95.0,361
