text,level,conf,height
,1,-1.0,721
,2,-1.0,351
,3,-1.0,351
,4,-1.0,351
 ,5,95.0,351
,2,-1.0,118
,3,-1.0,118
,4,-1.0,70
Digital,5,96.463196,70
Capture,5,96.324516,68
,4,-1.0,54
After,5,96.204666,54
Dark,5,95.7948,53
,2,-1.0,21
,3,-1.0,21
,4,-1.0,21
rocky,5,96.491234,21
