text,level,conf,height
,1,-1.0,662
,2,-1.0,29
,3,-1.0,29
,4,-1.0,9
0,5,37.596115,9
,4,-1.0,14
"Porting,",5,96.765404,13
"Extending,",5,91.841927,13
and,5,91.841927,7
Customizing,5,96.224548,13
,2,-1.0,153
,3,-1.0,153
,4,-1.0,69
Embedded,5,96.190392,69
,4,-1.0,64
Android,5,96.013512,64
,2,-1.0,29
,3,-1.0,29
,4,-1.0,29
O'REILLY”,5,51.831055,29
Karim,5,93.247421,11
Yaghmour,5,89.320801,15
,2,-1.0,502
,3,-1.0,502
,4,-1.0,502
 ,5,95.0,502
