text,level,conf,height
,1,-1.0,649
,2,-1.0,25
,3,-1.0,25
,4,-1.0,25
rockynook,5,91.773422,25
,2,-1.0,12
,3,-1.0,12
,4,-1.0,12
“4,5,53.445175,3
_NikoniansPress,5,59.439663,12
,2,-1.0,374
,3,-1.0,374
,4,-1.0,374
 ,5,95.0,374
,2,-1.0,14
,3,-1.0,14
,4,-1.0,14
Darrell,5,42.365471,11
Young,5,93.722298,14
,2,-1.0,77
,3,-1.0,77
,4,-1.0,35
Mastering,5,96.807106,34
the,5,96.25425,28
,4,-1.0,41
Nikon,5,95.26445,41
COOLPIX,5,94.458115,40
A,5,94.458115,39
