text,level,conf,height
,1,-1.0,662
,2,-1.0,15
,3,-1.0,15
,4,-1.0,15
Building,5,96.786247,15
"Scalable,",5,92.152092,12
Flexible,5,92.638496,12
Database-Based,5,92.638496,12
Applications,5,92.105835,15
,2,-1.0,26
,3,-1.0,26
,4,-1.0,26
Developing,5,96.409569,26
with,5,96.64566,20
,2,-1.0,408
,3,-1.0,408
,4,-1.0,408
 ,5,95.0,408
,2,-1.0,18
,3,-1.0,18
,4,-1.0,18
O'REILLY”,5,42.212791,17
MC,5,95.056763,11
Brown,5,95.056763,12
