text,level,conf,height
,1,-1.0,504
,2,-1.0,14
,3,-1.0,14
,4,-1.0,14
O'REILLY,5,82.806839,14
,2,-1.0,97
,3,-1.0,97
,4,-1.0,59
Java,5,52.819481,58
8,5,52.819481,58
,4,-1.0,30
Pocket,5,96.837784,30
Guide,5,96.863541,30
,2,-1.0,10
,3,-1.0,10
,4,-1.0,10
INSTANT,5,94.331436,10
HELP,5,94.331436,10
FOR,5,92.921913,10
JAVA,5,92.921913,10
"PROGRAMMERS,",5,93.319962,10
,2,-1.0,18
,3,-1.0,18
,4,-1.0,18
Patricia,5,96.984268,14
Liguori,5,96.209305,18
,2,-1.0,504
,3,-1.0,504
,4,-1.0,504
 ,5,95.0,504
