text,level,conf,height
,1,-1.0,649
,2,-1.0,25
,3,-1.0,25
,4,-1.0,25
rockynook,5,91.331871,25
,2,-1.0,390
,3,-1.0,390
,4,-1.0,390
 ,5,95.0,390
,2,-1.0,2
,3,-1.0,2
,4,-1.0,2
 ,5,95.0,2
,2,-1.0,160
,3,-1.0,160
,4,-1.0,160
 ,5,95.0,160
,2,-1.0,23
,3,-1.0,23
,4,-1.0,23
 ,5,95.0,23
,2,-1.0,2
,3,-1.0,2
,4,-1.0,2
 ,5,95.0,2
,2,-1.0,63
,3,-1.0,63
,4,-1.0,63
Mastering,5,95.731491,63
the,5,93.098022,41
®,5,76.650757,13
,2,-1.0,53
,3,-1.0,53
,4,-1.0,53
Nikon,5,96.138283,52
D610,5,96.234535,50
