text,level,conf,height
,1,-1.0,648
,2,-1.0,45
,3,-1.0,45
,4,-1.0,20
"Kids,",5,96.926407,20
"Tools,",5,96.006042,20
and,5,93.653351,18
the,5,93.653351,18
,4,-1.0,18
Future,5,96.817276,17
of,5,96.732712,18
Innovation,5,96.176849,18
,2,-1.0,15
,3,-1.0,15
,4,-1.0,15
AnnMarie,5,96.543175,15
Thomas,5,90.716202,15
,2,-1.0,648
,3,-1.0,648
,4,-1.0,648
 ,5,95.0,648
