text,level,conf,height
,1,-1.0,648
,2,-1.0,362
,3,-1.0,362
,4,-1.0,362
 ,5,95.0,362
,2,-1.0,21
,3,-1.0,21
,4,-1.0,21
Rachel,5,96.814034,18
Schutt,5,93.287788,18
&,5,93.287788,17
Cathy,5,96.974411,21
O'Neil,5,92.182014,18
