text,level,conf,height
,1,-1.0,648
,2,-1.0,253
,3,-1.0,253
,4,-1.0,155
Thinkin,5,73.807716,155
,4,-1.0,89
with,5,96.698921,89
Data,5,96.698921,89
,2,-1.0,31
,3,-1.0,31
,4,-1.0,31
How,5,96.443542,24
to,5,96.443542,23
Turn,5,96.777504,24
Information,5,96.418587,24
into,5,96.745766,23
Insights,5,95.467468,31
,2,-1.0,205
,3,-1.0,205
,4,-1.0,205
  ,5,95.0,205
 ,5,95.0,59
,2,-1.0,16
,3,-1.0,16
,4,-1.0,16
ol,5,45.979156,16
,2,-1.0,36
,3,-1.0,36
,4,-1.0,36
Max,5,93.211685,36
Shron,5,92.652435,36
