text,level,conf,height
,1,-1.0,662
,2,-1.0,1
,3,-1.0,1
,4,-1.0,1
 ,5,95.0,1
,2,-1.0,662
,3,-1.0,662
,4,-1.0,662
 ,5,95.0,662
,2,-1.0,346
,3,-1.0,346
,4,-1.0,346
 ,5,95.0,346
,2,-1.0,16
,3,-1.0,16
,4,-1.0,16
Micha,5,96.833549,16
Gorelick,5,93.261642,16
&,5,93.261642,16
lan,5,93.268784,15
Ozsvald,5,91.203506,16
,2,-1.0,1
,3,-1.0,1
,4,-1.0,1
 ,5,95.0,1
,2,-1.0,662
,3,-1.0,662
,4,-1.0,662
 ,5,95.0,662
