text,level,conf,height
,1,-1.0,662
,2,-1.0,35
,3,-1.0,35
,4,-1.0,35
 ,5,95.0,35
,2,-1.0,18
,3,-1.0,18
,4,-1.0,18
O'REILLY,5,82.255936,18
,2,-1.0,40
,3,-1.0,40
,4,-1.0,40
with,5,92.976578,39
HTML5,5,81.546219,39
SSE,5,96.350182,40
,2,-1.0,10
,3,-1.0,10
,4,-1.0,10
PRAG,5,78.991623,10
ONS,5,5.097046,10
FOR,5,95.443901,10
REAL-WORLD,5,95.190063,10
CLIENTS,5,95.190063,10
,2,-1.0,478
,3,-1.0,478
,4,-1.0,478
 ,5,95.0,478
,2,-1.0,17
,3,-1.0,17
,4,-1.0,17
Darren,5,96.993393,16
Cook,5,96.995949,17
