text,level,conf,height
,1,-1.0,662
,2,-1.0,64
,3,-1.0,64
,4,-1.0,64
PowerShell,5,94.09008,64
,2,-1.0,87
,3,-1.0,87
,4,-1.0,87
Cookbook,5,96.239914,87
,2,-1.0,580
,3,-1.0,580
,4,-1.0,580
 ,5,95.0,580
,2,-1.0,39
,3,-1.0,39
,4,-1.0,39
"O'REILLY""",5,28.958847,39
eewond,5,2.933884,25
op,5,38.428062,23
id,5,37.314545,25
os,5,39.45491,26
