text,level,conf,height
,1,-1.0,662
,2,-1.0,494
,3,-1.0,494
,4,-1.0,494
 ,5,95.0,494
,2,-1.0,31
,3,-1.0,31
,4,-1.0,31
O’REILLY*,5,46.715374,31
Bruce,5,93.21093,11
Hartpence,5,92.317223,8
