text,level,conf,height
,1,-1.0,662
,2,-1.0,30
,3,-1.0,30
,4,-1.0,30
 ,5,95.0,30
,2,-1.0,174
,3,-1.0,174
,4,-1.0,174
HTMLS,5,29.107086,174
and,5,92.785507,103
!,5,0.0,2
,2,-1.0,519
,3,-1.0,519
,4,-1.0,519
   ,5,95.0,519
,2,-1.0,152
,3,-1.0,152
,4,-1.0,29
i,5,23.849075,29
:,5,0.0,4
\,5,61.295654,10
,4,-1.0,60
\,5,84.362122,30
\,5,91.850746,60
,4,-1.0,75
one,5,49.423252,18
7,5,41.554893,75
