text,level,conf,height
,1,-1.0,649
,2,-1.0,418
,3,-1.0,418
,4,-1.0,418
 ,5,95.0,418
,2,-1.0,35
,3,-1.0,35
,4,-1.0,35
Canon,5,96.154175,35
EOS,5,95.483978,35
70D,5,96.477226,35
,2,-1.0,179
,3,-1.0,179
,4,-1.0,179
   ,5,95.0,179
,2,-1.0,12
,3,-1.0,12
,4,-1.0,12
The,5,93.697121,10
Guide,5,96.637947,10
to,5,96.536102,9
Understanding,5,96.002457,12
and,5,93.794312,10
Using,5,93.794312,12
Your,5,95.600113,10
Camera,5,95.79644,10
