text,level,conf,height
,1,-1.0,662
,2,-1.0,108
,3,-1.0,108
,4,-1.0,57
Programming,5,95.684418,57
,4,-1.0,46
Fundamentals,5,96.287834,46
,2,-1.0,10
,3,-1.0,10
,4,-1.0,10
SICS,5,65.820618,10
,2,-1.0,524
,3,-1.0,524
,4,-1.0,524
 ,5,95.0,524
,2,-1.0,21
,3,-1.0,21
,4,-1.0,21
Matt,5,97.005478,16
Neuburg,5,96.379288,21
