text,level,conf,height
,1,-1.0,662
,2,-1.0,281
,3,-1.0,281
,4,-1.0,113
Juniper,5,96.021408,113
,4,-1.0,74
Networks,5,96.276299,74
,4,-1.0,67
Warrior,5,96.362114,67
,2,-1.0,556
,3,-1.0,556
,4,-1.0,556
 ,5,95.0,556
,2,-1.0,21
,3,-1.0,21
,4,-1.0,21
O’REILLY*,5,32.2827,18
JUNIPELr,5,30.219444,20
Peter,5,96.781555,11
Southwick,5,94.22522,12
