text,level,conf,height
,1,-1.0,666
,2,-1.0,608
,3,-1.0,608
,4,-1.0,608
   ,5,95.0,608
,2,-1.0,50
,3,-1.0,50
,4,-1.0,17
The,5,96.079994,17
Essential,5,96.079994,17
Guide,5,97.006187,17
to,5,96.837685,15
3D,5,96.837685,16
Printers,5,96.728584,17
,4,-1.0,20
Compiled,5,96.326752,20
by,5,96.804398,19
Anna,5,92.585251,16
Kaziunas,5,92.585251,16
France,5,96.865547,16
,2,-1.0,91
,3,-1.0,91
,4,-1.0,91
 ,5,95.0,58
 ,5,95.0,33
,2,-1.0,666
,3,-1.0,666
,4,-1.0,666
 ,5,95.0,666
