text,level,conf,height
,1,-1.0,662
,2,-1.0,17
,3,-1.0,17
,4,-1.0,17
O'REILLY,5,80.889259,17
,2,-1.0,42
,3,-1.0,42
,4,-1.0,42
Building,5,96.361801,42
,2,-1.0,94
,3,-1.0,116
,4,-1.0,94
Polyfills,5,86.56028,94
,2,-1.0,10
,3,-1.0,10
,4,-1.0,10
PLATFO,5,91.880463,10
‘OR,5,86.583511,10
THE,5,96.838104,10
PRESENT,5,96.923943,10
AND,5,96.693703,10
FUTURE,5,92.937004,10
,2,-1.0,358
,3,-1.0,358
,4,-1.0,358
 ,5,95.0,358
,2,-1.0,16
,3,-1.0,16
,4,-1.0,16
Brandon,5,91.456444,16
Satrom,5,91.456444,16
