text,level,conf,height
,1,-1.0,644
,2,-1.0,445
,3,-1.0,445
,4,-1.0,445
 ,5,95.0,445
,2,-1.0,13
,3,-1.0,13
,4,-1.0,13
Darrell,5,89.026009,11
Young,5,89.026009,13
,2,-1.0,36
,3,-1.0,36
,4,-1.0,36
Mastering,5,96.648468,35
the,5,96.762688,28
,2,-1.0,86
,3,-1.0,86
,4,-1.0,86
Nikon,5,96.622009,53
"""D600",5,31.663277,80
,2,-1.0,2
,3,-1.0,2
,4,-1.0,2
 ,5,95.0,2
,2,-1.0,162
,3,-1.0,162
,4,-1.0,162
 ,5,95.0,162
,2,-1.0,24
,3,-1.0,24
,4,-1.0,24
 ,5,95.0,24
,2,-1.0,2
,3,-1.0,2
,4,-1.0,2
 ,5,95.0,2
