text,level,conf,height
,1,-1.0,842
,2,-1.0,239
,3,-1.0,239
,4,-1.0,16
a,5,75.048409,16
a,5,74.331009,16
,4,-1.0,24
The,5,96.903717,19
Quest,5,96.56575,32
for,5,95.843048,19
our,5,95.843048,14
Cosmic,5,96.899857,19
Roots,5,91.482735,18
,4,-1.0,21
TOM,5,92.606689,21
YULSMAN,5,92.027237,21
,2,-1.0,842
,3,-1.0,842
,4,-1.0,842
 ,5,95.0,842
