text,level,conf,height
,1,-1.0,516
,2,-1.0,133
,3,-1.0,133
,4,-1.0,133
UNIVERSAL,5,96.625526,133
,4,-1.0,99
LIBRARY,5,96.529617,99
,2,-1.0,27
,3,-1.0,27
,4,-1.0,27
OU_160807,5,91.752365,27
,2,-1.0,132
,3,-1.0,132
,4,-1.0,100
Auvadl,5,13.129745,100
,4,-1.0,132
WSdaAINN,5,10.447922,132
