text,level,conf,height
,1,-1.0,614
,2,-1.0,18
,3,-1.0,18
,4,-1.0,18
China,5,96.371063,18
Goes,5,96.578621,16
Global,5,96.616455,18
