text,level,conf,height
,1,-1.0,497
,2,-1.0,26
,3,-1.0,26
,4,-1.0,26
|,5,90.028625,3
Reflections,5,95.870293,26
,2,-1.0,497
,3,-1.0,497
,4,-1.0,497
 ,5,95.0,497
