text,level,conf,height
,1,-1.0,383
,2,-1.0,232
,3,-1.0,232
,4,-1.0,232
 ,5,95.0,232
,2,-1.0,48
,3,-1.0,48
,4,-1.0,20
ABSOLUTISM,5,91.399567,20
,4,-1.0,20
in,5,96.841568,18
RENAISSANCE,5,96.475197,20
,2,-1.0,59
,3,-1.0,59
,4,-1.0,59
 ,5,95.0,59
