text,level,conf,height
,1,-1.0,665
,2,-1.0,115
,3,-1.0,154
,4,-1.0,61
OWEN,5,96.881638,23
paving,5,14.646721,52
*,5,28.69249,61
,4,-1.0,54
*,5,90.316116,54
,2,-1.0,135
,3,-1.0,135
,4,-1.0,135
BEWITCHES,5,69.746765,135
,2,-1.0,83
,3,-1.0,83
,4,-1.0,83
The:,5,59.095615,75
ie,5,28.875877,83
,2,-1.0,110
,3,-1.0,110
,4,-1.0,110
ae,5,47.729408,93
XS,5,36.98378,87
,2,-1.0,399
,3,-1.0,399
,4,-1.0,399
   ,5,95.0,399
,2,-1.0,6
,3,-1.0,6
,4,-1.0,6
 ,5,95.0,6
