text,level,conf,height
,1,-1.0,399
,2,-1.0,39
,3,-1.0,39
,4,-1.0,13
GUARDIANS,5,96.130463,13
OF,5,96.95414,13
,4,-1.0,18
REPUBLICANISM,5,96.345955,18
,2,-1.0,399
,3,-1.0,399
,4,-1.0,399
 ,5,95.0,399
,2,-1.0,10
,3,-1.0,10
,4,-1.0,10
MARK,5,93.176201,8
JURDJEVIC,5,92.064476,10
