text,level,conf,height
,1,-1.0,384
,2,-1.0,384
,3,-1.0,384
,4,-1.0,384
   ,5,95.0,384
,2,-1.0,14
,3,-1.0,14
,4,-1.0,14
‘Samuel,5,91.995316,12
K.,5,84.057861,11
"Cohn,",5,81.466194,13
"Jr,",5,53.883076,11
