text,level,conf,height
,1,-1.0,386
,2,-1.0,8
,3,-1.0,8
,4,-1.0,8
Geraldine,5,68.295517,8
A.,5,91.824394,8
Johnson,5,91.240807,8
,2,-1.0,17
,3,-1.0,17
,4,-1.0,17
RENAISSANCE,5,95.849945,17
ART.,5,68.562202,16
,2,-1.0,11
,3,-1.0,11
,4,-1.0,11
‘A,5,53.221508,8
Very,5,56.989471,11
Short,5,94.950203,8
introduction,5,82.73407,8
,2,-1.0,7
,3,-1.0,7
,4,-1.0,7
oxrorD,5,38.060616,7
