text,level,conf,height
,1,-1.0,573
,2,-1.0,11
,3,-1.0,11
,4,-1.0,11
K.,5,87.70723,10
Warner,5,93.276421,11
Schaie,5,92.737839,11
,2,-1.0,11
,3,-1.0,11
,4,-1.0,11
Developmental,5,96.38308,11
Influences,5,95.85479,9
on,5,96.949867,7
Adult,5,96.350609,9
Intelligence,5,93.02562,11
,2,-1.0,9
,3,-1.0,9
,4,-1.0,9
atte,5,22.684464,4
Longitudinal,5,77.179543,9
Study,5,93.841095,9
,2,-1.0,434
,3,-1.0,434
,4,-1.0,434
 ,5,95.0,434
