text,level,conf,height
,1,-1.0,381
,2,-1.0,242
,3,-1.0,242
,4,-1.0,242
 ,5,95.0,242
,2,-1.0,17
,3,-1.0,17
,4,-1.0,17
The,5,96.974808,13
Making,5,96.995964,17
of,5,96.973099,25
a,5,96.973099,8
Patriot,5,96.853203,11
,2,-1.0,5
,3,-1.0,5
,4,-1.0,5
 ,5,95.0,5
