text,level,conf,height
,1,-1.0,400
,2,-1.0,7
,3,-1.0,7
,4,-1.0,7
OXFORD-,5,43.615112,7
WARBURG,5,63.280563,7
STUDIES,5,85.940926,7
,2,-1.0,106
,3,-1.0,106
,4,-1.0,18
A,5,94.601974,17
HISTORY,5,94.601974,18
OF,5,95.751892,15
,4,-1.0,18
RENAISSANCE,5,96.269096,18
,4,-1.0,18
RHETORIC,5,96.422523,18
,4,-1.0,18
1380-1620,5,90.510124,18
,2,-1.0,7
,3,-1.0,7
,4,-1.0,7
PETER,5,72.142059,7
MACK,5,72.142059,7
