text,level,conf,height
,1,-1.0,384
,2,-1.0,225
,3,-1.0,225
,4,-1.0,225
 ,5,95.0,225
,2,-1.0,41
,3,-1.0,41
,4,-1.0,41
4,5,49.576691,21
Renaissetnee,5,0.0,41
England’,5,80.899147,29
,2,-1.0,23
,3,-1.0,23
,4,-1.0,23
Chief,5,68.0466,23
Rabbi,5,96.433701,23
,2,-1.0,36
,3,-1.0,36
,4,-1.0,36
 ,5,95.0,36
