text,level,conf,height
,1,-1.0,369
,2,-1.0,81
,3,-1.0,36
,4,-1.0,14
ARCHAEOLOGIES,5,90.98822,14
,4,-1.0,14
ENGLISH,5,96.199905,14
,3,-1.0,14
,4,-1.0,14
RENAISSANCE,5,96.595024,14
,3,-1.0,14
,4,-1.0,14
LITERATURE,5,96.254883,14
,2,-1.0,182
,3,-1.0,182
,4,-1.0,182
 ,5,95.0,182
