text,level,conf,height
,1,-1.0,396
,2,-1.0,9
,3,-1.0,9
,4,-1.0,9
lan,5,76.730995,9
Shaw,5,90.31089,9
,2,-1.0,17
,3,-1.0,17
,4,-1.0,17
ANCIENT,5,95.823906,17
EGYPT,5,95.785217,17
,2,-1.0,10
,3,-1.0,10
,4,-1.0,10
‘A,5,71.55085,8
Very,5,84.327263,10
Short,5,67.911301,8
Introduction,5,67.911301,8
,2,-1.0,62
,3,-1.0,62
,4,-1.0,62
 ,5,95.0,62
,2,-1.0,8
,3,-1.0,8
,4,-1.0,8
‘oxroRD,5,33.109955,8
