text,level,conf,height
,1,-1.0,509
,2,-1.0,69
,3,-1.0,69
,4,-1.0,16
RENAISSANCE,5,95.71814,16
,4,-1.0,30
POETRY.AND.,5,7.956078,30
,4,-1.0,22
THE,5,60.363422,8
ETHICS,5,92.464775,19
OF,5,94.186028,22
,2,-1.0,479
,3,-1.0,479
,4,-1.0,479
 ,5,95.0,479
