text,level,conf,height
,1,-1.0,792
,2,-1.0,441
,3,-1.0,441
,4,-1.0,441
 ,5,95.0,441
,2,-1.0,72
,3,-1.0,72
,4,-1.0,38
Lightning,5,96.737053,38
Fast,5,96.513298,30
Animation,5,96.277214,30
in,5,95.367867,30
,4,-1.0,30
Element,5,95.867676,30
3D,5,96.656181,30
,2,-1.0,32
,3,-1.0,32
,4,-1.0,32
Ty,5,92.953667,23
Audronis,5,91.039986,18
[,5,87.580986,30
