text,level,conf,height
,1,-1.0,792
,2,-1.0,413
,3,-1.0,413
,4,-1.0,413
 ,5,95.0,413
,2,-1.0,93
,3,-1.0,93
,4,-1.0,43
Raspberry,5,95.943542,42
Pi,5,96.475174,32
Cookbook,5,96.506187,34
,4,-1.0,42
for,5,96.251015,34
Python,5,96.481956,41
Programmers,5,96.285889,41
