text,level,conf,height
,1,-1.0,792
,2,-1.0,345
,3,-1.0,345
,4,-1.0,345
 ,5,95.0,345
,2,-1.0,13
,3,-1.0,13
,4,-1.0,13
Community,5,95.979744,13
Experience,5,96.313606,13
Distilled,5,96.491165,10
,2,-1.0,106
,3,-1.0,106
,4,-1.0,50
3D,5,96.323235,39
Printing,5,96.030312,50
with,5,96.566994,39
,4,-1.0,50
SketchUp,5,95.895195,50
,2,-1.0,30
,3,-1.0,30
,4,-1.0,30
Marcus,5,93.264122,18
Ritland,5,92.43367,18
[,5,89.394913,30
