text,level,conf,height
,1,-1.0,792
,2,-1.0,442
,3,-1.0,442
,4,-1.0,442
 ,5,95.0,442
,2,-1.0,46
,3,-1.0,46
,4,-1.0,46
Alfresco,5,93.269836,46
CMIS,5,91.055115,46
,2,-1.0,31
,3,-1.0,31
,4,-1.0,31
DXUS,5,51.008804,31
,2,-1.0,41
,3,-1.0,41
,4,-1.0,41
Martin,5,93.230072,18
Bergljung,5,91.225021,23
[,5,76.036697,29
],5,42.57021,29
opensource’,5,42.57021,41
