text,level,conf,height
,1,-1.0,792
,2,-1.0,547
,3,-1.0,547
,4,-1.0,547
 ,5,95.0,547
,2,-1.0,25
,3,-1.0,25
,4,-1.0,25
Hedwyg,5,92.168236,25
van,5,93.286278,15
Groenendaal,5,90.861649,20
