text,level,conf,height
,1,-1.0,792
,2,-1.0,12
,3,-1.0,12
,4,-1.0,12
Commun,5,95.271851,10
ity,5,95.665085,12
Experience,5,95.681877,12
Distilled,5,96.593994,10
,2,-1.0,100
,3,-1.0,100
,4,-1.0,40
Designing,5,96.49884,39
Next,5,96.421646,31
Generation,5,96.533356,32
,4,-1.0,41
Web,5,96.630707,32
Projects,5,96.789124,40
with,5,93.076874,32
CSS3,5,91.699982,33
,2,-1.0,37
,3,-1.0,37
,4,-1.0,37
Sandro,5,93.295074,17
Paganotti,5,91.479446,22
-PACKT.,5,0.0,37
