text,level,conf,height
,1,-1.0,792
,2,-1.0,174
,3,-1.0,174
,4,-1.0,174
 ,5,95.0,174
,2,-1.0,46
,3,-1.0,46
,4,-1.0,46
Gitolite,5,90.825256,46
Essentials,5,96.299538,45
,2,-1.0,34
,3,-1.0,34
,4,-1.0,34
Sitaram,5,93.21875,19
Chamarty,5,91.58284,23
[,5,67.244125,29
],5,93.143471,29
open,5,95.797783,38
source?,5,75.004776,38
