text,level,conf,height
,1,-1.0,648
,2,-1.0,450
,3,-1.0,450
,4,-1.0,450
 ,5,95.0,450
,2,-1.0,24
,3,-1.0,24
,4,-1.0,24
Yuxing,5,91.367355,18
Yan,5,96.713631,14
[,5,87.620575,24
,2,-1.0,46
,3,-1.0,46
,4,-1.0,46
 ,5,95.0,46
