text,level,conf,height
,1,-1.0,792
,2,-1.0,443
,3,-1.0,443
,4,-1.0,443
 ,5,95.0,443
,2,-1.0,119
,3,-1.0,119
,4,-1.0,53
Shopify,5,90.558258,53
Application,5,96.125053,51
,4,-1.0,51
Development,5,95.743172,51
,2,-1.0,33
,3,-1.0,33
,4,-1.0,33
Michael,5,96.323952,18
Larkin,5,96.959755,18
[,5,89.922073,28
],5,84.746689,29
opensource,5,54.074883,33
