text,level,conf,height
,1,-1.0,792
,2,-1.0,434
,3,-1.0,434
,4,-1.0,434
 ,5,95.0,434
,2,-1.0,89
,3,-1.0,89
,4,-1.0,45
jQuery,5,96.35508,45
2.0,5,96.198433,35
Development,5,96.198433,44
,4,-1.0,35
Cookbook,5,96.486916,35
