text,level,conf,height
,1,-1.0,792
,2,-1.0,441
,3,-1.0,441
,4,-1.0,441
 ,5,95.0,441
,2,-1.0,13
,3,-1.0,13
,4,-1.0,13
ity,5,96.173058,12
Exp,5,95.689598,13
ence,5,94.609543,8
Distilled,5,95.711792,10
,2,-1.0,104
,3,-1.0,104
,4,-1.0,51
Apache,5,96.459694,50
Solr,5,96.744926,40
High,5,96.394234,51
,4,-1.0,40
Performance,5,96.569984,40
,2,-1.0,42
,3,-1.0,42
,4,-1.0,42
Surendra,5,96.229431,18
Mohan,5,96.887985,17
[,5,78.477257,30
],5,52.894203,30
opensource’?,5,44.765621,42
