text,level,conf,height
,1,-1.0,792
,2,-1.0,302
,3,-1.0,302
,4,-1.0,302
 ,5,95.0,302
,2,-1.0,94
,3,-1.0,94
,4,-1.0,45
matplotlib,5,91.855095,45
Plotting,5,96.403709,45
,4,-1.0,36
Cookbook,5,96.720657,36
