text,level,conf,height
,1,-1.0,792
,2,-1.0,441
,3,-1.0,441
,4,-1.0,441
 ,5,95.0,441
,2,-1.0,42
,3,-1.0,42
,4,-1.0,42
iOS,5,95.766884,34
7,5,95.403786,33
Game,5,95.403786,34
Development,5,96.013336,41
,2,-1.0,32
,3,-1.0,32
,4,-1.0,32
Dmitry,5,92.953873,22
Volevodz,5,92.408188,18
[,5,89.747879,31
],5,84.562386,31
