text,level,conf,height
,1,-1.0,792
,2,-1.0,93
,3,-1.0,93
,4,-1.0,48
Moodle,5,96.419159,37
Course,5,96.044289,37
Design,5,96.044289,48
,4,-1.0,37
Best,5,96.690773,37
Practices,5,96.607239,37
,2,-1.0,44
,3,-1.0,44
,4,-1.0,38
Susan,5,96.881241,29
Smith,5,96.157288,16
Nash,5,96.157288,16
[,5,92.437653,30
],5,59.485966,29
open,5,93.084793,14
sourcet?,5,39.851212,19
,4,-1.0,18
Michelle,5,96.671783,16
Moore,5,96.734016,16
rustisuiney,5,0.0,6
