text,level,conf,height
,1,-1.0,792
,2,-1.0,446
,3,-1.0,446
,4,-1.0,446
 ,5,95.0,446
,2,-1.0,79
,3,-1.0,79
,4,-1.0,38
Grome,5,91.963341,30
Terrain,5,96.725159,29
Modeling,5,96.303864,37
with,5,96.944786,29
,4,-1.0,38
"Ogre3D,",5,91.783653,38
"UDK,",5,92.324715,36
and,5,92.883316,30
Unity3D,5,92.018448,38
,2,-1.0,37
,3,-1.0,37
,4,-1.0,37
Richard,5,96.051903,17
A.,5,96.358131,17
Hawley,5,95.503479,22
-PACKT.,5,0.0,37
