text,level,conf,height
,1,-1.0,792
,2,-1.0,135
,3,-1.0,135
,4,-1.0,135
 ,5,95.0,135
,2,-1.0,49
,3,-1.0,49
,4,-1.0,49
ReSharper,5,96.86898,49
Essentials,5,96.233665,39
,2,-1.0,37
,3,-1.0,37
,4,-1.0,37
tukasz,5,89.131958,19
Gasior,5,91.702118,25
PACKT.,5,0.0,37
