text,level,conf,height
,1,-1.0,792
,2,-1.0,420
,3,-1.0,420
,4,-1.0,420
 ,5,95.0,420
,2,-1.0,44
,3,-1.0,44
,4,-1.0,44
Kendo,5,95.8592,43
UI,5,84.530006,43
Cookbook,5,95.788231,44
