text,level,conf,height
,1,-1.0,792
,2,-1.0,424
,3,-1.0,424
,4,-1.0,424
 ,5,95.0,424
,2,-1.0,100
,3,-1.0,100
,4,-1.0,53
Hadoop,5,92.760742,53
MapReduce,5,91.916672,53
,4,-1.0,42
Cookbook,5,96.692047,42
