text,level,conf,height
,1,-1.0,792
,2,-1.0,176
,3,-1.0,176
,4,-1.0,176
 ,5,95.0,176
,2,-1.0,12
,3,-1.0,12
,4,-1.0,12
Community,5,94.062019,12
Experience,5,96.476372,12
Distilled,5,96.076881,10
,2,-1.0,110
,3,-1.0,110
,4,-1.0,53
Getting,5,96.105461,53
Started,5,96.846596,42
with,5,96.150719,41
,4,-1.0,42
Clickteam,5,92.678345,42
Fusion,5,96.339752,41
,2,-1.0,41
,3,-1.0,41
,4,-1.0,41
Jiirgen,5,90.619606,18
Brunner,5,96.088379,15
[,5,91.683701,28
],5,25.549347,28
opensource?,5,25.549347,41
