text,level,conf,height
,1,-1.0,792
,2,-1.0,443
,3,-1.0,443
,4,-1.0,443
 ,5,95.0,443
,2,-1.0,103
,3,-1.0,103
,4,-1.0,50
Getting,5,96.206253,50
Started,5,96.239342,40
with,5,96.845947,40
,4,-1.0,40
CreateJS,5,91.676163,40
,2,-1.0,33
,3,-1.0,33
,4,-1.0,33
Afshin,5,93.297302,18
Mehrabani,5,91.733078,18
[,5,82.572426,29
],5,93.090012,29
open,5,94.431274,36
source?,5,73.99263,28
