text,level,conf,height
,1,-1.0,792
,2,-1.0,422
,3,-1.0,422
,4,-1.0,422
 ,5,95.0,422
,2,-1.0,45
,3,-1.0,45
,4,-1.0,45
PostGIS,5,92.511459,45
Cookbook,5,96.702988,45
