text,level,conf,height
,1,-1.0,648
,2,-1.0,360
,3,-1.0,360
,4,-1.0,360
 ,5,95.0,360
,2,-1.0,34
,3,-1.0,34
,4,-1.0,34
Data,5,96.652672,27
Manipulation,5,95.568939,34
with,5,93.257309,27
R,5,93.257309,27
,2,-1.0,35
,3,-1.0,35
,4,-1.0,35
Jaynal,5,90.903053,18
Abedin,5,97.004601,14
[,5,67.980583,23
Jopensource®,5,44.855331,35
,2,-1.0,5
,3,-1.0,5
,4,-1.0,5
 ,5,95.0,5
