text,level,conf,height
,1,-1.0,792
,2,-1.0,422
,3,-1.0,422
,4,-1.0,422
   ,5,95.0,422
,2,-1.0,13
,3,-1.0,13
,4,-1.0,13
Community,5,95.88324,13
Experience,5,96.064819,13
Distilled,5,95.37693,11
,2,-1.0,92
,3,-1.0,92
,4,-1.0,43
Redmine,5,92.532906,33
Plugin,5,96.610779,43
Extension,5,96.759262,33
,4,-1.0,42
and,5,96.359848,34
Development,5,96.108849,42
,2,-1.0,34
,3,-1.0,34
,4,-1.0,34
Alex,5,96.459679,18
Bevilacqua,5,96.511116,22
[,5,90.52977,29
],5,0.0,29
open,5,0.0,14
source’?,5,58.329506,28
