text,level,conf,height
,1,-1.0,842
,2,-1.0,133
,3,-1.0,133
,4,-1.0,23
The,5,96.84845,23
Illustrated,5,85.722122,23
,4,-1.0,29
Use,5,96.564293,23
of,5,93.281662,24
Rapiers,5,90.748528,28
and,5,96.815659,23
,4,-1.0,23
Cut-and-Thrust,5,91.954002,23
,4,-1.0,23
Swords,5,96.465027,23
,2,-1.0,16
,3,-1.0,16
,4,-1.0,16
John,5,96.66468,16
Clements,5,96.398094,15
,2,-1.0,842
,3,-1.0,842
,4,-1.0,842
 ,5,95.0,842
