text,level,conf,height
,1,-1.0,500
,2,-1.0,59
,3,-1.0,59
,4,-1.0,24
LOIS,5,96.476639,19
MCMASTER,5,93.014709,24
BUJOLD.,5,31.525444,24
,4,-1.0,33
.,5,0.0,8
j,5,3.841393,18
READING,5,93.434715,13
,2,-1.0,53
,3,-1.0,53
,4,-1.0,53
Wi,5,32.54583,53
ia,5,40.569035,12
,2,-1.0,188
,3,-1.0,188
,4,-1.0,188
   ,5,95.0,188
