text,level,conf,height
,1,-1.0,750
,2,-1.0,92
,3,-1.0,92
,4,-1.0,92
Bernard,5,96.157738,92
,2,-1.0,151
,3,-1.0,151
,4,-1.0,151
LO,5,81.41127,151
,2,-1.0,14
,3,-1.0,14
,4,-1.0,14
sh,5,20.867599,14
,2,-1.0,710
,3,-1.0,710
,4,-1.0,710
 ,5,95.0,710
