text,level,conf,height
,1,-1.0,792
,2,-1.0,50
,3,-1.0,50
,4,-1.0,18
EXTRAORDINARY,5,96.353027,18
POWERS,5,95.631081,18
IN,5,95.631081,17
,4,-1.0,18
HUMANS,5,96.801743,18
,2,-1.0,10
,3,-1.0,10
,4,-1.0,10
BY,5,96.640259,10
PANE,5,92.938522,10
ANDOV,5,87.653053,10
