text,level,conf,height
,1,-1.0,389
,2,-1.0,49
,3,-1.0,49
,4,-1.0,24
The,5,93.300423,15
Re-Emergence,5,91.44416,24
,4,-1.0,24
of,5,96.699181,14
Emergence,5,96.514107,24
,2,-1.0,24
,3,-1.0,24
,4,-1.0,11
entist,5,91.524208,6
"Hypothesis,",5,63.278763,11
,4,-1.0,11
ce,5,59.987396,5
t0,5,59.987396,6
Religion,5,61.773968,11
,2,-1.0,29
,3,-1.0,29
,4,-1.0,29
  ,5,95.0,29
,2,-1.0,105
,3,-1.0,105
,4,-1.0,105
 ,5,95.0,105
,2,-1.0,75
,3,-1.0,75
,4,-1.0,75
eens,5,21.812103,11
eas,5,26.468552,75
