text,level,conf,height
,1,-1.0,246
,2,-1.0,151
,3,-1.0,151
,4,-1.0,21
THE,5,96.746918,20
LAST,5,96.763885,21
,4,-1.0,21
SELF-HELP,5,96.101097,21
,4,-1.0,21
BOOK,5,95.745544,21
,4,-1.0,21
YOULL,5,56.742332,21
,4,-1.0,21
",EED",5,0.0,21
,2,-1.0,181
,3,-1.0,181
,4,-1.0,34
 ,5,95.0,34
,4,-1.0,89
   ,5,95.0,89
 ,5,95.0,23
,4,-1.0,58
 ,5,95.0,58
