text,level,conf,height
,1,-1.0,657
,2,-1.0,121
,3,-1.0,121
,4,-1.0,53
Practical,5,95.650467,53
,4,-1.0,57
CSS3,5,85.952347,57
,2,-1.0,41
,3,-1.0,41
,4,-1.0,41
DEVELOP,5,94.546631,25
AND,5,94.546631,25
DESIGN,5,96.624443,41
,2,-1.0,398
,3,-1.0,398
,4,-1.0,398
 ,5,95.0,398
