text,level,conf,height
,1,-1.0,322
,2,-1.0,322
,3,-1.0,322
,4,-1.0,258
  ,5,95.0,258
,4,-1.0,64
  ,5,95.0,64
,2,-1.0,44
,3,-1.0,44
,4,-1.0,19
PHYSIOLOGY,5,96.268036,19
,4,-1.0,18
of,5,96.746429,17
BEHAVIOR,5,96.38546,14
,2,-1.0,8
,3,-1.0,8
,4,-1.0,8
Neil,5,87.267082,8
R.Carlson,5,61.959831,8
