text,level,conf,height
,1,-1.0,792
,2,-1.0,61
,3,-1.0,61
,4,-1.0,61
B),5,0.0,3
HISTORICAL|,5,80.945869,61
>,5,57.632156,7
,2,-1.0,702
,3,-1.0,702
,4,-1.0,702
 ,5,95.0,702
