text,level,conf,height
,1,-1.0,511
,2,-1.0,132
,3,-1.0,132
,4,-1.0,132
 ,5,95.0,132
,2,-1.0,9
,3,-1.0,9
,4,-1.0,9
PETER,5,95.90918,9
HOFFMANN,5,96.233894,9
,2,-1.0,159
,3,-1.0,159
,4,-1.0,159
 ,5,95.0,159
