text,level,conf,height
,1,-1.0,666
,2,-1.0,10
,3,-1.0,10
,4,-1.0,10
and,5,95.769287,10
Disease,5,95.447411,10
Volume,5,96.660034,10
212,5,96.801834,10
,2,-1.0,36
,3,-1.0,36
,4,-1.0,36
 ,5,95.0,36
,2,-1.0,85
,3,-1.0,85
,4,-1.0,42
Pharmacotherapy,5,96.71656,42
,4,-1.0,33
of,5,96.65847,33
Asthma,5,96.472832,33
,2,-1.0,278
,3,-1.0,278
,4,-1.0,278
 ,5,95.0,278
,2,-1.0,52
,3,-1.0,52
,4,-1.0,17
edited,5,95.267059,13
by,5,95.267059,17
,4,-1.0,27
James,5,89.827118,27
T.,5,87.227493,20
Li,5,96.997543,20
