text,level,conf,height
,1,-1.0,680
,2,-1.0,4
,3,-1.0,4
,4,-1.0,4
 ,5,95.0,4
,2,-1.0,19
,3,-1.0,19
,4,-1.0,19
PHARMACOLOGY,5,96.344925,19
,2,-1.0,15
,3,-1.0,15
,4,-1.0,15
Edited,5,96.676849,12
by,5,96.984596,15
Luca,5,93.282913,11
Gallelli,5,91.813484,12
,2,-1.0,3
,3,-1.0,3
,4,-1.0,3
 ,5,95.0,3
,2,-1.0,9
,3,-1.0,9
,4,-1.0,9
INTECHWEB.ORG,5,88.685593,9
