text,level,conf,height
,1,-1.0,667
,2,-1.0,51
,3,-1.0,51
,4,-1.0,15
Pharmacology,5,95.1576,15
and,5,95.1576,11
Abuse,5,96.346733,11
of,5,96.346733,11
"Cocaine,",5,96.240044,13
,4,-1.0,15
"Amphetamines,",5,89.707634,15
Ecstasy,5,84.268173,15
and,5,96.90239,11
Related,5,96.816307,11
,4,-1.0,15
Designer,5,96.971146,15
Drugs,5,96.811226,15
