text,level,conf,height
,1,-1.0,503
,2,-1.0,9
,3,-1.0,9
,4,-1.0,9
WILEY-VCH,5,0.0,9
,2,-1.0,27
,3,-1.0,27
,4,-1.0,13
ited,5,80.772064,10
by,5,92.334648,13
,4,-1.0,12
Sylvia,5,93.295242,12
Daunert,5,93.006584,9
and,5,96.859482,10
Sapna,5,81.405365,11
K.Deo,5,81.405365,9
,2,-1.0,79
,3,-1.0,79
,4,-1.0,45
Photoproteins,5,92.852814,45
,4,-1.0,41
in,5,96.746513,19
Bioanalysis,5,96.746513,41
,2,-1.0,271
,3,-1.0,271
,4,-1.0,271
 ,5,95.0,271
