text,level,conf,height
,1,-1.0,651
,2,-1.0,276
,3,-1.0,276
,4,-1.0,57
aging,5,96.876625,57
,4,-1.0,79
Py,5,36.082458,79
AZT,5,39.509525,79
,4,-1.0,106
(PE,5,23.644638,149
On),5,2.725716,149
