text,level,conf,height
,1,-1.0,875
,2,-1.0,616
,3,-1.0,616
,4,-1.0,295
    ,5,95.0,295
 ,5,95.0,78
,4,-1.0,321
 ,5,95.0,321
,2,-1.0,23
,3,-1.0,23
,4,-1.0,23
Michael,5,92.664551,23
H.,5,35.0047,23
Gold,5,35.0047,23
Editor,5,94.761864,23
,2,-1.0,155
,3,-1.0,155
,4,-1.0,77
Photodynamic,5,96.323059,77
,4,-1.0,77
Therapy,5,96.890396,77
in,5,96.890396,57
,2,-1.0,34
,3,-1.0,34
,4,-1.0,34
D,5,39.892456,33
Springer,5,96.496552,26
