text,level,conf,height
,1,-1.0,580
,2,-1.0,73
,3,-1.0,73
,4,-1.0,73
g,5,34.858353,98
,2,-1.0,203
,3,-1.0,203
,4,-1.0,148
Phys,5,66.453262,97
otherapy,5,63.377132,148
,4,-1.0,89
Oriflopaedics,5,46.889683,89
,2,-1.0,37
,3,-1.0,37
,4,-1.0,15
A,5,93.997879,14
PROBLEM-SOLVING,5,95.80233,15
,4,-1.0,15
APPROACH,5,76.672928,15
