text,level,conf,height
,1,-1.0,151
,2,-1.0,76
,3,-1.0,76
,4,-1.0,76
 ,5,95.0,76
,2,-1.0,29
,3,-1.0,29
,4,-1.0,11
PAYSIEAL,5,25.703407,29
THERAPY,5,26.107742,29
,4,-1.0,15
ETHICS,5,94.386932,15
,2,-1.0,16
,3,-1.0,16
,4,-1.0,16
 ,5,95.0,16
