text,level,conf,height
,1,-1.0,470
,2,-1.0,28
,3,-1.0,28
,4,-1.0,28
Physical,5,96.551338,28
Therapy,5,95.565903,28
of,5,58.408436,36
ne,5,58.408436,36
,2,-1.0,107
,3,-1.0,107
,4,-1.0,107
Shoulder,5,95.705147,107
,2,-1.0,22
,3,-1.0,22
,4,-1.0,22
Edited,5,94.125366,13
by,5,96.609718,14
Robert,5,96.761421,21
A.,5,96.796387,20
Donatelli,5,93.484138,21
