text,level,conf,height
,1,-1.0,698
,2,-1.0,28
,3,-1.0,28
,4,-1.0,28
Gopal,5,93.200493,28
B.,5,75.731674,21
Saha,5,96.937538,22
,2,-1.0,107
,3,-1.0,107
,4,-1.0,46
Physics,5,96.775169,46
and,5,96.775169,35
,4,-1.0,57
Radiobiology,5,95.652344,57
of,5,96.892281,57
,2,-1.0,182
,3,-1.0,182
,4,-1.0,182
 ,5,95.0,182
,2,-1.0,22
,3,-1.0,22
,4,-1.0,22
Third,5,96.381737,22
Edition,5,96.381737,22
,2,-1.0,35
,3,-1.0,35
,4,-1.0,35
D,5,56.584305,30
Springer,5,96.305443,31
