text,level,conf,height
,1,-1.0,783
,2,-1.0,50
,3,-1.0,50
,4,-1.0,50
PH,5,32.341843,48
YSIGs,5,32.341843,50
,2,-1.0,17
,3,-1.0,17
,4,-1.0,17
FOR,5,96.94014,9
SCIENTISTS,5,96.632523,9
AND,5,96.332565,9
ENGINEERS,5,96.332565,9
A,5,96.878181,9
STRATEGIC,5,96.367241,10
APPROACH,5,93.111671,9
4/t,5,24.471581,17
,2,-1.0,11
,3,-1.0,11
,4,-1.0,11
RANDALL,5,91.322807,11
D.,5,86.672684,11
KNIGHT,5,96.79071,11
,2,-1.0,81
,3,-1.0,81
,4,-1.0,81
 ,5,95.0,81
,2,-1.0,50
,3,-1.0,50
,4,-1.0,50
 ,5,95.0,50
