text,level,conf,height
,1,-1.0,298
,2,-1.0,49
,3,-1.0,49
,4,-1.0,49
 ,5,95.0,49
,2,-1.0,44
,3,-1.0,44
,4,-1.0,15
Pitch,5,96.503845,15
,4,-1.0,12
Neural,5,88.15596,10
Coding,5,89.46302,12
and,5,62.339935,10
,4,-1.0,12
Perception,5,4.17865,12
,2,-1.0,170
,3,-1.0,170
,4,-1.0,170
 ,5,95.0,170
