text,level,conf,height
,1,-1.0,648
,2,-1.0,204
,3,-1.0,187
,4,-1.0,69
_plerwoosin,5,0.0,69
eg,5,27.844322,68
<!,5,14.735321,43
,4,-1.0,50
Placenta,5,48.514824,51
,4,-1.0,78
ahd,5,8.999161,64
Trophoblast,5,82.692413,75
,2,-1.0,105
,3,-1.0,105
,4,-1.0,80
7,5,18.854935,36
Met,5,47.842487,38
Ghd,5,6.227333,62
Protocols.,5,77.977875,61
,4,-1.0,37
_,5,0.0,2
Volume,5,71.098297,27
2,5,71.098297,34
,2,-1.0,28
,3,-1.0,28
,4,-1.0,28
 ,5,95.0,28
,2,-1.0,433
,3,-1.0,433
,4,-1.0,433
  ,5,95.0,433
