text,level,conf,height
,1,-1.0,750
,2,-1.0,125
,3,-1.0,125
,4,-1.0,125
PLATELETS,5,96.165497,197
,2,-1.0,491
,3,-1.0,491
,4,-1.0,491
 ,5,95.0,491
,2,-1.0,58
,3,-1.0,58
,4,-1.0,58
Alan,5,93.297165,32
D.,5,92.776962,28
Michelson,5,95.963287,31
@,5,40.566238,52
