text,level,conf,height
,1,-1.0,648
,2,-1.0,80
,3,-1.0,80
,4,-1.0,27
PLAY,5,96.065735,27
,4,-1.0,21
IN,5,88.622574,12
CHILD,5,95.428139,21
DEVELOPMENT,5,95.428139,21
,4,-1.0,21
anp,5,81.931793,12
PSYCHOTHERAPY,5,95.959785,21
,2,-1.0,12
,3,-1.0,12
,4,-1.0,12
Empirically,5,96.716454,9
Supported,5,93.301979,12
P:,5,35.759041,9
,2,-1.0,648
,3,-1.0,648
,4,-1.0,648
 ,5,95.0,648
,2,-1.0,14
,3,-1.0,14
,4,-1.0,14
SANDRA,5,92.487251,14
W.,5,88.754395,14
Russ,5,91.965157,14
