text,level,conf,height
,1,-1.0,327
,2,-1.0,73
,3,-1.0,73
,4,-1.0,21
Pocket,5,0.0,21
GUIDE,5,96.959229,21
,4,-1.0,21
TO,5,65.580109,15
CrivicAL,5,36.724922,21
CARE,5,44.916183,21
,4,-1.0,21
PHARMACOTHERAPY,5,96.571625,21
,2,-1.0,29
,3,-1.0,29
,4,-1.0,13
JouN,5,36.257187,13
"Paraporovios,",5,13.504333,13
,4,-1.0,9
wu.,5,0.0,8
"FCCM,",5,83.430191,9
BCNSP,5,14.858414,8
,2,-1.0,9
,3,-1.0,9
,4,-1.0,9
 ,5,95.0,9
,2,-1.0,31
,3,-1.0,31
,4,-1.0,31
 ,5,95.0,31
