text,level,conf,height
,1,-1.0,595
,2,-1.0,21
,3,-1.0,21
,4,-1.0,21
china,5,27.900551,7
FAB),5,0.0,21
toDay,5,26.455383,7
,2,-1.0,54
,3,-1.0,54
,4,-1.0,21
CYBER,5,96.632645,21
POLICY,5,95.674774,21
IN,5,95.050926,21
CHINA,5,95.050926,21
,4,-1.0,16
GREG,5,96.7435,15
AUSTIN,5,96.770691,16
,2,-1.0,178
,3,-1.0,178
,4,-1.0,178
 ,5,95.0,178
,2,-1.0,58
,3,-1.0,58
,4,-1.0,58
 ,5,95.0,58
