text,level,conf,height
,1,-1.0,650
,2,-1.0,390
,3,-1.0,390
,4,-1.0,390
  ,5,95.0,390
,2,-1.0,22
,3,-1.0,22
,4,-1.0,22
Benoit,5,96.731728,22
Peeters,5,96.562584,21
