text,level,conf,height
,1,-1.0,490
,2,-1.0,490
,3,-1.0,490
,4,-1.0,211
   ,5,95.0,211
,4,-1.0,279
 ,5,95.0,279
,2,-1.0,88
,3,-1.0,88
,4,-1.0,45
RELEASE,5,91.47937,45
|,5,91.47937,14
,4,-1.0,25
HERAPY,5,91.542068,25
,2,-1.0,274
,3,-1.0,274
,4,-1.0,274
 ,5,95.0,274
