text,level,conf,height
,1,-1.0,692
,2,-1.0,2
,3,-1.0,2
,4,-1.0,2
 ,5,95.0,2
,2,-1.0,10
,3,-1.0,10
,4,-1.0,10
Post-traumatic,5,95.784416,10
Stress,5,93.03801,10
Disorder,5,96.29837,10
,2,-1.0,3
,3,-1.0,3
,4,-1.0,3
 ,5,95.0,3
,2,-1.0,1
,3,-1.0,1
,4,-1.0,1
 ,5,95.0,1
