text,level,conf,height
,1,-1.0,720
,2,-1.0,15
,3,-1.0,15
,4,-1.0,15
Practical,5,93.196259,11
Management,5,96.863083,14
of,5,96.679626,11
Thyroid,5,96.679626,15
Cancer,5,96.839432,11
,2,-1.0,1
,3,-1.0,1
,4,-1.0,1
 ,5,95.0,1
