text,level,conf,height
,1,-1.0,383
,2,-1.0,31
,3,-1.0,31
,4,-1.0,31
___,5,34.879272,8
PRACTICAL,5,96.922485,19
,2,-1.0,20
,3,-1.0,20
,4,-1.0,20
RIC,5,95.919579,20
,2,-1.0,383
,3,-1.0,383
,4,-1.0,383
 ,5,95.0,383
