text,level,conf,height
,1,-1.0,504
,2,-1.0,86
,3,-1.0,86
,4,-1.0,10
Practical,5,92.047836,10
Manual,5,96.559792,10
of,5,96.333344,10
,4,-1.0,26
Abdominal,5,95.766403,20
Organ,5,95.766403,26
,4,-1.0,26
Transplantation,5,95.986084,26
