text,level,conf,height
,1,-1.0,677
,2,-1.0,7
,3,-1.0,7
,4,-1.0,7
SECOND,5,96.256279,7
EDITION,5,94.958969,7
,2,-1.0,321
,3,-1.0,321
,4,-1.0,321
 ,5,95.0,321
