text,level,conf,height
,1,-1.0,381
,2,-1.0,10
,3,-1.0,10
,4,-1.0,10
ogihy-stwart,5,0.0,10
and,5,0.0,28
,2,-1.0,157
,3,-1.0,157
,4,-1.0,30
Paula,5,83.350342,22
Midgley:,5,46.179092,22
stim:,5,0.0,22
,4,-1.0,25
Practical,5,96.238419,25
,4,-1.0,35
Neonatal,5,96.764107,35
,4,-1.0,30
Endocrinology,5,96.441963,30
,2,-1.0,68
,3,-1.0,68
,4,-1.0,68
 ,5,95.0,68
,2,-1.0,14
,3,-1.0,14
,4,-1.0,14
eats,5,37.209225,14
