text,level,conf,height
,1,-1.0,746
,2,-1.0,13
,3,-1.0,13
,4,-1.0,13
Practice,5,96.751419,13
Nurse,5,96.760315,12
Handbook,5,96.617638,13
