text,level,conf,height
,1,-1.0,468
,2,-1.0,2
,3,-1.0,2
,4,-1.0,2
 ,5,95.0,2
,2,-1.0,124
,3,-1.0,124
,4,-1.0,59
GENERAL,5,96.73542,59
,4,-1.0,68
PRACTICE,5,96.796074,43
|,5,96.153633,68
,2,-1.0,2
,3,-1.0,2
,4,-1.0,2
 ,5,95.0,2
,2,-1.0,170
,3,-1.0,170
,4,-1.0,170
=,5,64.961655,170
,4,-1.0,19
5,5,52.536968,19
