text,level,conf,height
,1,-1.0,496
,2,-1.0,34
,3,-1.0,34
,4,-1.0,34
 ,5,95.0,34
,2,-1.0,126
,3,-1.0,126
,4,-1.0,24
PRACTICE,5,96.656799,24
OF,5,96.828415,24
,4,-1.0,24
ANESTHESIA,5,94.46759,24
IN,5,94.46759,24
,4,-1.0,24
INFANTS,5,95.61409,24
AND,5,95.61409,23
,4,-1.0,24
CHILDREN,5,96.408157,24
,2,-1.0,282
,3,-1.0,282
,4,-1.0,282
 ,5,95.0,282
