text,level,conf,height
,1,-1.0,692
,2,-1.0,13
,3,-1.0,13
,4,-1.0,13
Practical,5,96.593063,10
Food,5,96.700462,10
Rheology,5,91.900238,13
,2,-1.0,32
,3,-1.0,32
,4,-1.0,32
 ,5,95.0,32
