text,level,conf,height
,1,-1.0,698
,2,-1.0,26
,3,-1.0,26
,4,-1.0,12
Practical,5,94.215317,9
Gastroenterology,5,91.368896,12
and,5,96.944824,9
Hepatology:,5,95.561958,12
,4,-1.0,12
‘Small,5,63.331455,9
and,5,96.241982,9
Large,5,96.241982,11
Intestine,5,96.899208,8
and,5,96.963875,9
Pancreas,5,79.557884,8
,2,-1.0,7
,3,-1.0,7
,4,-1.0,7
Pend,5,49.087936,28
tees,5,51.546875,7
nea:,5,54.627182,28
Sl,5,57.428478,5
nd,5,57.920052,28
ae,5,41.114319,6
