text,level,conf,height
,1,-1.0,320
,2,-1.0,19
,3,-1.0,19
,4,-1.0,11
‘TSnasicrosrnd,5,0.0,11
iced,5,0.0,28
Bln),5,0.0,28
,4,-1.0,7
inn,5,37.741547,28
om,5,56.847263,7
,2,-1.0,40
,3,-1.0,40
,4,-1.0,17
Practical,5,96.773857,17
,4,-1.0,18
Bioinformatics,5,95.775917,18
,2,-1.0,9
,3,-1.0,9
,4,-1.0,9
Sn,5,60.427319,28
Boi,5,40.838947,9
,2,-1.0,200
,3,-1.0,200
,4,-1.0,200
  ,5,95.0,200
