text,level,conf,height
,1,-1.0,330
,2,-1.0,127
,3,-1.0,127
,4,-1.0,59
sGift'Fire,5,0.0,59
,4,-1.0,65
VE,5,52.34906,65
,2,-1.0,15
,3,-1.0,15
,4,-1.0,15
SARA,5,92.42704,15
BAASE,5,91.738998,14
,2,-1.0,3
,3,-1.0,3
,4,-1.0,3
 ,5,95.0,3
,2,-1.0,7
,3,-1.0,7
,4,-1.0,7
 ,5,95.0,7
,2,-1.0,7
,3,-1.0,7
,4,-1.0,7
 ,5,95.0,7
,2,-1.0,40
,3,-1.0,40
,4,-1.0,40
 ,5,95.0,40
