text,level,conf,height
,1,-1.0,316
,2,-1.0,11
,3,-1.0,11
,4,-1.0,11
Indecent,5,14.037704,9
Pogromning,5,31.798218,28
Uibg,5,31.798218,10
,2,-1.0,200
,3,-1.0,200
,4,-1.0,200
 ,5,95.0,200
,2,-1.0,7
,3,-1.0,7
,4,-1.0,7
Y.,5,64.913361,6
DANIEL,5,89.527412,7
LANG,5,87.471207,7
