text,level,conf,height
,1,-1.0,498
,2,-1.0,88
,3,-1.0,88
,4,-1.0,33
Preterm,5,96.379211,33
,4,-1.0,47
‘cae,5,21.596893,28
,2,-1.0,42
,3,-1.0,42
,4,-1.0,42
 ,5,95.0,42
