text,level,conf,height
,1,-1.0,840
,2,-1.0,68
,3,-1.0,68
,4,-1.0,29
£5,5,38.802826,29
,4,-1.0,66
gs,5,60.502144,28
,4,-1.0,30
Bs,5,68.534622,30
,4,-1.0,33
Ets,5,22.359283,33
,2,-1.0,542
,3,-1.0,542
,4,-1.0,515
SALUTIAW,5,0.0,187
Salaavid,5,37.989372,186
WOds,5,42.16114,111
,4,-1.0,542
SSANGNIM8,5,12.033432,217
4O,5,48.58131,53
NOLLNAASed,5,0.0,242
,2,-1.0,594
,3,-1.0,594
,4,-1.0,594
 ,5,95.0,594
