text,level,conf,height
,1,-1.0,648
,2,-1.0,89
,3,-1.0,89
,4,-1.0,23
PREVENTING,5,96.819519,23
MEDICATION,5,96.694901,23
,4,-1.0,23
ERRORS,5,95.124489,23
and,5,96.435028,22
IMPROVING,5,94.998917,23
,4,-1.0,23
DRUG,5,96.597099,23
THERAPY,5,96.653648,22
OUTCOMES,5,88.448441,23
,2,-1.0,18
,3,-1.0,18
,4,-1.0,18
A,5,83.851303,13
Management,5,83.851303,17
Systems,5,96.928566,13
Approach,5,95.352875,18
,2,-1.0,13
,3,-1.0,13
,4,-1.0,13
 ,5,95.0,13
