text,level,conf,height
,1,-1.0,795
,2,-1.0,45
,3,-1.0,45
,4,-1.0,19
Robert,5,95.732567,19
A.,5,96.4618,18
Norman,5,96.704002,18
,4,-1.0,18
Editor,5,96.966019,18
,2,-1.0,68
,3,-1.0,68
,4,-1.0,68
Preventive,5,96.291451,68
,2,-1.0,248
,3,-1.0,248
,4,-1.0,248
 ,5,95.0,248
,2,-1.0,35
,3,-1.0,35
,4,-1.0,35
QD,5,43.181679,35
Springer,5,96.591965,29
