text,level,conf,height
,1,-1.0,620
,2,-1.0,24
,3,-1.0,24
,4,-1.0,24
\,5,69.872299,24
,2,-1.0,138
,3,-1.0,138
,4,-1.0,32
PRIMARY,5,96.261688,32
,4,-1.0,32
INTRAOCULAR,5,96.135918,32
,4,-1.0,32
LYMPHOMA,5,96.776222,32
,2,-1.0,19
,3,-1.0,19
,4,-1.0,19
Chi-Chao,5,81.309723,16
Chan,5,96.832954,16
John,5,96.989601,19
A.,5,95.755356,16
Gonzales,5,96.094131,16
