text,level,conf,height
,1,-1.0,299
,2,-1.0,133
,3,-1.0,140
,4,-1.0,31
ce,5,41.532127,24
4,5,76.084557,19
,4,-1.0,23
|,5,0.0,11
tar,5,0.0,9
ad,5,0.0,17
,4,-1.0,11
.,5,28.549179,11
,4,-1.0,10
rd,5,42.604717,31
pons,5,47.271023,31
,2,-1.0,39
,3,-1.0,39
,4,-1.0,39
 ,5,95.0,39
,2,-1.0,23
,3,-1.0,23
,4,-1.0,10
.,5,0.0,10
,4,-1.0,11
D2,5,43.273506,11
springen,5,38.091087,28
Newtek,5,42.214012,28
,2,-1.0,51
,3,-1.0,51
,4,-1.0,51
 ,5,95.0,51
