text,level,conf,height
,1,-1.0,792
,2,-1.0,9
,3,-1.0,9
,4,-1.0,9
DESIRE,5,92.414658,9
IN,5,92.414658,9
THE,5,96.570328,9
"RENAISSANCE,",5,67.923767,9
