text,level,conf,height
,1,-1.0,648
,2,-1.0,526
,3,-1.0,278
,4,-1.0,109
a,5,22.317017,6
es,5,13.054855,109
,4,-1.0,97
PRIN,5,94.321564,97
,4,-1.0,469
[,5,0.0,190
aS,5,0.0,469
,2,-1.0,326
,3,-1.0,326
,4,-1.0,326
 ,5,95.0,326
