text,level,conf,height
,1,-1.0,811
,2,-1.0,15
,3,-1.0,15
,4,-1.0,15
physiology,5,96.763298,15
,2,-1.0,378
,3,-1.0,378
,4,-1.0,378
 ,5,95.0,378
,2,-1.0,12
,3,-1.0,12
,4,-1.0,12
13th,5,96.296303,12
edition,5,96.671021,12
,2,-1.0,2
,3,-1.0,2
,4,-1.0,2
 ,5,95.0,2
,2,-1.0,15
,3,-1.0,15
,4,-1.0,15
Gerard,5,96.659187,12
J.,5,93.779053,12
Tortora,5,92.782516,12
&,5,92.782516,11
Bryan,5,96.590317,15
Derrickson,5,94.705673,12
