text,level,conf,height
,1,-1.0,675
,2,-1.0,122
,3,-1.0,93
,4,-1.0,58
"~~,",5,71.908379,27
Ni,5,40.442665,8
Ww,5,23.117203,58
,4,-1.0,31
“.,5,20.034782,31
,4,-1.0,27
=,5,60.430614,16
a,5,30.538521,25
|,5,44.269928,14
*,5,0.0,2
\,5,91.141655,16
,2,-1.0,222
,3,-1.0,222
,4,-1.0,222
Hon,5,24.457909,222
,2,-1.0,26
,3,-1.0,26
,4,-1.0,26
—,5,83.162842,3
SECOND,5,95.320763,26
EDITION,5,96.160423,19
,2,-1.0,324
,3,-1.0,324
,4,-1.0,324
 ,5,95.0,324
