text,level,conf,height
,1,-1.0,697
,2,-1.0,40
,3,-1.0,40
,4,-1.0,40
 ,5,95.0,40
,2,-1.0,56
,3,-1.0,56
,4,-1.0,27
Principles,5,96.963387,27
and,5,96.707382,20
Practice,5,96.749374,20
,4,-1.0,27
of,5,97.010757,20
Clinical,5,96.6045,20
Parasitology,5,96.998428,27
,2,-1.0,1
,3,-1.0,1
,4,-1.0,1
 ,5,95.0,1
