text,level,conf,height
,1,-1.0,792
,2,-1.0,11
,3,-1.0,11
,4,-1.0,11
PRINCIPLES,5,92.873039,11
AND,5,96.890251,11
PRACTICE,5,92.288139,11
OF,5,92.288139,11
SEX,5,94.521217,11
THERAPY,5,94.521217,11
