text,level,conf,height
,1,-1.0,667
,2,-1.0,14
,3,-1.0,14
,4,-1.0,14
Problems,5,95.430153,11
of,5,96.379387,11
High,5,96.95504,14
Altitude,5,95.519386,11
Medicine,5,96.680481,11
and,5,96.647545,11
Biology,5,95.555435,14
