text,level,conf,height
,1,-1.0,648
,2,-1.0,36
,3,-1.0,36
,4,-1.0,16
Pe,5,47.625393,6
hi,5,46.00317,8
me,5,51.310097,5
Lanes,5,45.036682,34
nC,5,56.265907,16
,4,-1.0,24
ascent,5,0.0,24
,2,-1.0,58
,3,-1.0,58
,4,-1.0,18
Problem,5,96.164192,13
Solving,5,75.143143,17
in,5,96.447006,13
,4,-1.0,16
"Automata,",5,89.325226,14
"Languages,",5,96.883438,16
,4,-1.0,18
and,5,80.604683,13
Complexity,5,95.636963,18
