text,level,conf,height
,1,-1.0,648
,2,-1.0,116
,3,-1.0,116
,4,-1.0,20
PROCESS,5,96.363838,20
SCALE,5,96.163788,20
,4,-1.0,20
BIOSEPARATIONS,5,91.124718,20
FOR,5,96.57373,20
THE,5,96.904144,20
,4,-1.0,20
BIOPHARMACEUTICAL,5,91.709763,20
,4,-1.0,20
INDUSTRY,5,96.422195,20
,2,-1.0,306
,3,-1.0,306
,4,-1.0,306
 ,5,95.0,306
,2,-1.0,15
,3,-1.0,15
,4,-1.0,15
 ,5,95.0,15
