text,level,conf,height
,1,-1.0,648
,2,-1.0,98
,3,-1.0,98
,4,-1.0,22
Profiles,5,96.180344,22
in,5,95.962852,22
,4,-1.0,29
Cardiac,5,96.748825,22
Pacing,5,94.881935,29
and,5,96.756622,22
,4,-1.0,30
Electrophysiology,5,91.131493,30
,2,-1.0,14
,3,-1.0,14
,4,-1.0,14
Berndt,5,93.306252,14
Liideritz,5,77.439613,14
,2,-1.0,58
,3,-1.0,58
,4,-1.0,58
 ,5,95.0,58
,2,-1.0,32
,3,-1.0,32
,4,-1.0,14
Blackwell,5,96.936569,14
,4,-1.0,31
¢,5,37.212967,30
Futura,5,96.960411,13
