text,level,conf,height
,1,-1.0,625
,2,-1.0,625
,3,-1.0,625
,4,-1.0,625
 ,5,95.0,625
,2,-1.0,78
,3,-1.0,78
,4,-1.0,17
ADVANCES,5,91.523567,16
IN,5,91.523567,16
,4,-1.0,18
"EXPERIMENTAL,",5,66.327721,18
,4,-1.0,16
MEDICINE,5,76.911301,16
,4,-1.0,16
AND,5,84.490402,15
BIOLOGY,5,84.490402,16
,2,-1.0,16
,3,-1.0,16
,4,-1.0,16
|,5,10.09742,6
Volume,5,17.705856,16
615,5,17.705856,15
,2,-1.0,3
,3,-1.0,3
,4,-1.0,3
 ,5,95.0,3
