text,level,conf,height
,1,-1.0,648
,2,-1.0,182
,3,-1.0,182
,4,-1.0,23
PROGRESS,5,96.172211,23
IN,5,95.762352,22
,4,-1.0,23
NUCLEIC,5,94.315369,23
ACID,5,94.315369,23
,4,-1.0,23
RESEARCH,5,95.266685,23
AND,5,96.497581,22
,4,-1.0,23
MOLECULAR,5,96.790482,23
,4,-1.0,23
BIOLOGY,5,95.847099,23
,2,-1.0,15
,3,-1.0,15
,4,-1.0,15
Kivie,5,90.682678,15
Moldave,5,90.682678,15
