text,level,conf,height
,1,-1.0,904
,2,-1.0,11
,3,-1.0,11
,4,-1.0,11
Copyrighted,5,63.349762,11
Material,5,90.370567,10
,2,-1.0,610
,3,-1.0,610
,4,-1.0,610
  ,5,95.0,610
,2,-1.0,55
,3,-1.0,55
,4,-1.0,26
G.,5,90.030678,35
Palyi,5,56.955894,26
,4,-1.0,22
C.,5,57.820744,17
Zucchi,5,90.567581,22
,2,-1.0,19
,3,-1.0,19
,4,-1.0,19
Editors,5,88.526123,19
,2,-1.0,177
,3,-1.0,177
,4,-1.0,177
 ,5,95.0,177
