text,level,conf,height
,1,-1.0,680
,2,-1.0,2
,3,-1.0,2
,4,-1.0,2
 ,5,95.0,2
,2,-1.0,50
,3,-1.0,50
,4,-1.0,19
PROGRESS,5,96.465431,19
IN,5,95.584641,19
,4,-1.0,19
PERITONEAL,5,96.276283,19
DIALYSIS,5,96.276283,19
,2,-1.0,1
,3,-1.0,1
,4,-1.0,1
 ,5,95.0,1
,2,-1.0,15
,3,-1.0,15
,4,-1.0,15
Edited,5,96.488983,12
by,5,96.690338,15
Raymond,5,93.27903,15
Krediet,5,93.133667,12
,2,-1.0,9
,3,-1.0,9
,4,-1.0,9
INTECHWEB.ORG,5,88.685593,9
