text,level,conf,height
,1,-1.0,648
,2,-1.0,89
,3,-1.0,89
,4,-1.0,37
PROSPECTIVE,5,96.115501,37
,4,-1.0,37
MEMORY,5,96.605171,37
,2,-1.0,390
,3,-1.0,390
,4,-1.0,390
 ,5,95.0,390
