text,level,conf,height
,1,-1.0,763
,2,-1.0,11
,3,-1.0,11
,4,-1.0,11
Copyrighted,5,75.738876,11
Material,5,47.590157,11
,2,-1.0,649
,3,-1.0,649
,4,-1.0,649
 ,5,95.0,649
