text,level,conf,height
,1,-1.0,668
,2,-1.0,60
,3,-1.0,60
,4,-1.0,12
PROTEIN,5,93.207253,12
CHAPERONES,5,91.196671,12
,4,-1.0,12
AND,5,96.682968,11
PROTECTION,5,96.068062,12
FROM,5,95.719368,12
,4,-1.0,12
NEURODEGENERATIVE,5,87.783585,12
,4,-1.0,12
DISEASES,5,83.884216,12
