text,level,conf,height
,1,-1.0,528
,2,-1.0,362
,3,-1.0,362
,4,-1.0,362
 ,5,95.0,362
,2,-1.0,9
,3,-1.0,9
,4,-1.0,9
edited,5,71.390045,9
,2,-1.0,25
,3,-1.0,25
,4,-1.0,12
by,5,94.949074,12
,4,-1.0,10
RENATO,5,90.641907,10
V.,5,53.702774,10
10ZZO,5,56.722954,10
