text,level,conf,height
,1,-1.0,284
,2,-1.0,63
,3,-1.0,63
,4,-1.0,12
Protocols,5,96.987335,12
for,5,97.01152,12
,4,-1.0,12
Predictable,5,96.757431,12
Aesthetic,5,96.975471,12
,4,-1.0,12
Dental,5,96.599525,12
Restorations,5,83.369736,12
,4,-1.0,7
fan,5,23.80603,7
Ahmad,5,58.713093,7
,2,-1.0,188
,3,-1.0,188
,4,-1.0,188
 ,5,95.0,188
