text,level,conf,height
,1,-1.0,319
,2,-1.0,115
,3,-1.0,115
,4,-1.0,115
 ,5,95.0,115
,2,-1.0,14
,3,-1.0,14
,4,-1.0,14
Protein,5,93.211464,11
"Misfolding,",5,93.066689,14
,2,-1.0,44
,3,-1.0,44
,4,-1.0,15
"Aggregation,",5,87.256042,15
and,5,96.660248,11
,4,-1.0,12
Conformational,5,87.491463,12
,4,-1.0,12
Diseases,5,80.868896,12
,2,-1.0,139
,3,-1.0,139
,4,-1.0,139
   ,5,95.0,139
