text,level,conf,height
,1,-1.0,315
,2,-1.0,48
,3,-1.0,48
,4,-1.0,21
Proteome,5,96.432167,21
,4,-1.0,21
Research,5,96.692719,21
,2,-1.0,10
,3,-1.0,10
,4,-1.0,10
"Coops,",5,28.529221,28
lechnolgy,5,17.165436,28
and,5,78.894753,7
Apliaton,5,54.026611,10
