text,level,conf,height
,1,-1.0,648
,2,-1.0,25
,3,-1.0,25
,4,-1.0,25
 ,5,95.0,25
,2,-1.0,133
,3,-1.0,133
,4,-1.0,133
weed,5,11.39502,133
,2,-1.0,340
,3,-1.0,340
,4,-1.0,137
 ,5,95.0,137
,4,-1.0,140
  ,5,95.0,140
,4,-1.0,63
 ,5,95.0,63
,2,-1.0,181
,3,-1.0,121
,4,-1.0,20
Edited,5,86.770996,20
by,5,96.658096,39
,4,-1.0,126
ee,5,27.844757,126
,4,-1.0,67
istte,5,63.717197,53
1M.,5,39.850243,66
Miiller,5,43.193172,56
