text,level,conf,height
,1,-1.0,666
,2,-1.0,183
,3,-1.0,122
,4,-1.0,45
Protein,5,96.48774,45
,4,-1.0,122
ee,5,43.446598,122
,2,-1.0,21
,3,-1.0,21
,4,-1.0,21
Edited,5,96.696327,16
by,5,96.958183,21
,2,-1.0,29
,3,-1.0,29
,4,-1.0,29
-Dinh,5,91.357765,29
,2,-1.0,438
,3,-1.0,438
,4,-1.0,438
 ,5,95.0,438
