text,level,conf,height
,1,-1.0,680
,2,-1.0,680
,3,-1.0,680
,4,-1.0,116
 ,5,95.0,116
,4,-1.0,311
      ,5,95.0,311
,4,-1.0,253
 ,5,95.0,253
,2,-1.0,134
,3,-1.0,134
,4,-1.0,134
a,5,3.517807,134
,2,-1.0,29
,3,-1.0,29
,4,-1.0,13
Achieving,5,96.724297,13
redemption,5,89.894623,12
,4,-1.0,13
could,5,86.613701,10
be,5,95.326744,10
the,5,96.924072,10
greatest,5,95.464287,12
sin...,5,88.19313,10
