text,level,conf,height
,1,-1.0,680
,2,-1.0,2
,3,-1.0,2
,4,-1.0,2
 ,5,95.0,2
,2,-1.0,50
,3,-1.0,50
,4,-1.0,19
PSORIASIS,5,93.226913,19
—,5,82.517242,3
,4,-1.0,19
A,5,95.619186,19
SYSTEMIC,5,95.619186,19
DISEASE,5,96.242302,19
,2,-1.0,15
,3,-1.0,15
,4,-1.0,15
Edited,5,96.902245,12
by,5,95.237411,15
Jose,5,95.237411,11
O'Daly,5,95.444847,15
,2,-1.0,1
,3,-1.0,1
,4,-1.0,1
 ,5,95.0,1
,2,-1.0,9
,3,-1.0,9
,4,-1.0,9
INTECHWEB.ORG,5,88.685593,9
