text,level,conf,height
,1,-1.0,663
,2,-1.0,110
,3,-1.0,110
,4,-1.0,61
*?,5,47.92429,3
Deaf,5,91.957352,37
Children,5,90.444054,37
,4,-1.0,43
with,5,74.337738,21
Complex,5,96.349648,43
Needs,5,96.776917,37
,2,-1.0,12
,3,-1.0,12
,4,-1.0,12
AN,5,96.432274,12
EVIDENCE-BASED,5,96.211838,12
PRACTICAL,5,96.482925,12
GUIDE,5,96.533379,12
