text,level,conf,height
,1,-1.0,668
,2,-1.0,144
,3,-1.0,144
,4,-1.0,51
Psychiatric,5,96.365669,51
,4,-1.0,39
Disorders,5,96.578621,39
and,5,72.607559,25
,4,-1.0,39
Diabetes,5,96.695282,39
Mellitus,5,96.878014,39
,2,-1.0,42
,3,-1.0,39
,4,-1.0,34
informa,5,95.478035,31
Edited,5,85.249535,10
by,5,93.275742,13
,4,-1.0,24
salthcare,5,0.0,24
Maria,5,93.20417,12
D,5,93.20417,12
Llorente,5,91.221497,13
«,5,86.26622,5
Julie,5,93.224274,15
E,5,92.911133,12
Malphurs,5,93.190796,17
