text,level,conf,height
,1,-1.0,648
,2,-1.0,181
,3,-1.0,181
,4,-1.0,106
Eyer,5,0.0,106
,4,-1.0,76
Bones,5,44.067837,76
,2,-1.0,34
,3,-1.0,34
,4,-1.0,34
_AClinical,5,76.476181,29
Practice,5,96.952286,42
Review,5,87.876923,34
_),5,51.75045,7
,2,-1.0,21
,3,-1.0,21
,4,-1.0,21
Sipe,5,38.690559,21
5,5,33.835449,35
,2,-1.0,29
,3,-1.0,29
,4,-1.0,29
+,5,38.851578,12
Wolters,5,46.708164,10
|,5,14.949417,29
Lippincott,5,86.191788,11
