text,level,conf,height
,1,-1.0,655
,2,-1.0,22
,3,-1.0,22
,4,-1.0,22
—,5,35.504982,22
,2,-1.0,27
,3,-1.0,27
,4,-1.0,27
Richard,5,96.508133,22
A.,5,96.357681,21
Griggs,5,96.76741,27
,2,-1.0,432
,3,-1.0,432
,4,-1.0,432
 ,5,95.0,432
,2,-1.0,51
,3,-1.0,51
,4,-1.0,51
Po,5,0.0,51
(GEOL,5,0.0,51
,2,-1.0,22
,3,-1.0,22
,4,-1.0,22
A,5,95.010551,21
Concise,5,95.010551,22
Introduction,5,95.825424,22
