text,level,conf,height
,1,-1.0,308
,2,-1.0,143
,3,-1.0,126
,4,-1.0,31
Ps,5,96.633339,30
lo,5,94.7752,31
,4,-1.0,88
‘yes,5,36.985237,88
jogy,5,65.160583,58
,4,-1.0,46
=,5,4.918892,6
,3,-1.0,19
,4,-1.0,19
~~,5,45.867115,19
,2,-1.0,166
,3,-1.0,166
,4,-1.0,166
Pn,5,37.321186,166
,2,-1.0,116
,3,-1.0,116
,4,-1.0,116
 ,5,95.0,116
