text,level,conf,height
,1,-1.0,576
,2,-1.0,19
,3,-1.0,19
,4,-1.0,19
Psychology,5,96.384567,19
and,5,96.4207,14
Diabetes,5,96.761642,14
Care,5,95.385635,14
