text,level,conf,height
,1,-1.0,680
,2,-1.0,2
,3,-1.0,2
,4,-1.0,2
 ,5,95.0,2
,2,-1.0,50
,3,-1.0,50
,4,-1.0,19
PSYCHOLOGY,5,91.415924,19
—,5,71.194397,3
,4,-1.0,19
SELECTED,5,96.678543,19
PAPERS,5,96.469749,19
,2,-1.0,1
,3,-1.0,1
,4,-1.0,1
 ,5,95.0,1
,2,-1.0,15
,3,-1.0,15
,4,-1.0,15
Edited,5,95.532028,12
by,5,96.885597,15
Gina,5,92.904358,12
Rossi,5,96.328987,12
,2,-1.0,9
,3,-1.0,9
,4,-1.0,9
INTECHOPEN.COM,5,91.665817,9
