text,level,conf,height
,1,-1.0,648
,2,-1.0,114
,3,-1.0,120
,4,-1.0,28
7,5,17.708954,28
~,5,32.133369,6
N),5,0.0,27
eyes,5,34.980408,11
&\M,5,28.646187,13
07,5,14.55719,14
,4,-1.0,74
os,5,31.093651,64
Ks,5,51.527626,33
mice,5,16.088089,74
,4,-1.0,49
“=,5,17.87886,22
RHETORICAL,5,75.154648,18
*,5,19.466476,12
I,5,6.050507,46
em,5,46.541348,34
,4,-1.0,46
S,5,0.0,22
CONQUESTS,5,96.835999,21
Sasa),5,14.052277,33
,2,-1.0,534
,3,-1.0,534
,4,-1.0,534
   ,5,95.0,534
  ,5,95.0,43
