text,level,conf,height
,1,-1.0,792
,2,-1.0,21
,3,-1.0,21
,4,-1.0,21
Python:,5,96.724983,21
Real,5,96.756271,16
World,5,96.08075,16
Machine,5,96.08075,16
Learning,5,96.306953,21
,2,-1.0,1
,3,-1.0,1
,4,-1.0,1
 ,5,95.0,1
