text,level,conf,height
,1,-1.0,330
,2,-1.0,15
,3,-1.0,15
,4,-1.0,15
ANALYTIC:,5,96.535385,15
,2,-1.0,12
,3,-1.0,12
,4,-1.0,12
Microsoft”,5,73.064835,12
Excel,5,94.341751,11
,2,-1.0,54
,3,-1.0,54
,4,-1.0,54
 ,5,95.0,54
,2,-1.0,190
,3,-1.0,190
,4,-1.0,190
 ,5,95.0,190
