text,level,conf,height
,1,-1.0,677
,2,-1.0,10
,3,-1.0,10
,4,-1.0,10
‘THE,5,88.892822,8
QUICK,5,96.874573,10
AND,5,96.745056,8
THE,5,96.745056,8
DEAD,5,91.757469,8
