text,level,conf,height
,1,-1.0,792
,2,-1.0,1
,3,-1.0,1
,4,-1.0,1
 ,5,95.0,1
,2,-1.0,792
,3,-1.0,792
,4,-1.0,792
 ,5,95.0,792
,2,-1.0,19
,3,-1.0,19
,4,-1.0,19
Winner,5,96.379791,18
of,5,96.333527,19
the,5,96.523132,18
Pulitzer,5,96.523132,18
Prize,5,96.740295,18
,2,-1.0,618
,3,-1.0,618
,4,-1.0,618
 ,5,95.0,618
,2,-1.0,1
,3,-1.0,1
,4,-1.0,1
 ,5,95.0,1
,2,-1.0,790
,3,-1.0,790
,4,-1.0,790
 ,5,95.0,790
