text,level,conf,height
,1,-1.0,792
,2,-1.0,19
,3,-1.0,19
,4,-1.0,9
©.,5,0.0,7
"8,",5,0.0,7
Rasuusen,5,18.309822,7
fe,5,72.019661,28
C.K.,5,45.680557,7
1,5,34.008423,7
"Willams,",5,50.175209,7
Gaussian,5,31.822189,7
Processes,5,7.497253,7
for,5,57.248989,28
Machine,5,56.927788,7
"Letuing,",5,0.0,9
the,5,96.601143,7
MIT,5,96.535706,7
"Press,",5,69.86264,7
"2006,",5,69.86264,7
,4,-1.0,10
ISBN,5,73.916245,7
O20918253%.,5,0.693893,7
©,5,79.317093,9
2006,5,95.514153,7
Massachusetts,5,34.799919,7
stitute,5,0.0,7
of,5,91.159607,7
Technology.,5,55.815296,9
www.,5,28.064438,5
GauesiaaProcess.org/pai,5,0.0,9
,2,-1.0,10
,3,-1.0,10
,4,-1.0,10
 ,5,95.0,10
,2,-1.0,13
,3,-1.0,13
,4,-1.0,13
ian,5,92.666275,7
Processes,5,96.575287,10
for,5,95.88839,10
Machine,5,96.588737,10
Learning,5,94.284836,13
