text,level,conf,height
,1,-1.0,675
,2,-1.0,26
,3,-1.0,26
,4,-1.0,26
Kamaldeep,5,91.87281,26
Bhui,5,92.130127,20
