text,level,conf,height
,1,-1.0,664
,2,-1.0,268
,3,-1.0,268
,4,-1.0,268
 ,5,95.0,268
,2,-1.0,16
,3,-1.0,16
,4,-1.0,16
REACTIVE,5,96.222595,16
DESIGN,5,96.432449,16
PATTERNS,5,95.972733,16
,2,-1.0,48
,3,-1.0,48
,4,-1.0,10
ROLAND,5,96.465637,10
KUHN,5,96.857788,10
,4,-1.0,9
BRIAN,5,92.509209,9
HANAFEE,5,92.509209,9
JAMIE,5,96.261032,9
ALLEN,5,95.45179,9
,4,-1.0,7
ForEworD,5,22.603905,7
ay,5,53.830193,6
,2,-1.0,284
,3,-1.0,284
,4,-1.0,284
 ,5,95.0,284
