text,level,conf,height
,1,-1.0,504
,2,-1.0,19
,3,-1.0,19
,4,-1.0,19
RECYCLING,5,96.729301,19
,2,-1.0,11
,3,-1.0,11
,4,-1.0,11
FINN,5,96.463654,10
ARNE,5,96.426636,10
JORGENSEN,5,96.426636,11
,2,-1.0,260
,3,-1.0,260
,4,-1.0,260
 ,5,95.0,260
