text,level,conf,height
,1,-1.0,500
,2,-1.0,320
,3,-1.0,320
,4,-1.0,320
 ,5,95.0,320
,2,-1.0,211
,3,-1.0,177
,4,-1.0,94
a,5,0.0,43
aah,5,41.340641,53
es,5,45.140301,58
rt,5,0.0,26
Be,5,28.027504,94
,4,-1.0,72
),5,74.751045,16
‘yy,5,59.246513,34
RENEGADES,5,92.386086,40
atl,5,22.681114,72
N,5,66.806778,39
,4,-1.0,81
SUF,5,0.0,80
ELYSIA,5,83.469627,81
