text,level,conf,height
,1,-1.0,792
,2,-1.0,15
,3,-1.0,15
,4,-1.0,15
‘The,5,93.615089,11
Return,5,95.945663,10
of,5,95.945663,11
Light,5,96.967239,15
