text,level,conf,height
,1,-1.0,792
,2,-1.0,570
,3,-1.0,570
,4,-1.0,570
 ,5,95.0,570
,2,-1.0,24
,3,-1.0,24
,4,-1.0,24
BY,5,12.710564,33
RICHARD,5,8.287445,24
"C,",5,82.250069,17
HOAGLANDAND,5,0.0,21
MIKE,5,3.678558,33
BARA,5,3.678558,33
