text,level,conf,height
,1,-1.0,1024
,2,-1.0,32
,3,-1.0,32
,4,-1.0,32
Biblioteca,5,84.743637,32
Scientifica,5,92.07206,32
33,5,96.880882,31
,2,-1.0,38
,3,-1.0,38
,4,-1.0,38
Richard,5,93.265869,28
P.,5,56.693733,27
Feynman,5,96.862556,37
,2,-1.0,85
,3,-1.0,85
,4,-1.0,31
IL,5,92.244461,31
PIACERE,5,90.743912,31
,4,-1.0,31
DI,5,91.926285,31
SCOPRIRE,5,90.96508,31
,2,-1.0,21
,3,-1.0,21
,4,-1.0,21
ADELPHI,5,95.829781,21
,2,-1.0,994
,3,-1.0,994
,4,-1.0,994
 ,5,95.0,994
