text,level,conf,height
,1,-1.0,620
,2,-1.0,56
,3,-1.0,56
,4,-1.0,23
PROMETHEUS,5,90.582413,23
,4,-1.0,23
RISING,5,96.505264,23
