text,level,conf,height
,1,-1.0,576
,2,-1.0,71
,3,-1.0,71
,4,-1.0,29
R03BE%t,5,22.651634,28
ANTON,5,14.631813,29
,4,-1.0,29
Wilson,5,59.109188,29
,2,-1.0,28
,3,-1.0,28
,4,-1.0,28
303ER,5,0.0,28
ANTON,5,77.235878,28
,2,-1.0,519
,3,-1.0,519
,4,-1.0,519
   ,5,95.0,519
,2,-1.0,28
,3,-1.0,28
,4,-1.0,28
WiLSON,5,59.834526,28
,2,-1.0,11
,3,-1.0,11
,4,-1.0,11
—_,5,15.577927,11
