text,level,conf,height
,1,-1.0,500
,2,-1.0,496
,3,-1.0,500
,4,-1.0,228
a.,5,0.0,81
oe,5,16.273697,132
,4,-1.0,496
"Yah,",5,20.064857,243
Ny,5,0.0,25
=n,5,32.649727,167
