text,level,conf,height
,1,-1.0,500
,2,-1.0,47
,3,-1.0,47
,4,-1.0,47
ISAAC,5,95.46563,47
,2,-1.0,341
,3,-1.0,341
,4,-1.0,73
ASIMOV,5,96.560989,73
,4,-1.0,35
Gir,5,53.76355,35
STrEEE,5,22.645638,35
,2,-1.0,102
,3,-1.0,102
,4,-1.0,102
 ,5,95.0,102
