text,level,conf,height
,1,-1.0,475
,2,-1.0,82
,3,-1.0,82
,4,-1.0,82
 ,5,95.0,82
,2,-1.0,83
,3,-1.0,83
,4,-1.0,83
 ,5,95.0,83
,2,-1.0,28
,3,-1.0,28
,4,-1.0,28
i,5,93.25145,20
of,5,93.25145,21
the,5,96.998001,28
vortex,5,89.990402,19
,2,-1.0,14
,3,-1.0,14
,4,-1.0,14
Rodolfo,5,93.279358,13
R.,5,92.276161,13
Llinas,5,81.166183,14
,2,-1.0,173
,3,-1.0,173
,4,-1.0,173
 ,5,95.0,173
