text,level,conf,height
,1,-1.0,500
,2,-1.0,21
,3,-1.0,21
,4,-1.0,21
SF,5,91.733437,10
MASTERWORKS,5,91.733437,21
(),5,12.232903,21
,2,-1.0,392
,3,-1.0,392
,4,-1.0,392
  ,5,95.0,392
