text,level,conf,height
,1,-1.0,587
,2,-1.0,60
,3,-1.0,60
,4,-1.0,14
STEPHEN,5,95.819962,14
HAWKING,5,95.495461,14
,4,-1.0,10
AND,5,96.079544,10
,4,-1.0,15
ROGER,5,95.79332,15
PENROSE,5,96.730896,15
,2,-1.0,471
,3,-1.0,471
,4,-1.0,471
 ,5,95.0,471
