text,level,conf,height
,1,-1.0,620
,2,-1.0,12
,3,-1.0,12
,4,-1.0,12
Routledge,5,88.96196,28
Studies,5,62.923779,28
in,5,62.923779,28
Renaissance,5,81.557083,28
Literature,5,81.557083,28
and,5,84.656097,28
Culture,5,81.520866,28
