text,level,conf,height
,1,-1.0,375
,2,-1.0,17
,3,-1.0,17
,4,-1.0,17
ANCIENT,5,96.517426,17
EGYPT,5,96.333511,17
,2,-1.0,7
,3,-1.0,7
,4,-1.0,7
HAEL,5,57.091278,7
Ri,5,48.407318,3
,2,-1.0,257
,3,-1.0,257
,4,-1.0,257
 ,5,95.0,257
