text,level,conf,height
,1,-1.0,664
,2,-1.0,16
,3,-1.0,16
,4,-1.0,16
Eleventh,5,97.001007,16
Edition,5,96.919243,16
,2,-1.0,531
,3,-1.0,531
,4,-1.0,531
 ,5,95.0,531
