text,level,conf,height
,1,-1.0,648
,2,-1.0,1
,3,-1.0,1
,4,-1.0,1
 ,5,95.0,1
,2,-1.0,20
,3,-1.0,20
,4,-1.0,20
Also,5,96.888771,16
available,5,96.665291,16
as,5,96.798607,12
a,5,96.945847,12
printed,5,96.260162,20
book,5,96.260162,16
,2,-1.0,56
,3,-1.0,56
,4,-1.0,56
 ,5,95.0,56
,2,-1.0,14
,3,-1.0,14
,4,-1.0,14
see,5,67.571518,11
title,5,95.829727,14
verso,5,96.992699,11
for,5,96.994446,14
ISBN,5,96.896339,14
details,5,96.469398,14
