text,level,conf,height
,1,-1.0,601
,2,-1.0,131
,3,-1.0,131
,4,-1.0,25
Rudolf,5,96.510185,25
Steiner,5,96.641937,24
,4,-1.0,39
THE,5,96.276039,39
,2,-1.0,92
,3,-1.0,92
,4,-1.0,38
LIGHT,5,96.070236,38
,4,-1.0,38
COURSE,5,96.78054,38
,2,-1.0,113
,3,-1.0,113
,4,-1.0,113
le,5,42.228107,113
