text,level,conf,height
,1,-1.0,720
,2,-1.0,186
,3,-1.0,186
,4,-1.0,40
Tl,5,49.877808,40
,4,-1.0,41
SERIES,5,96.789398,41
ANALYSIS,5,96.214882,41
,4,-1.0,54
G,5,85.510223,54
,2,-1.0,23
,3,-1.0,23
,4,-1.0,23
With,5,93.264221,18
R,5,93.089096,18
and,5,96.455025,19
Financial,5,96.64653,19
Applications,5,96.004181,23
,2,-1.0,388
,3,-1.0,388
,4,-1.0,388
 ,5,95.0,388
,2,-1.0,37
,3,-1.0,37
,4,-1.0,37
Bake,5,22.712929,37
WILEY,5,96.500473,19
