text,level,conf,height
,1,-1.0,792
,2,-1.0,618
,3,-1.0,618
,4,-1.0,591
  ,5,95.0,591
,4,-1.0,63
 ,5,95.0,27
 ,5,95.0,36
,2,-1.0,18
,3,-1.0,18
,4,-1.0,18
ABD,5,36.657097,18
vaunins,5,12.285393,9
,2,-1.0,17
,3,-1.0,17
,4,-1.0,17
CODE,5,96.632858,17
LISTINGS,5,96.107651,17
AND,5,96.210564,17
FIGURES,5,96.691864,17
