text,level,conf,height
,1,-1.0,504
,2,-1.0,10
,3,-1.0,10
,4,-1.0,10
CRITICAL,5,95.897758,10
SURVEY,5,96.51165,10
OF,5,96.990448,10
POETRY,5,96.008698,10
,2,-1.0,27
,3,-1.0,27
,4,-1.0,27
British,5,96.735123,27
Renaissance,5,96.306564,27
,2,-1.0,421
,3,-1.0,421
,4,-1.0,421
 ,5,95.0,421
