text,level,conf,height
,1,-1.0,792
,2,-1.0,1
,3,-1.0,1
,4,-1.0,1
 ,5,95.0,1
,2,-1.0,21
,3,-1.0,21
,4,-1.0,21
Sams,5,93.569031,21
Teach,5,94.543182,21
Yourself,5,96.097145,21
,2,-1.0,118
,3,-1.0,118
,4,-1.0,118
&é,5,59.364834,102
:,5,0.0,22
OL,5,95.521347,118
,2,-1.0,154
,3,-1.0,154
,4,-1.0,154
 ,5,95.0,154
,2,-1.0,510
,3,-1.0,510
,4,-1.0,510
 ,5,95.0,510
,2,-1.0,760
,3,-1.0,760
,4,-1.0,760
 ,5,95.0,760
,2,-1.0,342
,3,-1.0,342
,4,-1.0,342
 ,5,95.0,342
