text,level,conf,height
,1,-1.0,792
,2,-1.0,352
,3,-1.0,352
,4,-1.0,352
 ,5,95.0,352
,2,-1.0,41
,3,-1.0,41
,4,-1.0,16
Santo,5,92.908653,16
Daime,5,92.288208,15
,4,-1.0,15
Blue,5,96.51947,15
Book,5,96.282906,15
