text,level,conf,height
,1,-1.0,500
,2,-1.0,27
,3,-1.0,27
,4,-1.0,27
Yuval,5,95.373978,27
Noah,5,95.373978,26
Harari,5,96.721146,26
,2,-1.0,255
,3,-1.0,255
,4,-1.0,75
e,5,14.293221,75
,4,-1.0,87
Sapiens,5,68.654182,87
,4,-1.0,32
Une,5,93.292191,30
bréve,5,91.617912,32
,4,-1.0,32
histoire,5,96.739822,32
,2,-1.0,32
,3,-1.0,116
,4,-1.0,32
de,5,92.014099,32
’humanité,5,53.890514,32
,2,-1.0,112
,3,-1.0,112
,4,-1.0,112
 ,5,95.0,112
