text,level,conf,height
,1,-1.0,616
,2,-1.0,65
,3,-1.0,65
,4,-1.0,65
15-,5,53.040676,39
=MINUTE,5,0.0,64
,2,-1.0,92
,3,-1.0,92
,4,-1.0,92
ARABIC,5,96.223564,92
,2,-1.0,15
,3,-1.0,15
,4,-1.0,15
LEARN,5,95.98336,14
IN,5,94.936897,14
JUST,5,95.74894,15
12,5,90.594803,15
WEEKS,5,96.069824,15
,2,-1.0,49
,3,-1.0,49
,4,-1.0,19
FREE,5,95.96817,13
gm,5,35.561783,13
,4,-1.0,37
avis,5,0.0,31
(F),5,0.0,32
,2,-1.0,605
,3,-1.0,605
,4,-1.0,605
 ,5,95.0,605
