text,level,conf,height
,1,-1.0,500
,2,-1.0,320
,3,-1.0,320
,4,-1.0,320
 ,5,95.0,320
,2,-1.0,26
,3,-1.0,26
,4,-1.0,26
JOEL,5,96.582527,26
SHEPHERD,5,96.369568,22
