text,level,conf,height
,1,-1.0,383
,2,-1.0,34
,3,-1.0,34
,4,-1.0,34
Many,5,96.470802,31
Worlds?,5,96.677071,27
,2,-1.0,22
,3,-1.0,22
,4,-1.0,10
kdl,5,24.832771,6
Simon,5,91.836296,8
"Saunders,",5,54.512596,28
Jonathan,5,54.512596,28
"Bart,",5,31.700485,8
,4,-1.0,9
‘Advan,5,0.0,8
"Kent,",5,76.358612,9
&,5,36.349197,28
David,5,92.007736,28
Wallace,5,96.328308,28
,2,-1.0,199
,3,-1.0,199
,4,-1.0,199
 ,5,95.0,199
