text,level,conf,height
,1,-1.0,612
,2,-1.0,454
,3,-1.0,454
,4,-1.0,454
 ,5,95.0,454
,2,-1.0,108
,3,-1.0,108
,4,-1.0,108
WARFARE,5,96.816643,108
,2,-1.0,24
,3,-1.0,24
,4,-1.0,24
ROBERT,5,90.474785,24
G.,5,90.474785,24
MORKOT,5,91.373383,24
