text,level,conf,height
,1,-1.0,632
,2,-1.0,76
,3,-1.0,76
,4,-1.0,76
 ,5,95.0,76
,2,-1.0,18
,3,-1.0,18
,4,-1.0,18
HISTORICAL,5,95.990181,11
DICTIONARY,5,96.697495,11
of,5,96.697495,18
,2,-1.0,181
,3,-1.0,135
,4,-1.0,56
ANCIENT,5,96.835533,56
,4,-1.0,112
EGYPT,5,80.419739,112
,2,-1.0,11
,3,-1.0,11
,4,-1.0,11
SECOND,5,96.410896,10
EDITION,5,96.410896,11
,2,-1.0,334
,3,-1.0,334
,4,-1.0,334
 ,5,95.0,334
