text,level,conf,height
,1,-1.0,860
,2,-1.0,156
,3,-1.0,156
,4,-1.0,67
The,5,94.779144,67
,4,-1.0,67
Sea,5,96.272331,65
Wolf,5,96.631363,66
,2,-1.0,425
,3,-1.0,425
,4,-1.0,425
 ,5,95.0,425
,2,-1.0,57
,3,-1.0,57
,4,-1.0,57
INGQRONIDON,5,29.752815,57
,2,-1.0,168
,3,-1.0,168
,4,-1.0,168
 ,5,95.0,168
