text,level,conf,height
,1,-1.0,798
,2,-1.0,254
,3,-1.0,254
,4,-1.0,254
 ,5,95.0,254
,2,-1.0,16
,3,-1.0,16
,4,-1.0,16
SEAN,5,96.533829,16
MARTIN,5,96.680382,16
,2,-1.0,62
,3,-1.0,62
,4,-1.0,62
ALCHEMY,5,96.093895,62
,2,-1.0,27
,3,-1.0,27
,4,-1.0,27
&,5,85.681595,27
ALCHEMISTS,5,85.681595,23
,2,-1.0,286
,3,-1.0,286
,4,-1.0,286
 ,5,95.0,286
