text,level,conf,height
,1,-1.0,680
,2,-1.0,664
,3,-1.0,664
,4,-1.0,664
   ,5,95.0,664
,2,-1.0,28
,3,-1.0,28
,4,-1.0,12
many,5,96.128258,9
things,5,96.779259,12
are,5,96.779259,6
"sacred,",5,89.59333,9
,4,-1.0,13
‘And,5,86.166489,10
worth,5,94.394707,10
killing,5,96.216629,13
for.,5,92.287308,10
,2,-1.0,212
,3,-1.0,212
,4,-1.0,212
 ,5,95.0,212
