text,level,conf,height
,1,-1.0,792
,2,-1.0,64
,3,-1.0,64
,4,-1.0,64
HOLISTIC,5,96.289314,64
,2,-1.0,146
,3,-1.0,146
,4,-1.0,31
Julie,5,96.477386,31
Gabriel,5,96.505424,25
,4,-1.0,19
F,5,0.0,23
