text,level,conf,height
,1,-1.0,526
,2,-1.0,429
,3,-1.0,429
,4,-1.0,429
 ,5,95.0,429
,2,-1.0,44
,3,-1.0,44
,4,-1.0,18
A,5,85.503639,13
Guide,5,96.07132,14
to,5,96.038445,11
Balancing,5,96.926407,17
the,5,96.942612,14
"Spiritual,",5,96.714424,18
"Mental,",5,96.488113,16
,4,-1.0,18
"Emotional,",5,93.455048,16
and,5,96.569855,13
Physical,5,96.589264,32
Aspects,5,96.294739,32
of,5,95.877296,32
Life,5,94.313705,18
,2,-1.0,7
,3,-1.0,7
,4,-1.0,7
Copier,5,0.0,7
