text,level,conf,height
,1,-1.0,750
,2,-1.0,149
,3,-1.0,149
,4,-1.0,69
SHARPE'S,5,3.971359,69
,4,-1.0,80
aa,5,65.737747,80
,2,-1.0,559
,3,-1.0,559
,4,-1.0,559
 ,5,95.0,559
,2,-1.0,243
,3,-1.0,208
,4,-1.0,135
BERNARD,5,51.49239,135
,4,-1.0,124
“CORNWELL,5,74.238731,124
