text,level,conf,height
,1,-1.0,750
,2,-1.0,160
,3,-1.0,181
,4,-1.0,78
“BERNARD,5,44.795715,99
,4,-1.0,73
CORNWELL,5,96.783691,73
,2,-1.0,545
,3,-1.0,545
,4,-1.0,545
 ,5,95.0,545
