text,level,conf,height
,1,-1.0,750
,2,-1.0,187
,3,-1.0,190
,4,-1.0,70
SHARPE'S,5,0.0,70
,4,-1.0,103
SIEGE,5,84.965805,106
,2,-1.0,644
,3,-1.0,644
,4,-1.0,644
  ,5,95.0,644
,2,-1.0,73
,3,-1.0,73
,4,-1.0,73
CORNWELL,5,68.932999,73
