text,level,conf,height
,1,-1.0,755
,2,-1.0,129
,3,-1.0,129
,4,-1.0,61
Examples,5,96.286484,61
and,5,96.350502,54
Problems,5,96.045006,54
,4,-1.0,55
in,5,96.206825,53
Mathematical,5,95.83783,54
Statistics,5,29.826187,55
,2,-1.0,53
,3,-1.0,53
,4,-1.0,53
~,5,56.1385,53
