text,level,conf,height
,1,-1.0,680
,2,-1.0,146
,3,-1.0,146
,4,-1.0,58
THE,5,95.642395,58
,4,-1.0,59
SILENT,5,95.743835,59
,2,-1.0,680
,3,-1.0,680
,4,-1.0,680
 ,5,95.0,680
