text,level,conf,height
,1,-1.0,603
,2,-1.0,478
,3,-1.0,478
,4,-1.0,478
 ,5,95.0,478
,2,-1.0,115
,3,-1.0,115
,4,-1.0,54
@,5,87.018501,54
\,5,92.486214,36
,4,-1.0,73
{,5,74.159294,65
Mark,5,94.939102,29
Jerone,5,76.170601,30
ates),5,64.968468,66
