text,level,conf,height
,1,-1.0,792
,2,-1.0,470
,3,-1.0,470
,4,-1.0,131
   ,5,95.0,131
,4,-1.0,120
   ,5,95.0,120
,4,-1.0,96
  ,5,95.0,96
,4,-1.0,123
  ,5,95.0,123
,2,-1.0,267
,3,-1.0,267
,4,-1.0,32
Recipes,5,96.397308,32
,4,-1.0,26
for,5,96.840401,26
,4,-1.0,32
"Living,",5,96.127144,32
,4,-1.0,32
"Loving,",5,95.916603,32
,4,-1.0,25
and,5,96.555336,25
,4,-1.0,32
Juicing,5,96.793808,32
,4,-1.0,27
Green,5,96.603203,27
,2,-1.0,54
,3,-1.0,54
,4,-1.0,54
Crema,5,55.765694,37
(eli.,5,0.0,54
