text,level,conf,height
,1,-1.0,648
,2,-1.0,202
,3,-1.0,202
,4,-1.0,202
 ,5,95.0,202
,2,-1.0,76
,3,-1.0,76
,4,-1.0,47
The,5,96.5317,29
Ancient,5,95.962555,22
Egyptian,5,94.679337,44
,4,-1.0,41
Pyramid,5,96.479195,41
Texts,5,96.944206,21
,2,-1.0,17
,3,-1.0,17
,4,-1.0,17
James,5,93.306183,12
P.,5,62.495865,11
Allen,5,92.399811,16
,2,-1.0,198
,3,-1.0,198
,4,-1.0,198
 ,5,95.0,198
