text,level,conf,height
,1,-1.0,647
,2,-1.0,197
,3,-1.0,197
,4,-1.0,197
 ,5,95.0,197
,2,-1.0,69
,3,-1.0,69
,4,-1.0,52
Biographical,5,94.009331,52
Texts,5,96.70153,36
,4,-1.0,15
om,5,85.61232,15
,2,-1.0,52
,3,-1.0,52
,4,-1.0,52
Ramessid,5,91.0914,43
Egypt,5,94.162094,44
,2,-1.0,17
,3,-1.0,17
,4,-1.0,17
Elizabeth,5,86.625763,17
Frood,5,92.01284,16
,2,-1.0,194
,3,-1.0,194
,4,-1.0,194
 ,5,95.0,194
