text,level,conf,height
,1,-1.0,500
,2,-1.0,46
,3,-1.0,46
,4,-1.0,46
sv,5,32.149132,24
Ow,5,38.922523,22
A,5,61.125713,21
oat,5,35.527405,9
a),5,7.528336,46
,4,-1.0,13
~.,5,18.540535,2
PLUS,5,96.728104,11
ORIGINAL,5,96.262421,11
STORIES,5,96.413918,13
,2,-1.0,29
,3,-1.0,29
,4,-1.0,29
ce),5,51.846638,29
,2,-1.0,500
,3,-1.0,500
,4,-1.0,500
 ,5,95.0,500
