text,level,conf,height
,1,-1.0,601
,2,-1.0,104
,3,-1.0,93
,4,-1.0,55
Speaking,5,96.498207,55
for,5,97.006729,40
,4,-1.0,92
the,5,96.978348,55
Dead,5,27.060371,91
,2,-1.0,217
,3,-1.0,217
,4,-1.0,217
 ,5,95.0,217
