text,level,conf,height
,1,-1.0,792
,2,-1.0,130
,3,-1.0,130
,4,-1.0,130
 ,5,95.0,130
,2,-1.0,27
,3,-1.0,27
,4,-1.0,27
Diagnostic,5,96.571823,27
Imaging,5,96.009796,27
,2,-1.0,122
,3,-1.0,122
,4,-1.0,122
Spine,5,96.020844,122
,2,-1.0,310
,3,-1.0,310
,4,-1.0,310
   ,5,95.0,310
,2,-1.0,22
,3,-1.0,53
,4,-1.0,22
Ross,5,87.92289,20
|,5,87.92289,21
Moore,5,96.836769,20
,2,-1.0,35
,3,-1.0,35
,4,-1.0,10
AMIRSYS®,5,60.741291,10
,4,-1.0,9
ELSEVIER,5,91.482544,9
