text,level,conf,height
,1,-1.0,667
,2,-1.0,15
,3,-1.0,15
,4,-1.0,15
Water,5,92.40873,11
Quality,5,96.713516,14
Modelling,5,93.22377,15
for,5,96.526619,11
Rivers,5,96.526619,11
and,5,96.847076,11
Streams,5,96.063873,11
