text,level,conf,height
,1,-1.0,738
,2,-1.0,295
,3,-1.0,295
,4,-1.0,295
   ,5,95.0,295
,2,-1.0,202
,3,-1.0,202
,4,-1.0,102
Photosynthesi,5,26.519409,102
in,5,96.773849,30
,4,-1.0,55
Bryophytes,5,93.170898,55
and,5,96.201355,43
Early,5,96.201355,55
,4,-1.0,43
Land,5,96.902794,43
Plants,5,96.902794,43
,2,-1.0,37
,3,-1.0,37
,4,-1.0,37
ray,5,36.9519,37
Springer,5,96.792343,22
