text,level,conf,height
,1,-1.0,720
,2,-1.0,2
,3,-1.0,2
,4,-1.0,2
 ,5,95.0,2
,2,-1.0,17
,3,-1.0,17
,4,-1.0,17
MicroRNA,5,96.804573,12
Cancer,5,96.870728,13
Regulation,5,94.863564,17
