text,level,conf,height
,1,-1.0,667
,2,-1.0,15
,3,-1.0,15
,4,-1.0,15
Undergraduate,5,96.662315,15
Lecture,5,96.266251,11
Notes,5,96.301788,11
in,5,96.301788,7
Physics,5,85.201782,15
