text,level,conf,height
,1,-1.0,667
,2,-1.0,176
,3,-1.0,176
,4,-1.0,176
    ,5,95.0,176
,2,-1.0,79
,3,-1.0,79
,4,-1.0,41
The,5,96.750961,32
Language,5,96.487007,39
,4,-1.0,33
of,5,96.382675,33
Mathematics,5,96.382675,33
,2,-1.0,29
,3,-1.0,29
,4,-1.0,29
D,5,62.730473,28
Springer,5,96.806389,22
