text,level,conf,height
,1,-1.0,667
,2,-1.0,2
,3,-1.0,2
,4,-1.0,2
 ,5,95.0,2
,2,-1.0,15
,3,-1.0,15
,4,-1.0,15
Computer,5,84.557739,14
Communications,5,96.301842,11
and,5,96.829155,11
Networks,5,96.676407,12
