text,level,conf,height
,1,-1.0,667
,2,-1.0,15
,3,-1.0,15
,4,-1.0,15
Contributions,5,82.064743,11
To,5,96.954849,11
Global,5,94.451248,11
Historical,5,94.451248,11
Archaeology,5,96.724594,15
