text,level,conf,height
,1,-1.0,684
,2,-1.0,17
,3,-1.0,17
,4,-1.0,17
Undergraduate,5,96.883209,17
Texts,5,96.268036,12
in,5,96.270111,12
Mathematics,5,87.796066,13
,2,-1.0,684
,3,-1.0,684
,4,-1.0,684
 ,5,95.0,684
