text,level,conf,height
,1,-1.0,667
,2,-1.0,2
,3,-1.0,2
,4,-1.0,2
 ,5,95.0,2
,2,-1.0,17
,3,-1.0,17
,4,-1.0,17
Computer,5,89.66539,16
Communications,5,96.553329,12
and,5,96.410881,13
Networks,5,94.870895,13
,2,-1.0,20
,3,-1.0,20
,4,-1.0,7
Fovtuther,5,3.283112,7
ohne:,5,7.359634,6
,4,-1.0,8
hp,5,0.0,8
?mspeingercon/sere/98,5,0.0,8
