text,level,conf,height
,1,-1.0,667
,2,-1.0,14
,3,-1.0,14
,4,-1.0,14
Graduate,5,96.666824,11
Texts,5,96.486382,11
in,5,94.021332,11
Physics,5,82.854309,14
