text,level,conf,height
,1,-1.0,666
,2,-1.0,47
,3,-1.0,47
,4,-1.0,19
Michael,5,93.304718,19
M.,5,92.452759,19
Richter,5,96.314041,19
,4,-1.0,19
Rosina,5,96.992325,19
0.,5,96.079178,19
Weber,5,96.176109,19
,2,-1.0,200
,3,-1.0,200
,4,-1.0,94
Case-Based,5,38.208954,94
,4,-1.0,87
Reasoning,5,96.323692,87
,2,-1.0,19
,3,-1.0,19
,4,-1.0,19
ATextbook,5,90.891068,19
,2,-1.0,34
,3,-1.0,34
,4,-1.0,34
a,5,87.568794,29
Springer,5,96.124054,31
