text,level,conf,height
,1,-1.0,684
,2,-1.0,54
,3,-1.0,54
,4,-1.0,26
Keesook,5,92.38179,20
J.,5,96.484924,34
Han,5,93.233711,19
-,5,81.161133,3
Baek-Young,5,87.645088,26
Choi,5,95.335922,20
,4,-1.0,26
Sejun,5,93.185112,25
Song,5,94.820503,25
Editors,5,41.35527,20
,2,-1.0,59
,3,-1.0,59
,4,-1.0,59
pplications,5,92.526611,59
,2,-1.0,476
,3,-1.0,476
,4,-1.0,476
 ,5,95.0,476
