text,level,conf,height
,1,-1.0,684
,2,-1.0,72
,3,-1.0,190
,4,-1.0,20
Wim,5,92.277756,19
Vanderbauwhede,5,91.619263,20
-,5,91.412918,3
Khaled,5,93.306168,20
Benkrid,5,92.806541,20
,4,-1.0,27
Editors,5,96.635681,20
|,5,90.472656,35
,4,-1.0,16
|,5,87.503586,16
,2,-1.0,472
,3,-1.0,472
,4,-1.0,472
 ,5,95.0,472
