text,level,conf,height
,1,-1.0,684
,2,-1.0,25
,3,-1.0,25
,4,-1.0,25
Meng,5,96.874863,25
Liang,5,96.874863,25
,2,-1.0,97
,3,-1.0,97
,4,-1.0,42
The,5,96.565918,41
Microeconomic,5,96.116646,41
,4,-1.0,42
Growth,5,96.636368,42
,2,-1.0,37
,3,-1.0,37
,4,-1.0,37
cay,5,42.78907,37
Springer,5,96.811836,22
