text,level,conf,height
,1,-1.0,299
,2,-1.0,21
,3,-1.0,21
,4,-1.0,9
‘Antonio,5,68.816299,28
Mucherin,5,43.329895,9
-,5,43.329895,28
Cale,5,44.945793,28
Lor,5,14.194992,28
,4,-1.0,9
Leo,5,60.263981,28
Liert-Nelon,5,39.826065,9
Maclan,5,70.071335,9
Eltrs,5,45.2701,9
,2,-1.0,96
,3,-1.0,85
,4,-1.0,41
1,5,29.666031,41
Distance,5,92.02198,29
,4,-1.0,49
Geometry,5,96.865257,49
,2,-1.0,10
,3,-1.0,10
,4,-1.0,10
Theory,5,73.223442,10
Methods,5,68.742264,8
,2,-1.0,11
,3,-1.0,11
,4,-1.0,11
 ,5,95.0,11
