text,level,conf,height
,1,-1.0,299
,2,-1.0,299
,3,-1.0,299
,4,-1.0,299
   ,5,95.0,299
 ,5,95.0,26
,2,-1.0,69
,3,-1.0,69
,4,-1.0,25
The,5,95.623169,20
Development,5,96.844421,25
,4,-1.0,20
of,5,96.441017,20
Bioethics,5,95.571587,19
in,5,94.887421,19
the,5,94.887421,20
,4,-1.0,20
United,5,96.983368,20
States,5,96.983368,20
,2,-1.0,13
,3,-1.0,13
,4,-1.0,13
D,5,58.514153,13
springer,5,45.752937,10
