text,level,conf,height
,1,-1.0,667
,2,-1.0,12
,3,-1.0,12
,4,-1.0,12
SPRINGER,5,95.337227,12
BRIEFS,5,96.750938,12
IN,5,96.632698,12
COMPUTER,5,96.54982,12
SCIENCE,5,96.603806,12
,2,-1.0,130
,3,-1.0,130
,4,-1.0,72
Internet,5,96.681404,40
Resource,5,83.210381,72
,4,-1.0,54
Pricing,5,96.734314,53
Models,5,96.868103,43
,2,-1.0,30
,3,-1.0,30
,4,-1.0,30
a,5,86.831215,29
Springer,5,96.024628,23
,2,-1.0,667
,3,-1.0,667
,4,-1.0,667
 ,5,95.0,667
