text,level,conf,height
,1,-1.0,667
,2,-1.0,167
,3,-1.0,167
,4,-1.0,52
Manual,5,96.710739,51
of,5,96.857544,50
,4,-1.0,107
als.,5,0.574951,107
,2,-1.0,246
,3,-1.0,246
,4,-1.0,246
 ,5,95.0,246
,2,-1.0,34
,3,-1.0,34
,4,-1.0,34
a,5,79.433548,29
Springer,5,96.396637,31
