text,level,conf,height
,1,-1.0,667
,2,-1.0,33
,3,-1.0,33
,4,-1.0,15
SpringerBriefs,5,89.009232,15
in,5,96.967079,11
Electrical,5,95.094116,11
,4,-1.0,15
and,5,95.744377,11
Computer,5,94.293198,15
Engineering,5,90.98069,15
