text,level,conf,height
,1,-1.0,667
,2,-1.0,15
,3,-1.0,15
,4,-1.0,15
Eugene,5,93.276215,15
Grayver,5,86.170319,14
,2,-1.0,49
,3,-1.0,49
,4,-1.0,25
Implementing,5,96.095718,25
Software,5,96.689552,19
,4,-1.0,19
Defined,5,96.276245,19
Radio,5,96.167694,19
,2,-1.0,23
,3,-1.0,23
,4,-1.0,23
®D,5,36.859909,31
Springer,5,96.500008,18
