text,level,conf,height
,1,-1.0,684
,2,-1.0,212
,3,-1.0,212
,4,-1.0,212
  ,5,95.0,212
,2,-1.0,174
,3,-1.0,174
,4,-1.0,94
‘Time,5,57.281128,94
and,5,94.371239,68
,4,-1.0,66
Petri,5,96.949348,66
Nets,5,96.843506,66
