text,level,conf,height
,1,-1.0,300
,2,-1.0,11
,3,-1.0,11
,4,-1.0,11
Sirgen,5,68.795166,28
Jost,5,62.377281,28
,2,-1.0,48
,3,-1.0,48
,4,-1.0,19
Partial,5,92.338165,19
Differential,5,86.636696,19
,4,-1.0,23
Equations,5,91.367126,23
,2,-1.0,14
,3,-1.0,14
,4,-1.0,14
D,5,16.861946,13
springer,5,16.861946,11
