text,level,conf,height
,1,-1.0,667
,2,-1.0,32
,3,-1.0,32
,4,-1.0,32
a),5,25.889015,32
Birkhauser,5,93.97554,27
