text,level,conf,height
,1,-1.0,667
,2,-1.0,15
,3,-1.0,15
,4,-1.0,15
Springer,5,95.763939,15
Texts,5,95.763939,11
in,5,95.99794,11
Statistics,5,88.503601,11
