text,level,conf,height
,1,-1.0,667
,2,-1.0,667
,3,-1.0,667
,4,-1.0,242
   ,5,95.0,242
,4,-1.0,101
  ,5,95.0,101
,4,-1.0,50
 ,5,95.0,50
,4,-1.0,274
   ,5,95.0,274
,2,-1.0,202
,3,-1.0,101
,4,-1.0,50
|,5,50.254436,4
Mapping,5,92.838211,50
,4,-1.0,51
Archaeological,5,96.66967,51
,3,-1.0,101
,4,-1.0,50
Landscapes,5,96.579872,50
from,5,95.728142,39
,4,-1.0,49
|,5,58.040981,2
Space,5,94.058388,49
,2,-1.0,33
,3,-1.0,33
,4,-1.0,33
®,5,38.111504,28
Springer,5,96.360901,31
