text,level,conf,height
,1,-1.0,684
,2,-1.0,75
,3,-1.0,75
,4,-1.0,25
Athman,5,92.311783,19
Bouguettaya,5,93.041985,25
,4,-1.0,25
Quan,5,93.304657,21
Z.,5,92.341835,19
Sheng,5,96.736046,25
,4,-1.0,19
Florian,5,96.843712,19
Daniel,5,90.949142,19
Editors,5,90.949142,19
,2,-1.0,98
,3,-1.0,98
,4,-1.0,42
Advanced,5,96.535439,42
Web,5,96.865761,42
,4,-1.0,41
Services,5,96.89138,41
,2,-1.0,34
,3,-1.0,34
,4,-1.0,34
a,5,87.213509,29
Springer,5,96.024948,31
