text,level,conf,height
,1,-1.0,667
,2,-1.0,15
,3,-1.0,15
,4,-1.0,15
Economics,5,90.851753,11
of,5,95.50985,11
Information,5,95.50985,11
Security,5,96.69355,14
and,5,96.882782,11
Privacy,5,96.727272,15
III,5,76.67942,11
