text,level,conf,height
,1,-1.0,927
,2,-1.0,34
,3,-1.0,34
,4,-1.0,34
Stanley,5,92.908951,34
A.,5,92.908951,26
Plotkin,5,83.309608,27
Fditor,5,52.418816,27
,2,-1.0,2
,3,-1.0,2
,4,-1.0,2
 ,5,95.0,2
,2,-1.0,139
,3,-1.0,139
,4,-1.0,139
History,5,24.626022,139
of,5,96.943443,77
,2,-1.0,192
,3,-1.0,192
,4,-1.0,74
Vaccine,5,96.871063,74
,4,-1.0,96
Development,5,96.764717,96
,2,-1.0,47
,3,-1.0,47
,4,-1.0,47
va,5,33.025497,47
Springer,5,96.635902,30
