text,level,conf,height
,1,-1.0,648
,2,-1.0,23
,3,-1.0,23
,4,-1.0,23
THE,5,96.540703,23
,2,-1.0,89
,3,-1.0,89
,4,-1.0,89
JOURNEY:,5,96.555618,89
,2,-1.0,35
,3,-1.0,35
,4,-1.0,14
Consciousness,5,96.265167,14
and,5,96.875824,13
the,5,96.972435,13
,4,-1.0,17
Mystery,5,96.996696,17
of,5,96.916473,15
Death,5,96.77446,14
