text,level,conf,height
,1,-1.0,720
,2,-1.0,40
,3,-1.0,40
,4,-1.0,40
Statistical,5,96.750496,40
,2,-1.0,96
,3,-1.0,96
,4,-1.0,50
Machine,5,96.268707,40
Learning,5,96.558121,50
,4,-1.0,33
A,5,96.863968,32
Unified,5,96.46637,33
Framework,5,95.045189,33
,2,-1.0,142
,3,-1.0,142
,4,-1.0,142
 ,5,95.0,142
