text,level,conf,height
,1,-1.0,475
,2,-1.0,52
,3,-1.0,52
,4,-1.0,52
STEPHEN,5,96.17942,37
KING,5,95.050362,52
,2,-1.0,467
,3,-1.0,467
,4,-1.0,467
 ,5,95.0,467
,2,-1.0,475
,3,-1.0,475
,4,-1.0,475
 ,5,95.0,475
