text,level,conf,height
,1,-1.0,500
,2,-1.0,48
,3,-1.0,48
,4,-1.0,48
=,5,66.873672,48
,2,-1.0,62
,3,-1.0,62
,4,-1.0,62
BAG,5,95.993622,62
of,5,82.629929,85
BO,5,94.258125,85
,2,-1.0,466
,3,-1.0,466
,4,-1.0,466
 ,5,95.0,466
