text,level,conf,height
,1,-1.0,475
,2,-1.0,64
,3,-1.0,64
,4,-1.0,31
the,5,92.499489,20
Girl,5,33.237907,23
Whe,5,90.158119,20
,4,-1.0,31
Leved,5,49.884647,31
,2,-1.0,64
,3,-1.0,64
,4,-1.0,26
Tom,5,36.319752,26
,4,-1.0,33
Geyden,5,35.750641,33
,2,-1.0,12
,3,-1.0,12
,4,-1.0,12
a,5,0.0,5
_nevel,5,0.0,12
,2,-1.0,475
,3,-1.0,475
,4,-1.0,475
 ,5,95.0,475
,2,-1.0,16
,3,-1.0,16
,4,-1.0,16
7,5,0.0,16
