text,level,conf,height
,1,-1.0,500
,2,-1.0,63
,3,-1.0,63
,4,-1.0,63
STEPHEN,5,95.995781,63
,2,-1.0,52
,3,-1.0,52
,4,-1.0,52
Aa,5,6.621063,43
ry,5,40.859032,52
,2,-1.0,156
,3,-1.0,156
,4,-1.0,156
   ,5,95.0,156
