text,level,conf,height
,1,-1.0,475
,2,-1.0,53
,3,-1.0,53
,4,-1.0,20
pe,5,49.170349,20
,4,-1.0,21
ยง,5,0.0,21
,4,-1.0,48
he,5,41.931324,48
,4,-1.0,48
me,5,47.311817,48
,4,-1.0,53
wWQ,5,39.120483,53
,4,-1.0,48
uy,5,40.483265,48
Wd,5,13.141953,22
,4,-1.0,48
x=,5,42.023388,48
,4,-1.0,52
Ce,5,34.738167,52
,4,-1.0,20
em,5,30.913918,20
,4,-1.0,20
Cc,5,50.834991,20
,2,-1.0,296
,3,-1.0,296
,4,-1.0,296
 ,5,95.0,296
