text,level,conf,height
,1,-1.0,475
,2,-1.0,67
,3,-1.0,82
,4,-1.0,67
STEPHEN,5,88.928818,82
,2,-1.0,74
,3,-1.0,74
,4,-1.0,73
ir,5,24.299026,73
OF,5,96.919922,35
ae,5,60.572849,72
,4,-1.0,36
REWOLF,5,93.041412,36
,2,-1.0,475
,3,-1.0,475
,4,-1.0,475
 ,5,95.0,475
