text,level,conf,height
,1,-1.0,620
,2,-1.0,190
,3,-1.0,191
,4,-1.0,101
STEPHEN,5,96.243599,101
,4,-1.0,72
MING,5,58.648411,72
,2,-1.0,620
,3,-1.0,620
,4,-1.0,620
  ,5,95.0,620
