text,level,conf,height
,1,-1.0,900
,2,-1.0,900
,3,-1.0,900
,4,-1.0,342
    ,5,95.0,342
,4,-1.0,558
 ,5,95.0,558
,2,-1.0,39
,3,-1.0,39
,4,-1.0,39
ve,5,96.712219,21
Solomon,5,96.38076,39
,2,-1.0,337
,3,-1.0,337
,4,-1.0,337
7,5,48.567558,174
),5,0.0,17
agrdening,5,44.442101,337
,4,-1.0,111
|,5,60.602287,15
when,5,96.778641,92
s,5,0.0,111
counts,5,96.985199,55
