text,level,conf,height
,1,-1.0,507
,2,-1.0,81
,3,-1.0,81
,4,-1.0,35
"Husserl,",5,92.752441,31
"Heidegger,",5,95.566689,34
,4,-1.0,34
and,5,96.749336,26
the,5,96.794754,27
Space,5,96.894714,33
,2,-1.0,34
,3,-1.0,34
,4,-1.0,34
of,5,96.850159,26
Meaning,5,96.582214,33
,2,-1.0,77
,3,-1.0,77
,4,-1.0,18
Paths,5,97.00486,17
toward,5,96.835175,18
,4,-1.0,18
Transcendental,5,95.864166,18
,4,-1.0,23
Phenomenology,5,95.947166,23
,2,-1.0,507
,3,-1.0,507
,4,-1.0,507
 ,5,95.0,507
