text,level,conf,height
,1,-1.0,521
,2,-1.0,43
,3,-1.0,43
,4,-1.0,12
the,5,94.165726,12
,4,-1.0,11
LITTLE,5,95.06543,11
BOOK,5,95.06543,11
,2,-1.0,41
,3,-1.0,41
,4,-1.0,14
of,5,84.550323,14
,4,-1.0,10
STRING,5,96.53904,10
THEORY,5,96.086334,10
,2,-1.0,58
,3,-1.0,58
,4,-1.0,58
*,5,0.0,58
,2,-1.0,9
,3,-1.0,9
,4,-1.0,9
Sreven,5,83.122047,9
S.,5,63.879936,9
Gunsen,5,53.752052,8
