text,level,conf,height
,1,-1.0,1036
,2,-1.0,97
,3,-1.0,97
,4,-1.0,97
SURGERY,5,96.466713,97
,2,-1.0,135
,3,-1.0,135
,4,-1.0,60
OF,5,96.628319,59
THE,5,96.030418,59
,4,-1.0,62
THIRD,5,96.366501,59
VENTRICLE,5,95.858551,61
,2,-1.0,46
,3,-1.0,46
,4,-1.0,46
Michael,5,93.212685,37
L.,5,92.086121,36
J.,5,93.298233,36
Apuzzo,5,91.194489,46
,2,-1.0,1036
,3,-1.0,1036
,4,-1.0,1036
 ,5,95.0,1036
