text,level,conf,height
,1,-1.0,842
,2,-1.0,19
,3,-1.0,19
,4,-1.0,19
Fractal,5,95.810501,19
Time,5,95.810501,19
,2,-1.0,8
,3,-1.0,8
,4,-1.0,8
Susie,5,93.249794,8
Vrobel,5,58.459263,8
,2,-1.0,11
,3,-1.0,11
,4,-1.0,11
Fractal,5,86.497383,8
Time,5,96.066154,8
was,5,95.122734,6
frst,5,82.17794,8
published,5,87.281326,11
in,5,96.133591,6
1998,5,96.662857,8
by,5,96.829605,11
