text,level,conf,height
,1,-1.0,665
,2,-1.0,36
,3,-1.0,36
,4,-1.0,36
Mastering,5,96.292084,36
Autodesk’,5,88.868614,29
,2,-1.0,431
,3,-1.0,431
,4,-1.0,431
  ,5,95.0,431
,2,-1.0,48
,3,-1.0,48
,4,-1.0,48
 ,5,95.0,48
,2,-1.0,211
,3,-1.0,211
,4,-1.0,37
f,5,64.221344,37
,4,-1.0,50
Maya,5,94.356407,34
2015,5,94.356407,29
x,5,66.561928,28
,4,-1.0,28
=,5,92.965469,28
,4,-1.0,69
SS,5,42.427002,64
Stas,5,39.997517,69
,4,-1.0,15
-,5,41.998138,13
=,5,37.17662,14
