text,level,conf,height
,1,-1.0,666
,2,-1.0,349
,3,-1.0,349
,4,-1.0,349
 ,5,95.0,349
,2,-1.0,432
,3,-1.0,432
,4,-1.0,432
 ,5,95.0,432
,2,-1.0,73
,3,-1.0,73
,4,-1.0,35
Mastering,5,96.340492,35
Windows,5,96.654526,28
,4,-1.0,26
Server,5,91.48542,26
2012,5,73.01693,26
R2,5,83.546555,26
,2,-1.0,96
,3,-1.0,96
,4,-1.0,41
 ,5,95.0,41
,4,-1.0,55
 ,5,95.0,55
,2,-1.0,93
,3,-1.0,93
,4,-1.0,93
-,5,0.0,93
,2,-1.0,29
,3,-1.0,29
,4,-1.0,29
Gspx,5,27.556145,29
