text,level,conf,height
,1,-1.0,666
,2,-1.0,27
,3,-1.0,27
,4,-1.0,27
STUDY,5,96.421173,27
GUIDE,5,96.838455,27
,2,-1.0,11
,3,-1.0,11
,4,-1.0,11
EXAMS,5,96.531822,11
101,5,96.531822,11
AND,5,96.543335,11
102,5,94.909851,11
,2,-1.0,8
,3,-1.0,8
,4,-1.0,8
+,5,89.744766,5
Custom,5,90.25415,7
Test,5,96.717964,7
Engine,5,96.247284,8
,2,-1.0,483
,3,-1.0,483
,4,-1.0,483
 ,5,95.0,483
,2,-1.0,560
,3,-1.0,560
,4,-1.0,560
 ,5,95.0,560
,2,-1.0,198
,3,-1.0,198
,4,-1.0,198
 ,5,95.0,198
