text,level,conf,height
,1,-1.0,662
,2,-1.0,24
,3,-1.0,24
,4,-1.0,24
@\,5,27.807907,8
AUTODESK,5,94.340355,17
Eric,5,96.859512,13
Chappell,5,91.733406,17
,2,-1.0,368
,3,-1.0,368
,4,-1.0,368
 ,5,95.0,368
,2,-1.0,34
,3,-1.0,34
,4,-1.0,34
Autodesk,5,89.336884,34
InfraWorks,5,89.336884,33
,2,-1.0,74
,3,-1.0,74
,4,-1.0,34
and,5,93.277641,34
InfraWorks,5,90.710159,34
360,5,96.584839,31
,4,-1.0,23
ESSENTIALS,5,96.275688,23
,2,-1.0,28
,3,-1.0,28
,4,-1.0,28
Csex,5,38.459747,28
