text,level,conf,height
,1,-1.0,666
,2,-1.0,73
,3,-1.0,35
,4,-1.0,14
Scott,5,93.476677,13
Lowe,5,96.996094,13
and,5,96.996094,14
Nick,5,96.813217,14
Marshall,5,95.875175,14
,4,-1.0,11
with,5,96.6409,11
Forbes,5,92.00576,11
Guthrie,5,96.738121,11
,3,-1.0,11
,4,-1.0,11
Matt,5,95.057083,10
Liebowitz,5,96.347321,11
,3,-1.0,11
,4,-1.0,11
Josh,5,96.152084,11
Atwell,5,95.863327,11
,2,-1.0,666
,3,-1.0,666
,4,-1.0,666
 ,5,95.0,666
