text,level,conf,height
,1,-1.0,665
,2,-1.0,31
,3,-1.0,31
,4,-1.0,31
1s,5,28.135056,24
by,5,9.680138,31
|,5,51.067696,24
,2,-1.0,16
,3,-1.0,16
,4,-1.0,16
(\,5,0.0,16
AUTODESK,5,88.152679,10
,2,-1.0,58
,3,-1.0,58
,4,-1.0,14
Don,5,93.123627,13
Bokmiller,5,90.690208,14
,4,-1.0,15
jon,5,63.886265,11
Whitbread,5,96.800774,15
,4,-1.0,15
Dan,5,96.974358,11
Morrison,5,96.412834,15
,2,-1.0,665
,3,-1.0,665
,4,-1.0,665
 ,5,95.0,665
