text,level,conf,height
,1,-1.0,667
,2,-1.0,110
,3,-1.0,110
,4,-1.0,110
SYNGRESS.,5,90.474213,110
,2,-1.0,128
,3,-1.0,128
,4,-1.0,35
HACKING,5,96.12738,35
AND,5,95.5047,25
PENETRATION,5,96.190865,35
,4,-1.0,35
TESTING,5,96.155014,35
WITH,5,96.493675,25
Low,5,96.267754,35
,4,-1.0,36
Power,5,96.442772,36
Devices,5,83.922607,36
,2,-1.0,96
,3,-1.0,96
,4,-1.0,96
Ng,5,90.431,96
,2,-1.0,103
,3,-1.0,103
,4,-1.0,103
Philip,5,93.293678,18
Polstra,5,90.230789,15
o,5,34.457512,103
\,5,93.064049,79
