text,level,conf,height
,1,-1.0,648
,2,-1.0,221
,3,-1.0,37
,4,-1.0,37
4,5,66.558868,37
Linux,5,94.397133,28
Malware,5,96.898087,29
Incident,5,96.887329,29
,3,-1.0,56
,4,-1.0,56
3,5,54.713257,56
Response:,5,95.765961,36
A,5,96.751137,28
Practitioner's,5,60.901485,28
,3,-1.0,123
,4,-1.0,29
@,5,0.0,10
Guide,5,96.128036,29
to,5,96.723557,43
Forensic,5,96.841438,28
Collection,5,96.308464,29
,4,-1.0,29
and,5,96.561165,29
Examination,5,96.668167,28
of,5,96.922592,29
,4,-1.0,29
Volatile,5,96.945885,29
Data,5,96.972939,28
,2,-1.0,53
,3,-1.0,53
,4,-1.0,23
An,5,95.581497,17
Excerpt,5,96.84935,22
from,5,96.906464,18
Malware,5,96.368782,18
Forensics,5,96.956558,17
Field,5,96.937408,18
,4,-1.0,23
Guide,5,94.089714,18
for,5,96.288933,18
Linux,5,96.617371,17
Systems,5,96.761658,23
,2,-1.0,190
,3,-1.0,186
,4,-1.0,96
Ng,5,94.80056,96
,4,-1.0,110
Cameron,5,96.785217,25
Malin,5,90.882233,25
V4,5,12.797943,110
\,5,91.560814,79
,2,-1.0,76
,3,-1.0,76
,4,-1.0,32
Eoghan,5,96.932129,32
Casey,5,96.944901,32
,4,-1.0,32
James,5,96.040627,25
Aquilina,5,96.040627,32
