text,level,conf,height
,1,-1.0,667
,2,-1.0,146
,3,-1.0,146
,4,-1.0,42
Cyser,5,55.05003,42
SECURITY,5,96.357346,42
AND,5,96.495972,29
,4,-1.0,42
IT,5,95.713654,41
INFRASTRUCTURE,5,95.713654,42
,4,-1.0,42
PROTECTION,5,96.535248,42
,2,-1.0,169
,3,-1.0,165
,4,-1.0,134
\,5,30.173576,134
,4,-1.0,122
John,5,95.161758,15
Vacca,5,96.861519,15
—),5,20.847366,122
