text,level,conf,height
,1,-1.0,666
,2,-1.0,64
,3,-1.0,64
,4,-1.0,25
The,5,96.884827,25
Basics,5,96.37001,25
of,5,96.615341,25
,4,-1.0,32
Digital,5,96.639053,32
Privacy,5,96.595985,31
