text,level,conf,height
,1,-1.0,666
,2,-1.0,52
,3,-1.0,52
,4,-1.0,19
Introduction,5,96.541603,19
to,5,96.727463,17
,4,-1.0,24
Information,5,96.214806,19
Security,5,96.370461,24
