text,level,conf,height
,1,-1.0,296
,2,-1.0,19
,3,-1.0,19
,4,-1.0,19
PyTHON,5,90.980911,19
Forensics,5,3.364403,19
,2,-1.0,8
,3,-1.0,8
,4,-1.0,8
 ,5,95.0,8
,2,-1.0,111
,3,-1.0,111
,4,-1.0,111
 ,5,95.0,111
