text,level,conf,height
,1,-1.0,666
,2,-1.0,31
,3,-1.0,31
,4,-1.0,31
Eleventh,5,96.489586,25
Hour,5,93.205574,25
CISSP®,5,90.672882,31
