text,level,conf,height
,1,-1.0,667
,2,-1.0,94
,3,-1.0,94
,4,-1.0,42
MANAGING,5,82.738731,42
,4,-1.0,42
INFORMATION,5,96.563126,41
SECURITY,5,96.456963,42
,2,-1.0,13
,3,-1.0,13
,4,-1.0,13
Second,5,96.550079,13
Edition,5,95.91996,13
,2,-1.0,173
,3,-1.0,169
,4,-1.0,151
L\,5,21.522018,151
,4,-1.0,122
John,5,95.161758,15
Vacca,5,96.861519,15
—),5,20.847366,122
