text,level,conf,height
,1,-1.0,792
,2,-1.0,299
,3,-1.0,299
,4,-1.0,299
   ,5,95.0,299
,2,-1.0,127
,3,-1.0,127
,4,-1.0,48
SYSTEM,5,96.494568,48
DESIGN,5,96.437057,48
,4,-1.0,27
INTERVIEW,5,92.798187,27
-,5,92.772697,6
AN,5,96.158844,26
,4,-1.0,27
INSIDER’S,5,90.078819,27
GUIDE,5,95.997307,27
