text,level,conf,height
,1,-1.0,498
,2,-1.0,95
,3,-1.0,95
,4,-1.0,25
The,5,96.960091,25
ethics,5,96.851555,25
of,5,96.978981,24
,4,-1.0,24
medical,5,96.715141,24
research,5,96.670982,24
,4,-1.0,24
on,5,96.705338,17
humans,5,96.315704,24
,2,-1.0,6
,3,-1.0,6
,4,-1.0,6
 ,5,95.0,6
,2,-1.0,12
,3,-1.0,12
,4,-1.0,12
Claire,5,96.140732,24
Foster,5,96.84861,24
,2,-1.0,35
,3,-1.0,35
,4,-1.0,35
So,5,0.0,35
metaman,5,0.0,35
mmcniepes,5,0.0,35
