text,level,conf,height
,1,-1.0,580
,2,-1.0,37
,3,-1.0,37
,4,-1.0,14
ie,5,51.714844,9
concept,5,96.31237,14
ounda,5,91.243271,10
,4,-1.0,20
of,5,96.783867,16
quantum,5,96.261414,19
mechanics,5,95.83239,16
,2,-1.0,218
,3,-1.0,218
,4,-1.0,218
 ,5,95.0,218
