text,level,conf,height
,1,-1.0,500
,2,-1.0,58
,3,-1.0,58
,4,-1.0,58
We,5,95.532043,58
,2,-1.0,85
,3,-1.0,85
,4,-1.0,13
WAKNAMME!,5,44.868263,13
,4,-1.0,85
WA,5,77.28466,50
fg,5,19.363708,59
“ER,5,26.589149,41
7,5,62.782295,41
,2,-1.0,233
,3,-1.0,233
,4,-1.0,233
   ,5,95.0,233
,2,-1.0,144
,3,-1.0,102
,4,-1.0,60
BOOKOF,5,21.024536,60
,4,-1.0,86
MARIYRS,5,71.273109,86
,2,-1.0,11
,3,-1.0,11
,4,-1.0,11
AN,5,92.888878,9
ADEPTA,5,92.888878,9
SORORITAS,5,91.494202,10
AUDIOBOOK,5,96.084358,10
