text,level,conf,height
,1,-1.0,793
,2,-1.0,1
,3,-1.0,1
,4,-1.0,1
 ,5,95.0,1
,2,-1.0,793
,3,-1.0,793
,4,-1.0,793
 ,5,95.0,793
,2,-1.0,124
,3,-1.0,124
,4,-1.0,58
The,5,96.563988,50
GALE,5,96.559616,57
,4,-1.0,54
ENCYCLOPEDIA,5,96.094574,41
of,5,96.367546,53
,2,-1.0,140
,3,-1.0,140
,4,-1.0,63
CHILDREN’S,5,90.276367,63
,4,-1.0,61
HEALTH,5,95.543266,61
,2,-1.0,458
,3,-1.0,458
,4,-1.0,458
 ,5,95.0,458
,2,-1.0,2
,3,-1.0,2
,4,-1.0,2
 ,5,95.0,2
