text,level,conf,height
,1,-1.0,3000
,2,-1.0,789
,3,-1.0,789
,4,-1.0,391
THE,5,93.860611,382
STATUS,5,94.963837,391
,4,-1.0,386
CIVILIZATION,5,94.897682,386
,2,-1.0,66
,3,-1.0,66
,4,-1.0,66
(Unabridged),5,96.244431,66
