text,level,conf,height
,1,-1.0,793
,2,-1.0,793
,3,-1.0,793
,4,-1.0,793
 ,5,95.0,793
,2,-1.0,122
,3,-1.0,122
,4,-1.0,56
The,5,95.766991,49
GALE,5,95.158646,56
,4,-1.0,53
ENCYCLOPEDIA,5,96.315865,40
of,5,96.29248,52
,2,-1.0,180
,3,-1.0,132
,4,-1.0,62
GENETIC,5,96.133568,62
,4,-1.0,109
DISORDERS,5,86.276291,109
,2,-1.0,11
,3,-1.0,11
,4,-1.0,11
ECOND,5,90.000717,11
EDITION,5,96.448967,11
,2,-1.0,1
,3,-1.0,1
,4,-1.0,1
 ,5,95.0,1
