text,level,conf,height
,1,-1.0,582
,2,-1.0,146
,3,-1.0,146
,4,-1.0,44
«,5,32.818214,14
SENSORY,5,96.075272,44
,4,-1.0,44
PROCESSING,5,96.552254,44
,4,-1.0,44
DISORDER,5,96.090401,44
,2,-1.0,364
,3,-1.0,364
,4,-1.0,364
 ,5,95.0,364
