text,level,conf,height
,1,-1.0,480
,2,-1.0,48
,3,-1.0,48
,4,-1.0,29
SWARHAMMER”,5,0.0,29
,4,-1.0,17
Sa,5,21.692062,2
ee,5,18.380844,17
,2,-1.0,170
,3,-1.0,170
,4,-1.0,170
  ,5,95.0,170
,2,-1.0,109
,3,-1.0,109
,4,-1.0,62
.,5,3.403168,34
ai,5,24.112106,53
:,5,57.150536,2
,4,-1.0,37
XENOS,5,88.287003,37
,2,-1.0,32
,3,-1.0,32
,4,-1.0,32
AUDIO,5,88.423912,23
COLLECTION,5,80.455673,23
—,5,43.545631,2
,2,-1.0,3
,3,-1.0,3
,4,-1.0,3
 ,5,95.0,3
,2,-1.0,4
,3,-1.0,4
,4,-1.0,4
 ,5,95.0,4
