text,level,conf,height
,1,-1.0,512
,2,-1.0,64
,3,-1.0,64
,4,-1.0,34
CHRONICLES,5,66.745857,34
7,5,71.26239,2
,4,-1.0,29
NARNIA,5,93.424408,16
|,5,86.567604,37
aoglug,5,0.0,14
,2,-1.0,512
,3,-1.0,512
,4,-1.0,512
 ,5,95.0,512
