text,level,conf,height
,1,-1.0,699
,2,-1.0,13
,3,-1.0,13
,4,-1.0,13
Edited,5,95.962189,11
by,5,96.426605,13
,2,-1.0,18
,3,-1.0,18
,4,-1.0,18
Ilan,5,82.266296,18
Che,5,96.970749,18
,2,-1.0,348
,3,-1.0,348
,4,-1.0,348
 ,5,95.0,348
