text,level,conf,height
,1,-1.0,648
,2,-1.0,330
,3,-1.0,330
,4,-1.0,330
   ,5,95.0,330
,2,-1.0,215
,3,-1.0,215
,4,-1.0,88
Oneep,5,0.0,88
in,5,96.903656,66
,4,-1.0,54
Evolutionary,5,95.548225,54
,4,-1.0,53
Biology,5,96.464249,53
