text,level,conf,height
,1,-1.0,600
,2,-1.0,47
,3,-1.0,47
,4,-1.0,47
GEORGE,5,92.498619,46
R.,5,83.09729,47
Re,5,29.346626,47
,2,-1.0,462
,3,-1.0,462
,4,-1.0,462
 ,5,95.0,462
,2,-1.0,40
,3,-1.0,40
,4,-1.0,12
4s,5,0.0,7
ILLUSTRATED,5,81.449028,12
HISTORY,5,96.817894,12
oF,5,93.118576,7
,4,-1.0,20
THE,5,92.957123,18
TARGARYEN,5,91.501526,20
DYNASTY,5,96.442627,18
,2,-1.0,7
,3,-1.0,7
,4,-1.0,7
VOLUME,5,88.075432,7
ONE,5,96.096115,7
