text,level,conf,height
,1,-1.0,500
,2,-1.0,12
,3,-1.0,12
,4,-1.0,12
Tue,5,63.356003,12
Horus,5,96.489937,12
Heresy”,5,77.115555,12
,2,-1.0,78
,3,-1.0,78
,4,-1.0,23
THE,5,95.652,23
HORUS,5,96.148224,22
HERESY,5,94.71167,22
,4,-1.0,23
AUDIO,5,96.764877,23
COLLECTION,5,96.277687,23
,4,-1.0,22
VOLUME,5,94.117508,22
4,5,97.006897,21
,2,-1.0,451
,3,-1.0,451
,4,-1.0,451
 ,5,95.0,451
