text,level,conf,height
,1,-1.0,498
,2,-1.0,14
,3,-1.0,14
,4,-1.0,14
Bryan,5,93.040329,14
Jennett,5,69.811005,13
,2,-1.0,105
,3,-1.0,105
,4,-1.0,21
The,5,91.300323,21
,4,-1.0,43
Vegetative,5,96.349136,43
,4,-1.0,30
State,5,96.956902,30
,2,-1.0,12
,3,-1.0,12
,4,-1.0,12
‘Medical,5,72.852364,28
"Facts,",5,96.431297,28
Ethical,5,96.623238,28
and,5,96.569611,28
Legal,5,96.303169,28
Dilemmas,5,79.875946,28
,2,-1.0,35
,3,-1.0,35
,4,-1.0,35
na,5,32.441383,35
etn,5,44.183022,35
nia,5,26.345634,35
