text,level,conf,height
,1,-1.0,792
,2,-1.0,19
,3,-1.0,19
,4,-1.0,19
The,5,96.785973,14
Emergence,5,96.608566,18
of,5,97.003784,15
Complexity,5,96.852669,19
,2,-1.0,10
,3,-1.0,10
,4,-1.0,10
Jochen,5,96.858536,10
Fromm,5,62.454948,10
