text,level,conf,height
,1,-1.0,648
,2,-1.0,206
,3,-1.0,206
,4,-1.0,132
Healing,5,96.549019,132
,4,-1.0,77
Your,5,96.793724,77
,2,-1.0,400
,3,-1.0,400
,4,-1.0,400
 ,5,95.0,400
