text,level,conf,height
,1,-1.0,512
,2,-1.0,49
,3,-1.0,49
,4,-1.0,20
THE,5,83.201668,20
LAST,5,62.870567,20
,4,-1.0,20
BATTLE,5,96.281853,20
,2,-1.0,108
,3,-1.0,108
,4,-1.0,108
 ,5,95.0,108
,2,-1.0,338
,3,-1.0,338
,4,-1.0,338
 ,5,95.0,338
