text,level,conf,height
,1,-1.0,500
,2,-1.0,280
,3,-1.0,280
,4,-1.0,280
 ,5,95.0,280
,2,-1.0,69
,3,-1.0,69
,4,-1.0,69
CHAOS,5,91.908531,39
SPACE,5,96.879623,69
MARINES,5,96.879623,69
,2,-1.0,23
,3,-1.0,23
,4,-1.0,23
AUDIO,5,96.7034,23
COLLECTION,5,96.594597,23
