text,level,conf,height
,1,-1.0,500
,2,-1.0,38
,3,-1.0,38
,4,-1.0,38
®,5,76.786255,17
BrillianceAucio,5,64.485397,16
‘Unabridged.,5,46.513615,38
,2,-1.0,51
,3,-1.0,51
,4,-1.0,51
 ,5,95.0,51
,2,-1.0,67
,3,-1.0,67
,4,-1.0,38
THE,5,94.928764,19
MAN,5,94.628929,38
,4,-1.0,51
TRE,5,95.39473,51
MAN,5,92.383263,48
,2,-1.0,154
,3,-1.0,154
,4,-1.0,154
 ,5,95.0,154
