text,level,conf,height
,1,-1.0,315
,2,-1.0,14
,3,-1.0,14
,4,-1.0,14
 ,5,95.0,14
,2,-1.0,53
,3,-1.0,53
,4,-1.0,14
THE,5,96.802452,14
,4,-1.0,14
NONLINEAR,5,96.140991,14
,4,-1.0,14
UNIVERSE,5,96.202766,14
,2,-1.0,14
,3,-1.0,14
,4,-1.0,14
Dspingee,5,31.053474,14
