text,level,conf,height
,1,-1.0,443
,2,-1.0,37
,3,-1.0,37
,4,-1.0,19
The,5,96.816154,14
Biology,5,96.923325,19
,4,-1.0,15
of,5,96.851494,15
Genetic,5,96.98568,14
Dominance,5,94.826874,14
,2,-1.0,327
,3,-1.0,327
,4,-1.0,327
 ,5,95.0,327
,2,-1.0,28
,3,-1.0,28
,4,-1.0,28
 ,5,95.0,28
