text,level,conf,height
,1,-1.0,400
,2,-1.0,58
,3,-1.0,58
,4,-1.0,58
 ,5,95.0,58
,2,-1.0,9
,3,-1.0,9
,4,-1.0,9
 ,5,95.0,9
,2,-1.0,22
,3,-1.0,22
,4,-1.0,22
Overseas,5,94.040314,17
Training,5,94.040314,22
,2,-1.0,12
,3,-1.0,12
,4,-1.0,12
Glance,5,77.925903,12
|,5,50.768806,12
Index,5,50.768806,29
|Back,5,82.586258,29
,2,-1.0,12
,3,-1.0,12
,4,-1.0,12
Content,5,44.426582,12
|,5,44.426582,29
Help|,5,46.10746,12
Find,5,46.10746,29
,2,-1.0,19
,3,-1.0,19
,4,-1.0,19
 ,5,95.0,19
