text,level,conf,height
,1,-1.0,614
,2,-1.0,107
,3,-1.0,107
,4,-1.0,27
THE,5,96.004387,27
,4,-1.0,29
GNOSTIC,5,91.278183,29
,4,-1.0,28
BIBLE,5,96.492783,28
,2,-1.0,8
,3,-1.0,8
,4,-1.0,8
EDITED,5,96.897835,8
BY,5,96.599594,8
,2,-1.0,53
,3,-1.0,53
,4,-1.0,16
Willis,5,93.230095,16
Barnstone,5,93.206139,15
,4,-1.0,21
and,5,96.719193,16
Marvin,5,96.787399,16
Meyer,5,96.590866,20
,2,-1.0,110
,3,-1.0,110
,4,-1.0,110
 ,5,95.0,110
