text,level,conf,height
,1,-1.0,383
,2,-1.0,261
,3,-1.0,261
,4,-1.0,261
   ,5,95.0,261
,2,-1.0,47
,3,-1.0,47
,4,-1.0,13
The,5,96.502899,13
Ethics,5,95.985741,13
and,5,95.547028,13
,4,-1.0,13
Governance,5,95.120262,11
of,5,96.903961,13
Human.,5,66.921196,11
,4,-1.0,13
Genetic,5,96.935707,13
Databases,5,92.676239,13
,2,-1.0,8
,3,-1.0,8
,4,-1.0,8
futopean,5,0.0,8
Perspectives,5,29.839607,8
