text,level,conf,height
,1,-1.0,500
,2,-1.0,175
,3,-1.0,175
,4,-1.0,175
   ,5,95.0,175
,2,-1.0,194
,3,-1.0,125
,4,-1.0,47
pass,5,32.144608,23
;,5,41.133862,39
The,5,96.171402,27
I,5,48.085743,7
,4,-1.0,34
Pragmatic,5,96.430336,34
,4,-1.0,40
rogrammrer,5,7.506912,40
,3,-1.0,97
,4,-1.0,97
|,5,86.051666,37
X,5,77.719978,33
),5,93.252502,86
,2,-1.0,105
,3,-1.0,105
,4,-1.0,28
},5,56.41235,6
‘oa,5,35.21875,28
,4,-1.0,105
/,5,80.423035,105
y,5,51.931297,19
|,5,37.548985,11
i/,5,0.0,52
