text,level,conf,height
,1,-1.0,471
,2,-1.0,196
,3,-1.0,149
,4,-1.0,85
“Taal,5,49.526634,85
SPIE,5,49.994057,68
,4,-1.0,95
ul!,5,49.719269,95
HB,5,31.793396,92
UE,5,46.603771,89
,2,-1.0,2
,3,-1.0,2
,4,-1.0,2
 ,5,95.0,2
,2,-1.0,203
,3,-1.0,203
,4,-1.0,203
 ,5,95.0,203
,2,-1.0,203
,3,-1.0,203
,4,-1.0,203
 ,5,95.0,203
,2,-1.0,238
,3,-1.0,238
,4,-1.0,238
 ,5,95.0,238
,2,-1.0,1
,3,-1.0,1
,4,-1.0,1
 ,5,95.0,1
