text,level,conf,height
,1,-1.0,648
,2,-1.0,1
,3,-1.0,1
,4,-1.0,1
 ,5,95.0,1
,2,-1.0,138
,3,-1.0,138
,4,-1.0,24
THE,5,96.77166,24
,4,-1.0,24
ONCOGENE,5,96.343811,24
AND,5,96.577782,24
,4,-1.0,25
TUMOUR,5,96.457649,25
,4,-1.0,25
SUPPRESSOR,5,96.543274,25
GENE,5,96.12719,25
,2,-1.0,21
,3,-1.0,21
,4,-1.0,21
Robin,5,96.633369,21
Hesketh,5,96.560555,21
,2,-1.0,443
,3,-1.0,443
,4,-1.0,443
 ,5,95.0,443
,2,-1.0,202
,3,-1.0,202
,4,-1.0,202
 ,5,95.0,202
