text,level,conf,height
,1,-1.0,657
,2,-1.0,281
,3,-1.0,281
,4,-1.0,281
ICHARD,5,92.65937,102
P.,5,89.92807,20
FEYNMAN,5,96.69252,133
,2,-1.0,301
,3,-1.0,301
,4,-1.0,134
FEYNMAN,5,96.45031,134
,4,-1.0,60
LECTURES.ON,5,58.633537,60
,4,-1.0,58
COMPUTATION,5,96.760315,58
