text,level,conf,height
,1,-1.0,564
,2,-1.0,564
,3,-1.0,564
,4,-1.0,378
    ,5,95.0,378
,4,-1.0,186
 ,5,95.0,186
,2,-1.0,52
,3,-1.0,52
,4,-1.0,15
OF,5,94.852585,14
HUMAN,5,94.852585,15
,4,-1.0,15
NATURE,5,96.53093,15
