text,level,conf,height
,1,-1.0,585
,2,-1.0,36
,3,-1.0,36
,4,-1.0,16
John,5,96.307648,14
"Wong,",5,64.114456,15
,4,-1.0,16
Zheng,5,93.305885,16
Yongnian,5,81.473831,15
,2,-1.0,7
,3,-1.0,7
,4,-1.0,7
editors,5,63.198387,7
,2,-1.0,272
,3,-1.0,272
,4,-1.0,272
 ,5,95.0,272
,2,-1.0,83
,3,-1.0,83
,4,-1.0,83
SARS,5,96.985306,83
,2,-1.0,49
,3,-1.0,49
,4,-1.0,21
Challenges,5,96.306587,21
to,5,96.64547,13
China's,5,9.940033,18
,4,-1.0,22
Crisis,5,95.989777,18
Management,5,96.492348,21
