text,level,conf,height
,1,-1.0,315
,2,-1.0,10
,3,-1.0,10
,4,-1.0,10
 ,5,95.0,10
,2,-1.0,93
,3,-1.0,93
,4,-1.0,93
 ,5,95.0,93
,2,-1.0,10
,3,-1.0,10
,4,-1.0,10
Jack,5,94.983063,8
"A,",5,67.353912,8
Taszynski,5,38.88802,10
(4),5,8.178719,7
,2,-1.0,48
,3,-1.0,48
,4,-1.0,12
THE,5,96.938309,12
EMERGING,5,96.848434,12
,4,-1.0,13
PHYSICS,5,95.780357,13
OF,5,95.780357,13
,4,-1.0,13
CONSCIOUSNESS,5,96.21273,13
,2,-1.0,14
,3,-1.0,14
,4,-1.0,14
Dspringer,5,37.29879,14
