text,level,conf,height
,1,-1.0,1000
,2,-1.0,105
,3,-1.0,105
,4,-1.0,36
THE,5,96.74971,36
TECHNOLOGICAL,5,95.811989,36
,4,-1.0,36
SINGULARITY,5,95.556892,36
,2,-1.0,20
,3,-1.0,20
,4,-1.0,20
MURRAY,5,96.024376,20
SHANAHAN,5,96.024376,20
,2,-1.0,108
,3,-1.0,108
,4,-1.0,108
 ,5,95.0,108
