text,level,conf,height
,1,-1.0,792
,2,-1.0,530
,3,-1.0,530
,4,-1.0,530
 ,5,95.0,530
,2,-1.0,31
,3,-1.0,31
,4,-1.0,31
PHICH,5,50.586876,31
NHAT,5,91.456627,31
,2,-1.0,122
,3,-1.0,122
,4,-1.0,122
HANH,5,96.525932,122
