text,level,conf,height
,1,-1.0,500
,2,-1.0,220
,3,-1.0,220
,4,-1.0,113
HINKNG,5,14.945023,113
,4,-1.0,113
YRATEICALY,5,0.0,113
,2,-1.0,151
,3,-1.0,151
,4,-1.0,58
The,5,94.276176,35
Competitive,5,94.276176,44
Edge,5,89.900024,43
in,5,93.100647,49
,4,-1.0,44
"Business,",5,93.494843,44
"Politics,",5,96.321686,44
and,5,96.321686,35
,4,-1.0,44
Everyday,5,95.409058,44
Life,5,95.409058,35
,2,-1.0,40
,3,-1.0,40
,4,-1.0,40
ANAS,5,25.128487,39
KOT,5,50.56908,60
AD,5,56.965328,60
GRY,5,35.81382,60
