text,level,conf,height
,1,-1.0,720
,2,-1.0,207
,3,-1.0,207
,4,-1.0,207
  ,5,95.0,207
,2,-1.0,173
,3,-1.0,173
,4,-1.0,102
|,5,78.331299,97
Thinking,5,86.945526,66
,4,-1.0,67
in,5,95.717239,50
Complexity,5,96.72641,67
,2,-1.0,17
,3,-1.0,17
,4,-1.0,17
Fifth,5,96.89637,17
Edition,5,95.280235,17
,2,-1.0,299
,3,-1.0,299
,4,-1.0,299
 ,5,95.0,299
,2,-1.0,39
,3,-1.0,39
,4,-1.0,39
vay,5,52.761116,38
Springer,5,95.864494,32
