text,level,conf,height
,1,-1.0,662
,2,-1.0,294
,3,-1.0,294
,4,-1.0,294
 ,5,95.0,294
,2,-1.0,16
,3,-1.0,16
,4,-1.0,16
Matthew,5,96.962524,16
Kirk,5,94.233078,16
