text,level,conf,height
,1,-1.0,792
,2,-1.0,16
,3,-1.0,16
,4,-1.0,16
TAKE,5,96.800797,15
CONTROL,5,96.36084,16
OF,5,96.36084,16
,2,-1.0,55
,3,-1.0,55
,4,-1.0,55
LAUNCHBAR,5,91.808922,55
,2,-1.0,47
,3,-1.0,47
,4,-1.0,22
by,5,96.246696,22
KIRK,5,93.293259,15
McELHEARN,5,92.475052,16
,4,-1.0,20
$10,5,96.967209,20
,2,-1.0,778
,3,-1.0,778
,4,-1.0,778
 ,5,95.0,778
