text,level,conf,height
,1,-1.0,792
,2,-1.0,92
,3,-1.0,92
,4,-1.0,92
PDFren,5,51.301598,91
6,5,97.013855,92
,2,-1.0,103
,3,-1.0,103
,4,-1.0,103
ALSO,5,57.200035,84
COVERS,5,16.87278,103
,2,-1.0,778
,3,-1.0,778
,4,-1.0,778
 ,5,95.0,778
