text,level,conf,height
,1,-1.0,630
,2,-1.0,203
,3,-1.0,197
,4,-1.0,122
pEEDY,5,84.199547,122
,4,-1.0,138
aes,5,28.296089,124
TABS,5,25.551476,117
,4,-1.0,102
qARDEN,5,0.0,102
