text,level,conf,height
,1,-1.0,500
,2,-1.0,34
,3,-1.0,34
,4,-1.0,34
ECOLOGY,5,96.265549,34
,2,-1.0,241
,3,-1.0,241
,4,-1.0,241
 ,5,95.0,241
,2,-1.0,110
,3,-1.0,110
,4,-1.0,57
“WITHOUT,5,50.994591,57
~,5,6.473419,1
,4,-1.0,34
NATURE,5,38.560787,34
,2,-1.0,27
,3,-1.0,27
,4,-1.0,27
Timothy,5,96.961288,27
Morton,5,96.9133,20
