text,level,conf,height
,1,-1.0,791
,2,-1.0,266
,3,-1.0,266
,4,-1.0,266
The,5,96.989662,64
Ecological,5,96.460602,181
,4,-1.0,153
Thought,5,97.004631,153
,2,-1.0,182
,3,-1.0,182
,4,-1.0,182
TIMOTHY,5,96.429184,90
MORTON,5,96.135017,80
,2,-1.0,43
,3,-1.0,43
,4,-1.0,43
 ,5,95.0,43
