text,level,conf,height
,1,-1.0,558
,2,-1.0,131
,3,-1.0,103
,4,-1.0,22
The,5,94.078033,22
,4,-1.0,30
DELCEGEOUS,5,15.539154,30
,4,-1.0,31
GRACE,5,95.75032,31
,3,-1.0,15
,4,-1.0,15
0,5,94.865768,15
,2,-1.0,380
,3,-1.0,380
,4,-1.0,380
 ,5,95.0,380
