text,level,conf,height
,1,-1.0,288
,2,-1.0,35
,3,-1.0,35
,4,-1.0,35
Tissue,5,96.729233,35
,2,-1.0,26
,3,-1.0,26
,4,-1.0,7
et,5,49.091599,7
Patan,5,43.967812,28
,4,-1.0,8
Graph,5,17.488297,28
Seek,5,55.356934,28
,4,-1.0,7
to,5,27.856903,7
,2,-1.0,7
,3,-1.0,7
,4,-1.0,7
ron,5,53.436512,28
Labtec,5,45.443184,28
