text,level,conf,height
,1,-1.0,430
,2,-1.0,32
,3,-1.0,32
,4,-1.0,15
Michael,5,67.086555,11
"Begon,",5,92.970215,15
Colin,5,79.22448,12
R.,5,79.22448,11
"Townsend,",5,96.730927,13
,4,-1.0,14
and,5,96.292236,11
John,5,89.719826,11
L.,5,40.295151,11
Harper,5,91.44516,14
,2,-1.0,178
,3,-1.0,178
,4,-1.0,178
 ,5,95.0,178
