text,level,conf,height
,1,-1.0,470
,2,-1.0,27
,3,-1.0,27
,4,-1.0,27
Transglutaminases,5,90.007301,27
,2,-1.0,42
,3,-1.0,42
,4,-1.0,22
Family,5,96.241043,22
of,5,96.078606,18
Enzymes,5,96.224701,21
with,5,96.305458,18
,4,-1.0,17
Diverse,5,96.434921,17
Functions,5,96.706154,17
,2,-1.0,239
,3,-1.0,239
,4,-1.0,239
 ,5,95.0,239
