text,level,conf,height
,1,-1.0,500
,2,-1.0,44
,3,-1.0,44
,4,-1.0,44
w,5,59.702034,44
,2,-1.0,86
,3,-1.0,86
,4,-1.0,86
J,5,44.407326,86
,2,-1.0,131
,3,-1.0,131
,4,-1.0,83
TRANSFORMER,5,96.339676,83
,4,-1.0,38
NICK,5,87.08107,68
LANE,5,87.08107,66
