text,level,conf,height
,1,-1.0,720
,2,-1.0,99
,3,-1.0,99
,4,-1.0,50
GUEVARA,5,88.855873,50
,4,-1.0,36
YOU,5,95.987984,17
wN,5,0.0,36
oR,5,69.251701,27
YOU,5,96.092125,17
DIE,5,95.916985,16
,2,-1.0,720
,3,-1.0,720
,4,-1.0,720
 ,5,95.0,720
