text,level,conf,height
,1,-1.0,905
,2,-1.0,28
,3,-1.0,28
,4,-1.0,28
 ,5,95.0,28
,2,-1.0,19
,3,-1.0,19
,4,-1.0,19
Muhammad,5,96.314667,19
Abdel,5,93.291702,19
Haleem,5,92.924713,18
,2,-1.0,39
,3,-1.0,39
,4,-1.0,39
UNDERSTANDING,5,96.432129,39
,2,-1.0,117
,3,-1.0,117
,4,-1.0,117
@UR'AN,5,76.408714,117
,2,-1.0,27
,3,-1.0,27
,4,-1.0,27
THEMES,5,96.275421,27
AND,5,96.476456,27
STYLE,5,96.614532,27
,2,-1.0,422
,3,-1.0,422
,4,-1.0,422
 ,5,95.0,422
