text,level,conf,height
,1,-1.0,500
,2,-1.0,58
,3,-1.0,58
,4,-1.0,25
MIGRANT,5,96.16806,25
,4,-1.0,24
MODERNISM,5,96.378067,24
,2,-1.0,10
,3,-1.0,10
,4,-1.0,10
&,5,9.900475,10
,2,-1.0,322
,3,-1.0,322
,4,-1.0,322
 ,5,95.0,322
,2,-1.0,16
,3,-1.0,16
,4,-1.0,16
J.,5,86.365692,16
DILLON,5,86.365692,12
BROWN,5,96.265709,12
