text,level,conf,height
,1,-1.0,1034
,2,-1.0,21
,3,-1.0,21
,4,-1.0,21
otestas,5,62.407368,11
Super,5,49.738762,21
,2,-1.0,628
,3,-1.0,628
,4,-1.0,628
 ,5,95.0,628
