text,level,conf,height
,1,-1.0,648
,2,-1.0,257
,3,-1.0,257
,4,-1.0,257
 ,5,95.0,257
,2,-1.0,58
,3,-1.0,58
,4,-1.0,25
Scenes,5,96.801521,23
of,5,95.525864,25
Instruction,5,95.525864,24
,4,-1.0,12
IN,5,94.869331,12
RENAISSANCE,5,94.869331,12
ROMANCE,5,96.645134,12
,2,-1.0,20
,3,-1.0,20
,4,-1.0,20
Jeff,5,93.182396,20
Dolven,5,92.763786,15
