text,level,conf,height
,1,-1.0,543
,2,-1.0,101
,3,-1.0,101
,4,-1.0,37
ANCIENT,5,96.602753,36
EGYPTIAN,5,96.579109,36
,4,-1.0,36
LITERATURE,5,95.817886,36
,2,-1.0,18
,3,-1.0,18
,4,-1.0,18
Volume,5,95.938103,13
|:,5,81.36673,12
The,5,96.99366,14
Old,5,96.820938,13
and,5,94.883392,13
Middle,5,94.883392,13
Kingdoms,5,96.985695,17
,2,-1.0,242
,3,-1.0,242
,4,-1.0,242
 ,5,95.0,242
,2,-1.0,23
,3,-1.0,23
,4,-1.0,23
MIRIAM,5,93.246391,22
LICHTHEIM,5,92.806496,22
