text,level,conf,height
,1,-1.0,687
,2,-1.0,128
,3,-1.0,128
,4,-1.0,63
HEBREW,5,93.783714,63
BIBLE,5,95.769882,62
,4,-1.0,59
OLD,5,96.680916,59
TESTAMENT,5,96.680916,59
