text,level,conf,height
,1,-1.0,658
,2,-1.0,310
,3,-1.0,310
,4,-1.0,310
 ,5,95.0,310
,2,-1.0,25
,3,-1.0,25
,4,-1.0,25
Vandenhoeck,5,90.110092,18
s,5,27.84758,11
Ruprecht,5,96.688599,25
