text,level,conf,height
,1,-1.0,504
,2,-1.0,19
,3,-1.0,19
,4,-1.0,19
VIRTUAL,5,96.3564,19
REALITY,5,96.563828,18
,2,-1.0,10
,3,-1.0,10
,4,-1.0,10
SAMUEL,5,93.122429,10
GREENGARD,5,92.256966,10
,2,-1.0,258
,3,-1.0,258
,4,-1.0,258
 ,5,95.0,258
