text,level,conf,height
,1,-1.0,784
,2,-1.0,18
,3,-1.0,18
,4,-1.0,18
AN,5,96.363335,18
INTRODUCTION,5,96.020393,18
TO,5,96.020393,18
FILM,5,96.856232,18
ANALYSIS,5,96.86953,18
,2,-1.0,1
,3,-1.0,1
,4,-1.0,1
 ,5,95.0,1
,2,-1.0,18
,3,-1.0,18
,4,-1.0,18
JON,5,96.574059,18
LEWIS,5,96.400787,18
,2,-1.0,407
,3,-1.0,407
,4,-1.0,407
 ,5,95.0,407
