text,level,conf,height
,1,-1.0,603
,2,-1.0,8
,3,-1.0,8
,4,-1.0,8
DE,5,84.996658,8
GRUYTER,5,84.996658,8
GRADUATE,5,94.2173,8
,2,-1.0,17
,3,-1.0,17
,4,-1.0,17
Raz,5,96.483055,16
Jelinek,5,96.773354,16
,2,-1.0,35
,3,-1.0,35
,4,-1.0,35
BIOMIMETICS,5,96.286392,35
,2,-1.0,9
,3,-1.0,9
,4,-1.0,9
A,5,52.184647,9
MOLECULAR,5,52.184647,9
PERSPECTIVE,5,95.651894,9
,2,-1.0,357
,3,-1.0,357
,4,-1.0,357
 ,5,95.0,357
,2,-1.0,1
,3,-1.0,1
,4,-1.0,1
 ,5,95.0,1
