text,level,conf,height
,1,-1.0,490
,2,-1.0,14
,3,-1.0,14
,4,-1.0,14
PHYSICS,5,95.881325,14
,2,-1.0,15
,3,-1.0,15
,4,-1.0,15
AND,5,96.832336,14
PHILOSOPHY,5,96.112526,14
,2,-1.0,490
,3,-1.0,490
,4,-1.0,490
 ,5,95.0,490
