text,level,conf,height
,1,-1.0,648
,2,-1.0,48
,3,-1.0,48
,4,-1.0,20
TRANSFORMING,5,96.322701,20
,4,-1.0,20
IT,5,96.369621,20
CULTURE,5,96.244415,20
