text,level,conf,height
,1,-1.0,666
,2,-1.0,1
,3,-1.0,1
,4,-1.0,1
 ,5,95.0,1
,2,-1.0,141
,3,-1.0,141
,4,-1.0,68
Excel”,5,81.006027,68
,4,-1.0,80
Data,5,95.454781,55
Analysis,5,94.518791,76
,2,-1.0,387
,3,-1.0,387
,4,-1.0,387
 ,5,95.0,387
,2,-1.0,322
,3,-1.0,322
,4,-1.0,322
 ,5,95.0,322
