text,level,conf,height
,1,-1.0,720
,2,-1.0,42
,3,-1.0,42
,4,-1.0,42
 ,5,95.0,42
,2,-1.0,151
,3,-1.0,151
,4,-1.0,81
Basic,5,96.471703,65
Math,5,93.276352,67
&,5,93.276352,56
,4,-1.0,80
Pre-Algebra,5,91.92836,80
,2,-1.0,356
,3,-1.0,356
,4,-1.0,356
 ,5,95.0,356
