text,level,conf,height
,1,-1.0,721
,2,-1.0,15
,3,-1.0,15
,4,-1.0,15
Michael,5,91.585411,15
T.,5,91.81749,15
Goodrich,5,96.281448,15
Roberto,5,96.852036,15
Tamassia,5,96.701057,15
,2,-1.0,123
,3,-1.0,123
,4,-1.0,34
LIE,5,5.303055,18
AZ,5,5.303055,29
:,5,46.653702,3
z,5,0.0,2
a,5,59.360462,1
,4,-1.0,40
Algorithm,5,96.170547,35
Design™,5,96.544083,40
,4,-1.0,34
and,5,95.503723,28
Applications,5,95.503723,34
,2,-1.0,608
,3,-1.0,608
,4,-1.0,608
 ,5,95.0,608
