text,level,conf,height
,1,-1.0,792
,2,-1.0,18
,3,-1.0,18
,4,-1.0,18
2nd,5,92.172935,16
Edition,5,96.495544,16
,2,-1.0,105
,3,-1.0,105
,4,-1.0,105
Portuguese,5,96.703926,105
,2,-1.0,509
,3,-1.0,509
,4,-1.0,509
 ,5,95.0,509
