text,level,conf,height
,1,-1.0,666
,2,-1.0,125
,3,-1.0,125
,4,-1.0,61
"PHP,",5,96.484352,47
"MySQL,",5,95.761749,61
,4,-1.0,73
JavaScript,5,93.17556,56
&,5,93.17556,41
HTML5,5,87.291145,50
,2,-1.0,324
,3,-1.0,324
,4,-1.0,324
 ,5,95.0,324
