text,level,conf,height
,1,-1.0,692
,2,-1.0,1
,3,-1.0,1
,4,-1.0,1
 ,5,95.0,1
,2,-1.0,16
,3,-1.0,16
,4,-1.0,16
Introduction,5,87.518684,12
to,5,96.946938,10
Private,5,96.803062,12
Equity,5,96.803062,16
