text,level,conf,height
,1,-1.0,649
,2,-1.0,41
,3,-1.0,41
,4,-1.0,22
Using,5,96.819504,21
Analytics,5,96.860474,22
to,5,96.741806,14
Detect,5,96.741806,16
,4,-1.0,17
Possible,5,96.77269,17
Fraud,5,96.936821,17
