text,level,conf,height
,1,-1.0,662
,2,-1.0,28
,3,-1.0,28
,4,-1.0,28
Making,5,94.562668,16
Learning,5,96.519562,17
Easier!,5,96.9226,17
,2,-1.0,226
,3,-1.0,226
,4,-1.0,226
   ,5,95.0,226
,2,-1.0,17
,3,-1.0,17
,4,-1.0,17
Microsoft®,5,90.875992,17
,2,-1.0,69
,3,-1.0,69
,4,-1.0,69
Word,5,96.640701,62
2013,5,96.640701,57
,2,-1.0,14
,3,-1.0,14
,4,-1.0,14
FOR,5,96.332092,14
,2,-1.0,72
,3,-1.0,72
,4,-1.0,72
DUMMIES,5,92.822075,72
,2,-1.0,348
,3,-1.0,348
,4,-1.0,348
 ,5,95.0,348
