text,level,conf,height
,1,-1.0,667
,2,-1.0,56
,3,-1.0,56
,4,-1.0,56
Cybersecurity,5,96.31517,56
,2,-1.0,41
,3,-1.0,41
,4,-1.0,18
Managing,5,96.544853,18
"Systems,",5,96.168724,18
Conducting,5,96.238464,18
"Testing,",5,96.493202,18
,4,-1.0,17
and,5,96.501617,14
Investigating,5,96.223892,17
Intrusions,5,96.402344,14
,2,-1.0,18
,3,-1.0,18
,4,-1.0,18
WEEEY,5,0.0,18
,2,-1.0,269
,3,-1.0,269
,4,-1.0,269
 ,5,95.0,269
