text,level,conf,height
,1,-1.0,720
,2,-1.0,52
,3,-1.0,52
,4,-1.0,16
Understanding,5,96.577759,16
and,5,96.971298,12
,4,-1.0,16
Conducting,5,95.547836,16
Research,5,96.1464,12
,4,-1.0,12
in,5,96.32386,12
the,5,96.99733,12
Health,5,96.949738,12
Sciences,5,96.499283,12
