text,level,conf,height
,1,-1.0,720
,2,-1.0,53
,3,-1.0,53
,4,-1.0,53
CAY,5,90.580505,53
HORSTMANN,5,96.118996,53
,2,-1.0,223
,3,-1.0,225
,4,-1.0,223
yA.,5,0.0,223
,2,-1.0,476
,3,-1.0,476
,4,-1.0,476
 ,5,95.0,476
,2,-1.0,294
,3,-1.0,294
,4,-1.0,294
‘arly,5,75.121269,172
its,5,26.677521,294
,2,-1.0,23
,3,-1.0,23
,4,-1.0,23
Fifth,5,96.973106,22
Editi,5,96.953812,23
,2,-1.0,1
,3,-1.0,1
,4,-1.0,1
 ,5,95.0,1
