text,level,conf,height
,1,-1.0,666
,2,-1.0,432
,3,-1.0,432
,4,-1.0,432
 ,5,95.0,432
,2,-1.0,71
,3,-1.0,71
,4,-1.0,30
Mastering,5,76.080467,30
System.@enter,5,11.119301,29
2012,5,93.184189,22
R2,5,92.456215,21
,4,-1.0,30
Configuration’Manager,5,3.038727,30
,2,-1.0,93
,3,-1.0,93
,4,-1.0,93
-,5,0.0,93
,2,-1.0,29
,3,-1.0,29
,4,-1.0,29
Crsvex,5,0.0,29
,2,-1.0,100
,3,-1.0,100
,4,-1.0,100
 ,5,95.0,100
