text,level,conf,height
,1,-1.0,665
,2,-1.0,96
,3,-1.0,96
,4,-1.0,96
Android,5,96.059677,96
,2,-1.0,217
,3,-1.0,217
,4,-1.0,120
Hacker’s,5,87.82402,120
,4,-1.0,104
Handbook,5,96.659729,104
,2,-1.0,506
,3,-1.0,506
,4,-1.0,76
 ,5,95.0,76
,4,-1.0,113
 ,5,95.0,113
,4,-1.0,182
 ,5,95.0,182
   ,5,95.0,182
 ,5,95.0,51
,4,-1.0,135
 ,5,95.0,135
,2,-1.0,10
,3,-1.0,10
,4,-1.0,10
sJoshua,5,4.688377,9
J.,5,92.500717,9
Drake,5,92.500717,9
‘a,5,76.338516,7
ach,5,26.904602,10
Lanier,5,94.147934,10
