text,level,conf,height
,1,-1.0,666
,2,-1.0,173
,3,-1.0,146
,4,-1.0,84
Facebook,5,96.925705,84
,4,-1.0,106
Marketing,5,96.004318,106
,2,-1.0,324
,3,-1.0,324
,4,-1.0,324
 ,5,95.0,324
