text,level,conf,height
,1,-1.0,662
,2,-1.0,79
,3,-1.0,67
,4,-1.0,25
Teach,5,67.308716,22
Yoursel},5,66.571358,24
,4,-1.0,79
"VISUALLY,",5,38.937916,79
,2,-1.0,59
,3,-1.0,59
,4,-1.0,59
MacBook,5,94.26622,59
Pro:,5,72.044022,53
,2,-1.0,45
,3,-1.0,45
,4,-1.0,45
 ,5,95.0,45
,2,-1.0,267
,3,-1.0,267
,4,-1.0,267
 ,5,95.0,267
,2,-1.0,2
,3,-1.0,2
,4,-1.0,2
 ,5,95.0,2
