text,level,conf,height
,1,-1.0,715
,2,-1.0,54
,3,-1.0,54
,4,-1.0,22
CONTEMPORARY,5,96.504974,22
,4,-1.0,21
ISLAMIC,5,94.119392,21
FINANCE,5,94.119392,21
