text,level,conf,height
,1,-1.0,792
,2,-1.0,84
,3,-1.0,84
,4,-1.0,84
Personal,5,96.72921,80
Finance,5,96.673737,63
,2,-1.0,295
,3,-1.0,177
,4,-1.0,111
\,5,48.993469,47
iz,5,5.364548,111
),5,51.901649,38
,4,-1.0,37
SSS,5,37.322102,32
i,5,79.996239,9
,3,-1.0,155
,4,-1.0,149
|,5,43.652615,147
=,5,78.15789,61
Investing,5,96.1353,47
,4,-1.0,41
eps,5,25.668686,41
=,5,86.087105,2
,2,-1.0,152
,3,-1.0,152
,4,-1.0,82
 ,5,95.0,82
,4,-1.0,70
 ,5,95.0,70
,2,-1.0,144
,3,-1.0,144
,4,-1.0,144
  ,5,95.0,144
