text,level,conf,height
,1,-1.0,666
,2,-1.0,19
,3,-1.0,19
,4,-1.0,19
Robert,5,93.234299,15
K.,5,91.302567,14
Wysocki,5,96.491104,19
,2,-1.0,207
,3,-1.0,207
,4,-1.0,54
Effective,5,95.779488,54
,4,-1.0,66
Project,5,96.56588,66
,4,-1.0,60
Management,5,96.301552,60
,2,-1.0,29
,3,-1.0,29
,4,-1.0,29
"Traditional,",5,96.425224,25
"Agile,",5,96.425224,29
Extreme,5,96.479507,21
,2,-1.0,666
,3,-1.0,666
,4,-1.0,666
 ,5,95.0,666
