text,level,conf,height
,1,-1.0,667
,2,-1.0,218
,3,-1.0,218
,4,-1.0,36
Personal,5,96.110611,36
Protective,5,96.244095,36
,4,-1.0,43
Equipment,5,96.930756,43
for,5,97.009247,36
"Chemical,",5,96.75441,42
,4,-1.0,44
"Biological,",5,95.759018,44
and,5,95.759018,36
,4,-1.0,44
Radiological,5,96.867729,44
Hazards,5,95.424927,36
,2,-1.0,21
,3,-1.0,21
,4,-1.0,21
Eva,5,96.798859,15
FE.,5,57.064323,15
Gudgin,5,93.11084,21
Dickson,5,96.968155,16
,2,-1.0,323
,3,-1.0,323
,4,-1.0,323
 ,5,95.0,323
