text,level,conf,height
,1,-1.0,648
,2,-1.0,64
,3,-1.0,64
,4,-1.0,16
A,5,96.776581,14
Practical,5,96.026146,16
Guide,5,96.317863,16
,4,-1.0,20
to,5,96.882973,13
Exploratory,5,96.563187,20
Data,5,96.563187,15
"Analysis,",5,94.566246,20
,4,-1.0,20
and,5,96.37429,16
Data,5,96.546326,15
Mining,5,95.682167,19
,2,-1.0,300
,3,-1.0,300
,4,-1.0,300
 ,5,95.0,300
,2,-1.0,33
,3,-1.0,33
,4,-1.0,33
 ,5,95.0,33
