text,level,conf,height
,1,-1.0,792
,2,-1.0,179
,3,-1.0,179
,4,-1.0,87
BIG,5,96.2099,87
DATA,5,96.264465,87
,4,-1.0,74
ANALYTICS,5,96.381294,74
