text,level,conf,height
,1,-1.0,648
,2,-1.0,19
,3,-1.0,19
,4,-1.0,19
KKEENE,5,86.562134,19
ON,5,96.697639,14
THE,5,95.338074,14
MARKET,5,96.701714,19
