text,level,conf,height
,1,-1.0,332
,2,-1.0,91
,3,-1.0,91
,4,-1.0,17
———,5,32.226891,17
,4,-1.0,40
Os,5,75.687256,31
X,5,87.23407,40
,4,-1.0,40
Mavericks,5,95.81768,40
,2,-1.0,8
,3,-1.0,8
,4,-1.0,8
Learn,5,84.90596,8
to:,5,84.90596,7
,2,-1.0,164
,3,-1.0,164
,4,-1.0,164
 ,5,95.0,164
