text,level,conf,height
,1,-1.0,666
,2,-1.0,91
,3,-1.0,91
,4,-1.0,91
C++,5,90.54808,91
,2,-1.0,25
,3,-1.0,25
,4,-1.0,25
ALL-IN-ONE,5,94.360527,25
,2,-1.0,23
,3,-1.0,23
,4,-1.0,23
BOOKS,5,95.929581,23
,2,-1.0,326
,3,-1.0,326
,4,-1.0,326
 ,5,95.0,326
