text,level,conf,height
,1,-1.0,665
,2,-1.0,11
,3,-1.0,11
,4,-1.0,11
JAY,5,96.547318,11
JACOBS,5,96.189865,11
+,5,96.445702,2
BOB,5,92.590767,11
RUDIS,5,58.246044,11
,2,-1.0,44
,3,-1.0,44
,4,-1.0,44
Data,5,96.9132,32
Driven,5,95.717842,32
Security,5,96.380722,44
,2,-1.0,36
,3,-1.0,36
,4,-1.0,17
"Analysis,",5,96.76162,17
Visualization,5,96.887581,14
,4,-1.0,13
and,5,96.805069,13
Dashboards,5,96.086853,13
,2,-1.0,215
,3,-1.0,215
,4,-1.0,215
 ,5,95.0,215
