text,level,conf,height
,1,-1.0,666
,2,-1.0,37
,3,-1.0,37
,4,-1.0,18
To,5,94.388832,18
,4,-1.0,29
Oh,5,49.022793,29
,2,-1.0,55
,3,-1.0,55
,4,-1.0,55
S,5,0.0,47
System,5,96.825241,43
Safety,5,96.901779,45
,2,-1.0,293
,3,-1.0,293
,4,-1.0,159
7,5,38.157047,159
,4,-1.0,142
WwW,5,21.502602,142
,2,-1.0,20
,3,-1.0,20
,4,-1.0,20
Jeffrey,5,93.254539,20
W.,5,90.043266,15
Vincoli,5,90.043266,16
