text,level,conf,height
,1,-1.0,695
,2,-1.0,368
,3,-1.0,368
,4,-1.0,368
 ,5,95.0,368
,2,-1.0,85
,3,-1.0,85
,4,-1.0,35
COMPUTER,5,96.186676,35
VISION,5,95.956917,35
,4,-1.0,35
WITH,5,93.290268,33
OPENCV,5,90.190178,35
,2,-1.0,18
,3,-1.0,18
,4,-1.0,18
WILEY,5,96.605202,18
