text,level,conf,height
,1,-1.0,692
,2,-1.0,27
,3,-1.0,27
,4,-1.0,27
Betty,5,96.896111,27
Prince,5,96.532646,21
,2,-1.0,153
,3,-1.0,116
,4,-1.0,44
Vertical,5,96.584343,44
,4,-1.0,91
3D,5,96.403282,40
pecmery,5,0.0,91
,2,-1.0,574
,3,-1.0,574
,4,-1.0,574
 ,5,95.0,574
,2,-1.0,18
,3,-1.0,18
,4,-1.0,18
WILEY,5,96.051903,18
