text,level,conf,height
,1,-1.0,792
,2,-1.0,599
,3,-1.0,599
,4,-1.0,599
 ,5,95.0,599
,2,-1.0,132
,3,-1.0,132
,4,-1.0,107
\,5,92.904274,56
|,5,93.425499,17
SIXTH,5,93.425499,12
EDITION,5,96.120552,12
\,5,92.999542,105
,4,-1.0,58
\,5,92.778992,27
WAYNE,5,93.257187,33
GISSLE\N,5,33.931786,23
