text,level,conf,height
,1,-1.0,842
,2,-1.0,11
,3,-1.0,11
,4,-1.0,11
Knowledge,5,93.302086,11
Needs,5,96.388771,8
and,5,96.80545,8
Information,5,95.513405,8
Extraction,5,80.151726,8
