text,level,conf,height
,1,-1.0,670
,2,-1.0,182
,3,-1.0,182
,4,-1.0,96
H,5,91.3349,96
,4,-1.0,70
a,5,96.662567,70
,4,-1.0,182
ckin,5,91.014511,103
g,5,85.464767,182
,2,-1.0,273
,3,-1.0,273
,4,-1.0,273
a,5,55.971046,273
,2,-1.0,274
,3,-1.0,274
,4,-1.0,274
 ,5,95.0,274
