text,level,conf,height
,1,-1.0,665
,2,-1.0,14
,3,-1.0,14
,4,-1.0,14
John,5,96.285011,14
Savill,5,92.373497,14
,2,-1.0,665
,3,-1.0,665
,4,-1.0,665
 ,5,95.0,665
,2,-1.0,2
,3,-1.0,2
,4,-1.0,2
 ,5,95.0,2
