text,level,conf,height
,1,-1.0,666
,2,-1.0,130
,3,-1.0,130
,4,-1.0,130
Office,5,96.718002,130
2013,5,96.718002,113
,2,-1.0,286
,3,-1.0,286
,4,-1.0,286
 ,5,95.0,286
,2,-1.0,46
,3,-1.0,46
,4,-1.0,46
st,5,78.121384,46
