text,level,conf,height
,1,-1.0,664
,2,-1.0,11
,3,-1.0,11
,4,-1.0,11
NETWORKS,5,96.64521,11
AND,5,92.660736,11
TELECOMMUNICATIONS,5,92.259499,11
SERIES,5,89.35598,11
,2,-1.0,218
,3,-1.0,218
,4,-1.0,218
 ,5,95.0,218
,2,-1.0,143
,3,-1.0,143
,4,-1.0,48
Network,5,96.17749,48
,4,-1.0,61
Security,5,96.39212,61
,2,-1.0,16
,3,-1.0,16
,4,-1.0,16
André,5,95.354042,16
Perez,5,96.785721,16
,2,-1.0,37
,3,-1.0,37
,4,-1.0,37
isc,5,40.425793,37
WILEY,5,96.633232,22
