text,level,conf,height
,1,-1.0,692
,2,-1.0,54
,3,-1.0,54
,4,-1.0,22
DEPLOYING,5,93.302643,22
IPv6,5,87.606468,21
IN,5,95.804031,20
,4,-1.0,22
3GPP,5,90.358269,22
NETWORKS,5,96.43103,22
