text,level,conf,height
,1,-1.0,666
,2,-1.0,175
,3,-1.0,175
,4,-1.0,61
a,5,11.78421,61
_ts™”,5,0.0,61
,4,-1.0,113
Windows,5,96.93718,100
8.1,5,96.396858,68
,2,-1.0,81
,3,-1.0,81
,4,-1.0,21
BOOKS,5,96.92028,21
,4,-1.0,80
10,5,95.558319,58
Na,5,46.84182,58
,2,-1.0,326
,3,-1.0,326
,4,-1.0,326
 ,5,95.0,326
