text,level,conf,height
,1,-1.0,667
,2,-1.0,113
,3,-1.0,113
,4,-1.0,113
Web,5,96.668785,94
Application,5,84.057167,109
,2,-1.0,64
,3,-1.0,64
,4,-1.0,64
Defender’s,5,87.311417,64
,2,-1.0,129
,3,-1.0,129
,4,-1.0,129
Covi,5,18.699478,129
Se,5,23.27977,85
a,5,23.101265,62
,2,-1.0,258
,3,-1.0,258
,4,-1.0,258
 ,5,95.0,258
