text,level,conf,height
,1,-1.0,793
,2,-1.0,139
,3,-1.0,139
,4,-1.0,58
DATA,5,84.665001,56
CENTER,5,84.665001,58
,4,-1.0,56
HANDBOOK,5,96.432831,56
,2,-1.0,25
,3,-1.0,25
,4,-1.0,25
Hwaiyu,5,90.421692,25
Geng,5,96.643898,24
,2,-1.0,468
,3,-1.0,468
,4,-1.0,468
 ,5,95.0,468
