text,level,conf,height
,1,-1.0,692
,2,-1.0,58
,3,-1.0,58
,4,-1.0,58
Reconfigurable,5,96.359627,58
,2,-1.0,18
,3,-1.0,18
,4,-1.0,18
Network,5,95.972244,18
Architectures,5,95.964363,17
and,5,95.964363,17
Standards,5,96.866028,17
,2,-1.0,343
,3,-1.0,343
,4,-1.0,343
   ,5,95.0,343
,2,-1.0,24
,3,-1.0,24
,4,-1.0,24
Maria,5,96.714478,13
Stella,5,93.254913,13
lacobucci,5,88.602379,13
),5,66.798691,24
