text,level,conf,height
,1,-1.0,795
,2,-1.0,25
,3,-1.0,25
,4,-1.0,25
pst,5,64.551117,25
een,5,47.030441,6
,2,-1.0,46
,3,-1.0,46
,4,-1.0,46
AFP,5,95.520874,12
Code,5,96.677902,12
of,5,96.674126,24
Ethical,5,96.674126,12
Pati,5,0.0,37
and,5,96.96302,12
Standards,5,82.913612,12
(AFP.,5,68.588562,46
,2,-1.0,462
,3,-1.0,462
,4,-1.0,462
  ,5,95.0,462
,2,-1.0,2
,3,-1.0,2
,4,-1.0,2
 ,5,95.0,2
,2,-1.0,12
,3,-1.0,12
,4,-1.0,12
 ,5,95.0,12
