text,level,conf,height
,1,-1.0,662
,2,-1.0,172
,3,-1.0,172
,4,-1.0,38
ee,5,26.699211,38
,4,-1.0,68
Photoshop,5,96.593269,68
,4,-1.0,73
Elements,5,96.364143,63
12,5,96.59169,52
,2,-1.0,25
,3,-1.0,25
,4,-1.0,25
ALL-IN-ONE,5,93.180244,25
,2,-1.0,324
,3,-1.0,324
,4,-1.0,324
 ,5,95.0,324
