text,level,conf,height
,1,-1.0,650
,2,-1.0,44
,3,-1.0,44
,4,-1.0,19
Financial,5,96.886505,14
Risk,5,96.901283,14
Modelling,5,96.790375,19
and,5,96.390213,14
,4,-1.0,19
Portfolio,5,96.148994,14
Optimization,5,96.81958,19
with,5,93.134605,14
R.,5,28.736664,14
