text,level,conf,height
,1,-1.0,662
,2,-1.0,112
,3,-1.0,112
,4,-1.0,112
iPad,5,96.588158,112
,2,-1.0,25
,3,-1.0,25
,4,-1.0,25
ALL-IN-ONE,5,95.279854,25
,2,-1.0,15
,3,-1.0,15
,4,-1.0,15
‘sth,5,73.802109,12
Edition,5,85.261734,14
,2,-1.0,324
,3,-1.0,324
,4,-1.0,324
 ,5,95.0,324
