text,level,conf,height
,1,-1.0,662
,2,-1.0,57
,3,-1.0,57
,4,-1.0,31
TeachYourself,5,4.656532,31
,4,-1.0,26
AV,5,43.161907,9
"LY,",5,16.967323,26
,2,-1.0,9
,3,-1.0,9
,4,-1.0,9
rae,5,42.88961,9
=,5,71.562225,28
,2,-1.0,62
,3,-1.0,62
,4,-1.0,62
Windows,5,96.381622,61
8.1,5,95.524673,52
,2,-1.0,662
,3,-1.0,662
,4,-1.0,662
 ,5,95.0,662
