text,level,conf,height
,1,-1.0,649
,2,-1.0,51
,3,-1.0,51
,4,-1.0,51
MacBook,5,96.682045,51
Pro,5,96.493584,49
,2,-1.0,505
,3,-1.0,505
,4,-1.0,505
 ,5,95.0,505
