text,level,conf,height
,1,-1.0,666
,2,-1.0,1
,3,-1.0,1
,4,-1.0,1
 ,5,95.0,1
,2,-1.0,163
,3,-1.0,163
,4,-1.0,53
eee,5,41.031757,53
,4,-1.0,74
Salesforce.com,5,95.814476,74
,2,-1.0,345
,3,-1.0,345
,4,-1.0,345
 ,5,95.0,345
,2,-1.0,324
,3,-1.0,324
,4,-1.0,324
 ,5,95.0,324
,2,-1.0,238
,3,-1.0,238
,4,-1.0,37
»,5,36.202587,37
,4,-1.0,53
"—,",5,36.42136,53
,4,-1.0,73
)),5,51.184353,73
