text,level,conf,height
,1,-1.0,666
,2,-1.0,1
,3,-1.0,1
,4,-1.0,1
 ,5,95.0,1
,2,-1.0,83
,3,-1.0,83
,4,-1.0,83
iOS,5,91.804092,74
App,5,96.222328,83
,2,-1.0,118
,3,-1.0,118
,4,-1.0,118
pevelopment,5,0.0,118
,2,-1.0,318
,3,-1.0,318
,4,-1.0,318
 ,5,95.0,318
