text,level,conf,height
,1,-1.0,693
,2,-1.0,147
,3,-1.0,147
,4,-1.0,50
RECONSTRUCTING,5,96.817108,50
,4,-1.0,29
PROJECT,5,96.067345,29
,4,-1.0,30
MANAGEMENT,5,96.075356,30
,2,-1.0,1
,3,-1.0,1
,4,-1.0,1
 ,5,95.0,1
,2,-1.0,20
,3,-1.0,20
,4,-1.0,20
Peter,5,91.514175,20
W.G.,5,91.514175,20
Morris,5,96.644058,20
,2,-1.0,18
,3,-1.0,18
,4,-1.0,18
@WILEY-,5,1.463966,32
BLACKWELL,5,1.463966,32
