text,level,conf,height
,1,-1.0,573
,2,-1.0,66
,3,-1.0,66
,4,-1.0,43
iPhone,5,96.964378,25
5,5,74.039467,35
,4,-1.0,28
For,5,96.947273,21
Seniors,5,96.579407,25
,2,-1.0,224
,3,-1.0,224
,4,-1.0,224
 ,5,95.0,224
,2,-1.0,103
,3,-1.0,103
,4,-1.0,103
&,5,83.949318,103
