text,level,conf,height
,1,-1.0,792
,2,-1.0,221
,3,-1.0,221
,4,-1.0,72
ln,5,51.247612,72
aaa,5,26.15287,72
,4,-1.0,112
Chinese,5,96.657845,112
,2,-1.0,340
,3,-1.0,340
,4,-1.0,340
 ,5,95.0,340
