text,level,conf,height
,1,-1.0,662
,2,-1.0,190
,3,-1.0,190
,4,-1.0,37
OE,5,39.225998,47
ae,5,32.771507,1
,4,-1.0,60
Samsung,5,96.43148,60
,4,-1.0,85
Galaxy,5,96.702866,69
Tabs,5,96.87413,63
,2,-1.0,320
,3,-1.0,320
,4,-1.0,320
 ,5,95.0,320
