text,level,conf,height
,1,-1.0,666
,2,-1.0,99
,3,-1.0,99
,4,-1.0,99
Office,5,96.500374,84
2013,5,96.882744,81
,2,-1.0,326
,3,-1.0,326
,4,-1.0,326
 ,5,95.0,326
