text,level,conf,height
,1,-1.0,666
,2,-1.0,193
,3,-1.0,193
,4,-1.0,53
—————,5,26.196045,53
,4,-1.0,125
Ayurveda,5,96.710197,125
,2,-1.0,319
,3,-1.0,319
,4,-1.0,319
 ,5,95.0,319
