text,level,conf,height
,1,-1.0,648
,2,-1.0,16
,3,-1.0,16
,4,-1.0,16
Juhani,5,83.212563,16
Lehtimaki,5,91.391876,16
,2,-1.0,51
,3,-1.0,51
,4,-1.0,51
Android,5,96.245529,50
Ul,5,89.275024,51
,2,-1.0,26
,3,-1.0,26
,4,-1.0,11
RESPONSIVE,5,96.86232,11
ANDROID,5,96.229126,11
UI,5,93.226181,11
AND,5,96.272774,10
DESIGN,5,96.903519,11
PATTERNS,5,96.782921,11
,4,-1.0,11
FOR,5,96.920677,11
PHONES,5,96.945221,11
AND,5,96.949722,10
TABLETS,5,96.529709,11
,2,-1.0,648
,3,-1.0,648
,4,-1.0,648
 ,5,95.0,648
