text,level,conf,height
,1,-1.0,573
,2,-1.0,29
,3,-1.0,29
,4,-1.0,29
Kindle,5,96.90963,23
Fire,5,96.932892,20
HD,5,96.99398,20
,2,-1.0,224
,3,-1.0,224
,4,-1.0,224
 ,5,95.0,224
