text,level,conf,height
,1,-1.0,842
,2,-1.0,12
,3,-1.0,12
,4,-1.0,12
User-Centered,5,96.460327,9
Agile,5,94.529228,12
Method,5,96.864052,9
