text,level,conf,height
,1,-1.0,666
,2,-1.0,146
,3,-1.0,146
,4,-1.0,61
Eee,5,31.005493,61
,4,-1.0,79
HTMLS5,5,62.240013,60
and,5,92.791748,58
CSS3,5,91.987968,55
,2,-1.0,307
,3,-1.0,307
,4,-1.0,307
 ,5,95.0,307
