text,level,conf,height
,1,-1.0,667
,2,-1.0,464
,3,-1.0,464
,4,-1.0,464
 ,5,95.0,464
,2,-1.0,94
,3,-1.0,90
,4,-1.0,31
Carrie,5,96.13343,18
Anne,5,96.13343,17
Philbin,5,96.83847,28
,4,-1.0,90
oS,5,35.86908,90
WILEY,5,95.948715,17
