text,level,conf,height
,1,-1.0,647
,2,-1.0,75
,3,-1.0,75
,4,-1.0,20
THE,5,96.227127,20
AGILE,5,96.227127,20
,4,-1.0,20
ARCHITECTURE,5,95.999802,20
,4,-1.0,20
REVOLUTION,5,96.604179,20
