text,level,conf,height
,1,-1.0,666
,2,-1.0,37
,3,-1.0,37
,4,-1.0,13
Product,5,95.31665,13
and,5,95.860031,13
Systems,5,95.860031,12
,4,-1.0,17
Development,5,95.61544,17
,2,-1.0,10
,3,-1.0,10
,4,-1.0,10
  ,5,95.0,10
