text,level,conf,height
,1,-1.0,842
,2,-1.0,11
,3,-1.0,11
,4,-1.0,11
‘Synchronous,5,85.687088,11
Ethemet,5,90.370132,8
and,5,91.483849,28
IEEE,5,80.948273,8
1588,5,88.634735,8
in,5,91.322136,6
Telecoms,5,75.816437,8
