text,level,conf,height
,1,-1.0,720
,2,-1.0,46
,3,-1.0,46
,4,-1.0,21
The,5,96.628754,17
Law,5,96.909225,17
of,5,96.153915,17
Tax-Exempt,5,96.224075,21
,4,-1.0,22
Healthcare,5,96.032532,17
Organizations,5,95.740509,22
,2,-1.0,14
,3,-1.0,14
,4,-1.0,14
Fourth,5,96.868454,14
Edition,5,96.981667,14
