text,level,conf,height
,1,-1.0,668
,2,-1.0,184
,3,-1.0,184
,4,-1.0,96
Signals,5,96.959419,96
,4,-1.0,86
&,5,93.03923,66
Systems,5,96.00795,86
,2,-1.0,232
,3,-1.0,232
,4,-1.0,232
 ,5,95.0,232
