text,level,conf,height
,1,-1.0,662
,2,-1.0,210
,3,-1.0,210
,4,-1.0,38
ee,5,4.300278,38
,4,-1.0,77
Photoshop,5,96.066292,77
,4,-1.0,101
Elements,5,96.694168,90
11,5,85.312065,59
,2,-1.0,324
,3,-1.0,324
,4,-1.0,324
 ,5,95.0,324
