text,level,conf,height
,1,-1.0,612
,2,-1.0,206
,3,-1.0,206
,4,-1.0,66
EGYPT:,5,92.601479,66
THE,5,96.386124,66
,4,-1.0,66
GREATEST,5,96.816071,66
SHOW,5,96.816071,62
,4,-1.0,65
ON,5,41.758949,62
EARTH,5,41.758949,65
,2,-1.0,81
,3,-1.0,81
,4,-1.0,81
WILLIAM,5,85.951988,81
,2,-1.0,38
,3,-1.0,38
,4,-1.0,38
author,5,95.485985,28
of,5,95.485985,28
GOD,5,95.496895,25
MAKING,5,95.496895,38
