text,level,conf,height
,1,-1.0,842
,2,-1.0,3
,3,-1.0,3
,4,-1.0,3
 ,5,95.0,3
,2,-1.0,213
,3,-1.0,213
,4,-1.0,47
The,5,95.968307,47
,4,-1.0,70
A~TOMIC,5,84.276573,70
,4,-1.0,70
CHRIST,5,91.832825,70
,2,-1.0,374
,3,-1.0,374
,4,-1.0,374
 ,5,95.0,374
,2,-1.0,215
,3,-1.0,215
,4,-1.0,130
”,5,5.605812,8
WILLIAM,5,94.251663,142
,4,-1.0,70
HENRY,5,96.118217,70
,2,-1.0,22
,3,-1.0,22
,4,-1.0,22
Author,5,96.220139,22
of,5,95.210884,21
BLUE,5,96.280945,20
APPLES,5,96.23568,20
