text,level,conf,height
,1,-1.0,612
,2,-1.0,169
,3,-1.0,169
,4,-1.0,33
The,5,96.906158,33
,4,-1.0,61
HEALING,5,0.0,61
,4,-1.0,69
SUN,5,96.793541,50
CODE,5,96.182022,69
,2,-1.0,250
,3,-1.0,250
,4,-1.0,92
  ,5,95.0,92
,4,-1.0,158
  ,5,95.0,158
 ,5,95.0,42
,2,-1.0,129
,3,-1.0,129
,4,-1.0,70
WILLIAM,5,95.908615,70
,4,-1.0,50
HENRY,5,96.900429,50
,2,-1.0,28
,3,-1.0,28
,4,-1.0,28
author,5,96.864586,28
of,5,96.890228,28
GOD,5,96.742226,25
MAKING,5,97.000534,25
