text,level,conf,height
,1,-1.0,700
,2,-1.0,588
,3,-1.0,588
,4,-1.0,392
  ,5,95.0,392
 ,5,95.0,79
,4,-1.0,196
 ,5,95.0,44
  ,5,95.0,196
,2,-1.0,41
,3,-1.0,41
,4,-1.0,41
i,5,55.931168,9
SWAT:,5,95.07563,28
SPECIAL,5,96.731689,29
WOLF,5,93.387367,41
ALPHA,5,94.943985,21
,2,-1.0,314
,3,-1.0,314
,4,-1.0,175
W,5,81.808533,173
iF,5,64.656883,144
HUNT,5,59.586586,175
,4,-1.0,78
VPAIGES,5,49.917927,91
,4,-1.0,70
TYLER,5,54.640652,70
