text,level,conf,height
,1,-1.0,792
,2,-1.0,106
,3,-1.0,106
,4,-1.0,106
 ,5,95.0,65
 ,5,95.0,106
,2,-1.0,9
,3,-1.0,9
,4,-1.0,9
Greenspan,5,93.043922,9
,2,-1.0,567
,3,-1.0,571
,4,-1.0,215
WENT.,5,5.311981,215
,4,-1.0,80
TWENTY-,5,92.750481,80
,4,-1.0,122
¢,5,11.725891,122
MINUTE,5,96.780853,78
,4,-1.0,82
MEALS“,5,6.579742,82
,4,-1.0,41
ee,5,27.604599,41
,2,-1.0,64
,3,-1.0,64
,4,-1.0,64
Caroline,5,44.785126,48
Wright,5,90.040504,56
~,5,53.216305,26
,2,-1.0,574
,3,-1.0,574
,4,-1.0,574
 ,5,95.0,574
