text,level,conf,height
,1,-1.0,783
,2,-1.0,64
,3,-1.0,64
,4,-1.0,29
orked,5,93.170296,23
examples,5,95.839546,28
for,5,96.591385,23
th,5,96.084595,22
,4,-1.0,30
lesign,5,87.629013,29
of,5,96.252823,22
steel,5,92.666183,23
structur,5,91.729202,22
,2,-1.0,783
,3,-1.0,783
,4,-1.0,783
 ,5,95.0,783
,2,-1.0,81
,3,-1.0,81
,4,-1.0,81
 ,5,95.0,81
,2,-1.0,2
,3,-1.0,2
,4,-1.0,2
 ,5,95.0,2
