text,level,conf,height
,1,-1.0,666
,2,-1.0,2
,3,-1.0,2
,4,-1.0,2
 ,5,95.0,2
,2,-1.0,1
,3,-1.0,1
,4,-1.0,1
 ,5,95.0,1
,2,-1.0,608
,3,-1.0,608
,4,-1.0,608
 ,5,95.0,608
,2,-1.0,19
,3,-1.0,19
,4,-1.0,19
Laura,5,96.854973,16
"Cassell,",5,96.183929,19
Alan,5,93.296417,16
Gauld,5,92.697388,17
,2,-1.0,666
,3,-1.0,666
,4,-1.0,666
 ,5,95.0,666
