text,level,conf,height
,1,-1.0,666
,2,-1.0,12
,3,-1.0,12
,4,-1.0,12
Join,5,76.485352,9
the,5,96.848923,9
discussion,5,90.618576,10
@,5,90.618576,10
p2p.wrax.com.,5,15.530685,11
,2,-1.0,328
,3,-1.0,328
,4,-1.0,328
 ,5,95.0,328
,2,-1.0,666
,3,-1.0,666
,4,-1.0,666
 ,5,95.0,666
,2,-1.0,21
,3,-1.0,21
,4,-1.0,21
Chris,5,96.957802,17
"Kemp,",5,96.021255,21
Brad,5,93.297226,17
Gyger,5,92.168953,21
