text,level,conf,height
,1,-1.0,666
,2,-1.0,12
,3,-1.0,12
,4,-1.0,12
SECOND,5,96.47554,12
EDITION,5,96.193199,12
,2,-1.0,354
,3,-1.0,354
,4,-1.0,354
   ,5,95.0,354
,2,-1.0,26
,3,-1.0,26
,4,-1.0,26
Professional,5,96.533142,26
