text,level,conf,height
,1,-1.0,666
,2,-1.0,1
,3,-1.0,1
,4,-1.0,1
 ,5,95.0,1
,2,-1.0,1
,3,-1.0,1
,4,-1.0,1
 ,5,95.0,1
,2,-1.0,25
,3,-1.0,25
,4,-1.0,25
Professional,5,96.448456,25
,2,-1.0,180
,3,-1.0,180
,4,-1.0,65
iOS,5,92.345512,65
,4,-1.0,102
fo,5,16.416046,102
,2,-1.0,16
,3,-1.0,16
,4,-1.0,16
Peter,5,96.928841,16
van,5,96.928841,11
de,5,96.510422,16
Put,5,96.462547,16
,2,-1.0,454
,3,-1.0,454
,4,-1.0,454
 ,5,95.0,454
,2,-1.0,342
,3,-1.0,342
,4,-1.0,342
 ,5,95.0,342
