text,level,conf,height
,1,-1.0,667
,2,-1.0,11
,3,-1.0,11
,4,-1.0,11
COVERS,5,88.134964,11
SQL,5,95.071259,11
SERVER,5,96.319504,11
2012,5,90.425354,10
,2,-1.0,2
,3,-1.0,2
,4,-1.0,2
 ,5,95.0,2
,2,-1.0,57
,3,-1.0,57
,4,-1.0,57
Join,5,54.865784,8
the,5,49.183155,8
discssion,5,49.183155,8
@,5,77.973419,9
(2),5,46.165962,57
,2,-1.0,279
,3,-1.0,279
,4,-1.0,279
 ,5,95.0,279
,2,-1.0,32
,3,-1.0,32
,4,-1.0,32
Professional,5,96.550667,32
