text,level,conf,height
,1,-1.0,666
,2,-1.0,12
,3,-1.0,12
,4,-1.0,12
THIRD,5,96.327408,12
EDITION,5,96.625435,12
,2,-1.0,603
,3,-1.0,637
,4,-1.0,603
Ww,5,38.817665,347
wi,5,39.347198,578
,2,-1.0,158
,3,-1.0,158
,4,-1.0,158
C+,5,95.834953,158
,2,-1.0,120
,3,-1.0,120
,4,-1.0,120
C++,5,94.975632,199
,2,-1.0,21
,3,-1.0,21
,4,-1.0,21
Marc,5,93.491707,16
Gregoire,5,96.641075,21
,2,-1.0,358
,3,-1.0,358
,4,-1.0,358
  ,5,95.0,358
