text,level,conf,height
,1,-1.0,666
,2,-1.0,11
,3,-1.0,11
,4,-1.0,11
COVERS,5,82.211594,11
VISUAL,5,96.856667,11
STUDIO,5,96.579056,11
2012,5,96.579056,11
,2,-1.0,384
,3,-1.0,384
,4,-1.0,384
 ,5,95.0,384
,2,-1.0,32
,3,-1.0,32
,4,-1.0,32
Professional,5,96.776642,32
