text,level,conf,height
,1,-1.0,842
,2,-1.0,210
,3,-1.0,210
,4,-1.0,210
   ,5,95.0,210
,2,-1.0,77
,3,-1.0,106
,4,-1.0,77
KUNDALINI,5,96.457886,77
,2,-1.0,36
,3,-1.0,36
,4,-1.0,36
YOGA,5,96.210625,36
MANUAL,5,95.839851,35
,2,-1.0,541
,3,-1.0,541
,4,-1.0,541
 ,5,95.0,541
