text,level,conf,height
,1,-1.0,715
,2,-1.0,60
,3,-1.0,60
,4,-1.0,60
Zee,5,55.876228,44
‘THE,5,82.266273,9
MILLION-,5,50.12009,10
nt,5,58.319977,45
ARI,5,87.274773,60
TA,5,90.589569,45
,2,-1.0,530
,3,-1.0,530
,4,-1.0,530
 ,5,95.0,530
