text,level,conf,height
,1,-1.0,500
,2,-1.0,25
,3,-1.0,25
,4,-1.0,25
*,5,65.157196,13
Brilliance,5,92.291183,16
f,5,9.447968,2
:,5,57.123871,2
Unabridged,5,96.455513,17
,2,-1.0,15
,3,-1.0,15
,4,-1.0,15
PHILIP,5,93.146034,15
K,5,93.094879,15
DICK,5,96.388992,15
,2,-1.0,42
,3,-1.0,42
,4,-1.0,18
GALACTIC,5,96.730034,18
,4,-1.0,17
POT-HEALER,5,92.890358,17
,2,-1.0,446
,3,-1.0,446
,4,-1.0,446
 ,5,95.0,446
