text,level,conf,height
,1,-1.0,500
,2,-1.0,91
,3,-1.0,91
,4,-1.0,53
THE,5,85.803856,53
STATE,5,85.803856,50
,4,-1.0,32
OF,5,93.366692,32
THE,5,93.366692,30
ART,5,95.928841,30
