text,level,conf,height
,1,-1.0,240
,2,-1.0,74
,3,-1.0,74
,4,-1.0,35
GEORGE,5,20.54422,50
RR.,5,20.54422,30
,4,-1.0,35
MARTIN,5,91.770073,35
,2,-1.0,57
,3,-1.0,57
,4,-1.0,57
ae,5,45.699814,57
,2,-1.0,20
,3,-1.0,20
,4,-1.0,20
HRONES,5,89.617485,20
