text,level,conf,height
,1,-1.0,615
,2,-1.0,425
,3,-1.0,425
,4,-1.0,425
 ,5,95.0,425
,2,-1.0,67
,3,-1.0,67
,4,-1.0,16
PARTIAL,5,96.603539,16
,4,-1.0,16
DIFFERENTIAL,5,96.342453,16
,4,-1.0,19
EQUATIONS,5,95.9347,19
,2,-1.0,10
,3,-1.0,10
,4,-1.0,10
AN,5,96.231331,10
INTRODUCTION,5,96.43084,10
