text,level,conf,height
,1,-1.0,607
,2,-1.0,78
,3,-1.0,78
,4,-1.0,78
TOPOLOGY,5,29.290001,78
,2,-1.0,11
,3,-1.0,11
,4,-1.0,11
SECOND,5,93.952911,10
EDITION,5,90.269615,11
,2,-1.0,29
,3,-1.0,29
,4,-1.0,29
JAMES,5,93.174889,29
R.,5,92.212395,23
MUNKRES,5,92.314758,23
