text,level,conf,height
,1,-1.0,573
,2,-1.0,2
,3,-1.0,2
,4,-1.0,2
 ,5,95.0,2
,2,-1.0,105
,3,-1.0,105
,4,-1.0,105
 ,5,95.0,105
,2,-1.0,192
,3,-1.0,192
,4,-1.0,192
 ,5,95.0,192
,2,-1.0,105
,3,-1.0,105
,4,-1.0,105
 ,5,95.0,105
,2,-1.0,2
,3,-1.0,2
,4,-1.0,2
 ,5,95.0,2
,2,-1.0,12
,3,-1.0,12
,4,-1.0,12
Frontisplee:,5,35.102684,10
let,5,69.878815,28
A,5,95.563713,7
be,5,94.142555,7
ering,5,55.009567,28
and,5,92.128212,28
M,5,92.128212,8
an,5,96.732758,28
A-module,5,91.087517,11
