text,level,conf,height
,1,-1.0,300
,2,-1.0,33
,3,-1.0,33
,4,-1.0,15
BASIC,5,96.177696,15
REA,5,62.971607,15
,4,-1.0,15
ANALYSIS,5,96.350075,15
,2,-1.0,6
,3,-1.0,6
,4,-1.0,6
 ,5,95.0,6
,2,-1.0,157
,3,-1.0,157
,4,-1.0,157
 ,5,95.0,157
