text,level,conf,height
,1,-1.0,1599
,2,-1.0,39
,3,-1.0,39
,4,-1.0,39
COMPLEX,5,95.640106,38
ANALYSIS,5,95.640106,39
,2,-1.0,106
,3,-1.0,106
,4,-1.0,106
 ,5,95.0,39
 ,5,95.0,106
