text,level,conf,height
,1,-1.0,630
,2,-1.0,38
,3,-1.0,38
,4,-1.0,38
 ,5,95.0,38
,2,-1.0,215
,3,-1.0,215
,4,-1.0,215
 ,5,95.0,215
,2,-1.0,17
,3,-1.0,17
,4,-1.0,17
Problems,5,96.247986,17
and,5,96.22728,17
Solutions,5,96.9814,16
,2,-1.0,118
,3,-1.0,118
,4,-1.0,118
   ,5,95.0,118
,2,-1.0,21
,3,-1.0,21
,4,-1.0,21
ng,5,96.189598,13
Bin,5,96.718002,14
|,5,96.577286,19
Lee,5,96.577286,14
Peng,5,96.913994,18
Yee,5,90.526505,14
editors,5,88.100281,8
