text,level,conf,height
,1,-1.0,689
,2,-1.0,175
,3,-1.0,175
,4,-1.0,30
A,5,96.787201,26
Clinical,5,95.590889,30
,4,-1.0,28
Guide,5,96.535248,28
to,5,96.510353,24
,4,-1.0,28
Chinese,5,96.831184,28
,4,-1.0,31
Herbs,5,96.530617,29
and,5,96.902504,28
,4,-1.0,29
Formulae,5,96.626083,29
