text,level,conf,height
,1,-1.0,500
,2,-1.0,144
,3,-1.0,144
,4,-1.0,57
GEORGE,5,0.0,57
RR,5,0.0,57
,4,-1.0,75
IYVARTIN,5,0.0,75
,2,-1.0,93
,3,-1.0,23
,4,-1.0,23
ey,5,41.104317,23
,3,-1.0,72
,4,-1.0,33
7,5,9.705139,33
,4,-1.0,19
=,5,47.834797,13
|,5,30.946457,16
,4,-1.0,11
~~,5,38.010757,11
,2,-1.0,152
,3,-1.0,152
,4,-1.0,82
Ce,5,40.72649,82
,4,-1.0,60
KINGS,5,96.331245,60
,2,-1.0,500
,3,-1.0,500
,4,-1.0,500
  ,5,95.0,500
