text,level,conf,height
,1,-1.0,289
,2,-1.0,24
,3,-1.0,24
,4,-1.0,24
 ,5,95.0,24
,2,-1.0,53
,3,-1.0,53
,4,-1.0,25
A,5,91.874985,18
History,5,91.874985,24
of,5,96.449631,19
,4,-1.0,25
Plastic,5,97.006828,18
Surgery,5,96.646805,24
