text,level,conf,height
,1,-1.0,500
,2,-1.0,368
,3,-1.0,368
,4,-1.0,368
 ,5,95.0,368
,2,-1.0,73
,3,-1.0,73
,4,-1.0,33
THE,5,96.203102,28
SEVEN,5,96.157379,33
,4,-1.0,34
ININGDIOMS,5,21.515854,34
,2,-1.0,27
,3,-1.0,27
,4,-1.0,10
READ,5,96.854301,9
BY,5,94.487129,10
HARRY,5,94.487129,10
LLOYD,5,92.637848,10
,4,-1.0,8
AN,5,31.549301,8
UNABRIDGED,5,95.436363,8
PRODUCTION,5,95.32325,8
