text,level,conf,height
,1,-1.0,708
,2,-1.0,105
,3,-1.0,105
,4,-1.0,24
ACETYLCHOLINE,5,95.873909,24
,4,-1.0,24
IN,5,93.85302,24
THE,5,93.85302,24
CEREBRAL,5,95.944061,24
,4,-1.0,24
CORTEX,5,96.433594,24
,2,-1.0,55
,3,-1.0,55
,4,-1.0,19
Laurent,5,92.68232,18
Descarries,5,90.68354,19
&,5,92.883316,19
,4,-1.0,24
KreSimir,5,85.864204,18
Krnjevié,5,30.103065,24
