text,level,conf,height
,1,-1.0,842
,2,-1.0,19
,3,-1.0,19
,4,-1.0,19
An,5,95.098343,19
Introduction,5,95.098343,19
to,5,96.821716,16
,2,-1.0,208
,3,-1.0,208
,4,-1.0,99
MultiAgent,5,91.533669,99
,4,-1.0,115
Systems,5,95.990311,115
,2,-1.0,368
,3,-1.0,368
,4,-1.0,368
  ,5,95.0,368
,2,-1.0,13
,3,-1.0,13
,4,-1.0,13
MICHAEL,5,57.333015,13
WOOLDRIDGE,5,57.333015,13
