text,level,conf,height
,1,-1.0,681
,2,-1.0,22
,3,-1.0,22
,4,-1.0,9
ed,5,57.579502,7
by,5,57.579502,8
,4,-1.0,9
aya,5,48.176567,8
Becker,5,64.78212,7
,2,-1.0,9
,3,-1.0,9
,4,-1.0,9
Apicompleran,5,6.118576,9
Parasites,5,57.097046,6
