text,level,conf,height
,1,-1.0,661
,2,-1.0,426
,3,-1.0,426
,4,-1.0,426
 ,5,95.0,426
,2,-1.0,27
,3,-1.0,27
,4,-1.0,27
Angelo,5,93.284737,27
"Loula,",5,92.211578,25
Ricardo,5,93.301521,21
Gudwin,5,93.00193,21
,2,-1.0,22
,3,-1.0,22
,4,-1.0,22
&,5,93.292664,20
Joao,5,96.65316,21
Queiroz,5,96.656822,22
