text,level,conf,height
,1,-1.0,500
,2,-1.0,361
,3,-1.0,361
,4,-1.0,361
 ,5,95.0,361
,2,-1.0,193
,3,-1.0,191
,4,-1.0,126
»,5,0.0,12
ASSIGNEIENT,5,45.803581,126
,4,-1.0,99
“gu,5,44.202911,88
ETERNITY,5,76.961998,99
