text,level,conf,height
,1,-1.0,500
,2,-1.0,375
,3,-1.0,375
,4,-1.0,375
 ,5,95.0,375
,2,-1.0,129
,3,-1.0,129
,4,-1.0,39
_,5,0.0,60
,4,-1.0,67
ROGER,5,85.149689,67
ZELAZNY,5,68.648178,66
