text,level,conf,height
,1,-1.0,500
,2,-1.0,304
,3,-1.0,304
,4,-1.0,304
 ,5,95.0,304
,2,-1.0,67
,3,-1.0,67
,4,-1.0,67
ROGER,5,92.986794,67
ZECAZNY,5,90.634445,66
