text,level,conf,height
,1,-1.0,500
,2,-1.0,242
,3,-1.0,242
,4,-1.0,242
 ,5,95.0,242
,2,-1.0,67
,3,-1.0,67
,4,-1.0,67
ROGER,5,92.12368,67
ZELAZNY,5,90.98513,66
