text,level,conf,height
,1,-1.0,1200
,2,-1.0,192
,3,-1.0,192
,4,-1.0,72
CRITICAL,5,96.157814,72
,4,-1.0,72
MASS,5,96.65834,72
,2,-1.0,54
,3,-1.0,54
,4,-1.0,54
STEVE,5,96.346001,54
MARTINI,5,96.42984,52
,2,-1.0,66
,3,-1.0,66
,4,-1.0,29
J,5,79.471512,29
,4,-1.0,29
JOVE,5,92.401695,24
"BOOKS,",5,96.616356,29
NEW,5,95.6959,24
YORK,5,95.6959,24
