text,level,conf,height
,1,-1.0,500
,2,-1.0,124
,3,-1.0,124
,4,-1.0,124
IHN,5,21.126854,111
ma,5,39.655796,87
,2,-1.0,11
,3,-1.0,11
,4,-1.0,11
CONSIDER,5,93.302643,11
PHLEBAS.,5,91.893501,11
,2,-1.0,18
,3,-1.0,18
,4,-1.0,18
a:,5,69.5214,18
,2,-1.0,356
,3,-1.0,356
,4,-1.0,356
  ,5,95.0,356
