text,level,conf,height
,1,-1.0,860
,2,-1.0,152
,3,-1.0,152
,4,-1.0,86
Desperate,5,96.544235,86
,4,-1.0,66
Remedies,5,96.729538,66
