text,level,conf,height
,1,-1.0,680
,2,-1.0,48
,3,-1.0,48
,4,-1.0,9
Hidden,5,96.41449,9
in,5,96.853134,9
the,5,95.200058,9
secrets,5,95.200058,8
,4,-1.0,12
of,5,96.84816,9
"antiquity,",5,96.665123,11
lies,5,96.665123,6
the,5,96.821701,9
,4,-1.0,11
unimagined,5,89.658951,11
truth...,5,91.493279,9
,2,-1.0,676
,3,-1.0,676
,4,-1.0,676
 ,5,95.0,676
