text,level,conf,height
,1,-1.0,842
,2,-1.0,27
,3,-1.0,27
,4,-1.0,10
CONFESSIONS,5,91.404015,10
OF,5,96.357391,28
,4,-1.0,10
A,5,16.162186,9
CRAP,5,16.162186,10
ARTIST,5,96.587425,10
,2,-1.0,12
,3,-1.0,12
,4,-1.0,12
by,5,95.717781,12
Philip,5,93.304367,12
K.,5,82.548637,8
Dick,5,93.117149,9
