text,level,conf,height
,1,-1.0,842
,2,-1.0,16
,3,-1.0,16
,4,-1.0,16
PHILIP,5,93.132721,16
K.,5,91.949501,16
DICK,5,96.934837,16
,2,-1.0,48
,3,-1.0,48
,4,-1.0,18
THE,5,93.232224,17
GAME-PLAYERS,5,92.189926,18
,4,-1.0,18
OF,5,96.63588,18
TITAN,5,96.465225,17
