text,level,conf,height
,1,-1.0,500
,2,-1.0,22
,3,-1.0,22
,4,-1.0,22
DRACULA,5,96.512024,22
,2,-1.0,39
,3,-1.0,39
,4,-1.0,14
by,5,95.013748,14
,4,-1.0,17
Bram,5,64.750137,17
Stoker,5,64.750137,17
,2,-1.0,168
,3,-1.0,168
,4,-1.0,168
 ,5,95.0,168
