text,level,conf,height
,1,-1.0,400
,2,-1.0,37
,3,-1.0,37
,4,-1.0,15
BRIAN,5,96.197845,15
HERBERT,5,93.274826,15
&,5,92.656296,28
,4,-1.0,19
KEVIN,5,96.314705,16
J.,5,95.694725,19
ANDERSON,5,95.694725,16
,2,-1.0,21
,3,-1.0,21
,4,-1.0,21
SANDWORMS,5,91.9673,21
OBR,5,63.312538,21
,2,-1.0,28
,3,-1.0,28
,4,-1.0,28
   ,5,95.0,28
,2,-1.0,9
,3,-1.0,9
,4,-1.0,9
EPIC,5,88.020485,8
DUNE,5,88.020485,9
CHRONICLES,5,96.373886,8
