text,level,conf,height
,1,-1.0,400
,2,-1.0,400
,3,-1.0,400
,4,-1.0,400
    ,5,95.0,400
,2,-1.0,10
,3,-1.0,10
,4,-1.0,10
S,5,0.0,10
,2,-1.0,19
,3,-1.0,19
,4,-1.0,19
as,5,35.120399,19
,2,-1.0,38
,3,-1.0,38
,4,-1.0,38
FRANK,5,95.828186,38
HE,5,94.246559,23
