text,level,conf,height
,1,-1.0,400
,2,-1.0,332
,3,-1.0,332
,4,-1.0,332
 ,5,95.0,332
,2,-1.0,92
,3,-1.0,92
,4,-1.0,92
FRANK,5,95.286804,59
HERBERT,5,44.379051,85
:,5,0.0,5
