text,level,conf,height
,1,-1.0,400
,2,-1.0,288
,3,-1.0,288
,4,-1.0,288
 ,5,95.0,288
,2,-1.0,40
,3,-1.0,40
,4,-1.0,40
FRANK,5,96.438026,54
HERBERT,5,88.692169,1
