text,level,conf,height
,1,-1.0,313
,2,-1.0,173
,3,-1.0,173
,4,-1.0,173
   ,5,95.0,173
,2,-1.0,90
,3,-1.0,90
,4,-1.0,26
ulation,5,96.84874,20
of,5,96.84874,25
,4,-1.0,31
ymphocyte,5,93.00769,31
,4,-1.0,29
Development,5,96.333,29
,2,-1.0,71
,3,-1.0,71
,4,-1.0,71
  ,5,95.0,71
,2,-1.0,14
,3,-1.0,14
,4,-1.0,14
D,5,71.428558,13
springer,5,71.428558,11
