text,level,conf,height
,1,-1.0,500
,2,-1.0,30
,3,-1.0,30
,4,-1.0,30
lo,5,59.092247,30
,2,-1.0,12
,3,-1.0,12
,4,-1.0,12
\,5,49.649162,12
,2,-1.0,57
,3,-1.0,57
,4,-1.0,57
PUBLI,5,89.132561,57
,2,-1.0,172
,3,-1.0,172
,4,-1.0,44
Sse,5,17.48317,82
,4,-1.0,172
%,5,18.300362,35
es,5,26.3619,11
,2,-1.0,500
,3,-1.0,500
,4,-1.0,500
 ,5,95.0,500
