text,level,conf,height
,1,-1.0,842
,2,-1.0,66
,3,-1.0,66
,4,-1.0,25
THE,5,96.881119,24
LONELY,5,96.453438,25
SONGS,5,96.063438,25
OF,5,96.58876,25
,4,-1.0,25
LAREN,5,96.062599,24
DORR,5,96.788643,25
,2,-1.0,33
,3,-1.0,33
,4,-1.0,33
George,5,93.28698,32
R.R.,5,90.776054,24
Martin,5,97.003265,25
,2,-1.0,8
,3,-1.0,8
,4,-1.0,8
ADF,5,48.267998,8
Books,5,93.064659,8
NERDs,5,88.299377,8
Release,5,96.809418,8
