text,level,conf,height
,1,-1.0,736
,2,-1.0,86
,3,-1.0,86
,4,-1.0,33
Handbook,5,96.513123,33
,4,-1.0,39
of,5,96.852264,32
Peripheral,5,96.684258,39
,2,-1.0,41
,3,-1.0,41
,4,-1.0,41
Neuropathy,5,96.605278,41
,2,-1.0,334
,3,-1.0,334
,4,-1.0,334
 ,5,95.0,334
,2,-1.0,91
,3,-1.0,91
,4,-1.0,24
edited,5,96.701981,20
by,5,97.016022,24
,4,-1.0,26
Mark,5,93.300491,21
B.,5,91.139626,20
Bromberg,5,96.424088,26
,4,-1.0,22
A.,5,96.495621,21
Gordon,5,96.363556,22
Smith,5,96.116547,22
