text,level,conf,height
,1,-1.0,700
,2,-1.0,127
,3,-1.0,127
,4,-1.0,44
:,5,0.0,43
INFORMATION,5,95.877411,42
,4,-1.0,25
AND,5,96.733711,25
THE,5,96.337578,25
MODERN,5,96.629814,25
,4,-1.0,26
CORPORATION,5,96.710884,26
,2,-1.0,14
,3,-1.0,14
,4,-1.0,14
JAMES,5,93.272865,14
W.,5,92.49881,14
CORTADA,5,96.281036,14
,2,-1.0,10
,3,-1.0,10
,4,-1.0,10
 ,5,95.0,10
,2,-1.0,136
,3,-1.0,136
,4,-1.0,136
|,5,9.985802,136
,2,-1.0,68
,3,-1.0,68
,4,-1.0,68
 ,5,95.0,68
