text,level,conf,height
,1,-1.0,800
,2,-1.0,616
,3,-1.0,616
,4,-1.0,616
 ,5,95.0,616
,2,-1.0,21
,3,-1.0,21
,4,-1.0,21
A,5,95.572876,10
SCARLET,5,93.268501,21
NovEL,5,71.689407,11
,2,-1.0,22
,3,-1.0,22
,4,-1.0,22
A.,5,91.840065,19
C.,5,87.943703,21
GAUGHEN,5,90.59745,22
,2,-1.0,9
,3,-1.0,9
,4,-1.0,9
BLOOMSBURY,5,93.027489,9
