text,level,conf,height
,1,-1.0,300
,2,-1.0,11
,3,-1.0,11
,4,-1.0,11
Alta,5,19.740105,11
Farooq,5,0.0,11
,2,-1.0,92
,3,-1.0,68
,4,-1.0,23
Lipid,5,96.189293,23
Mediators,5,91.058632,18
,4,-1.0,19
and,5,66.780533,19
Their,5,66.780533,19
,4,-1.0,19
Metabolism,5,94.633171,19
,3,-1.0,18
,4,-1.0,18
in,5,88.270233,17
the,5,88.270233,18
Brain,5,96.98233,18
,2,-1.0,16
,3,-1.0,16
,4,-1.0,16
 ,5,95.0,16
