text,level,conf,height
,1,-1.0,750
,2,-1.0,253
,3,-1.0,213
,4,-1.0,111
_bernard,5,56.381107,111
,4,-1.0,213
Corn,5,57.713936,174
well,5,94.346344,189
,2,-1.0,260
,3,-1.0,204
,4,-1.0,145
Sh,5,73.197144,78
isLords,5,25.588463,145
,4,-1.0,160
ee,5,29.769012,83
wie,5,0.0,160
Yorthi,5,0.82634,74
,2,-1.0,278
,3,-1.0,278
,4,-1.0,278
  ,5,95.0,278
