text,level,conf,height
,1,-1.0,860
,2,-1.0,67
,3,-1.0,67
,4,-1.0,67
Martin,5,96.437363,64
Eden,5,95.839607,67
