text,level,conf,height
,1,-1.0,811
,2,-1.0,30
,3,-1.0,30
,4,-1.0,30
FRANK,5,91.39325,26
H.,5,88.626038,26
"NETTER,",5,91.615387,30
MD,5,96.4077,27
,2,-1.0,236
,3,-1.0,236
,4,-1.0,62
ATLAS,5,96.180939,62
0,5,65.722183,29
,4,-1.0,61
HUMAN,5,96.697327,61
,4,-1.0,63
ANATOMY,5,96.662415,63
,2,-1.0,93
,3,-1.0,93
,4,-1.0,93
ae,5,58.684692,93
,2,-1.0,582
,3,-1.0,582
,4,-1.0,582
aN,5,47.886528,117
YILLIN,5,45.232079,325
@,5,69.678001,83
