text,level,conf,height
,1,-1.0,780
,2,-1.0,223
,3,-1.0,179
,4,-1.0,53
Netter’s,5,90.956291,53
,4,-1.0,55
Obstetrics,5,91.565498,55
&,5,91.565498,53
,4,-1.0,122
eyiccuioey,5,0.0,122
,2,-1.0,12
,3,-1.0,12
,4,-1.0,12
2nd,5,96.839722,28
Edition,5,73.332611,11
,2,-1.0,494
,3,-1.0,494
,4,-1.0,494
 ,5,95.0,494
