text,level,conf,height
,1,-1.0,254
,2,-1.0,8
,3,-1.0,8
,4,-1.0,8
INTERNATIONAL,5,90.975563,8
STUDENT,5,96.488472,7
EDITION,5,54.836063,7
,2,-1.0,104
,3,-1.0,104
,4,-1.0,24
Netter’s,5,91.449364,24
,4,-1.0,26
Illustrated,5,84.995865,26
,4,-1.0,33
Pharmacology,5,96.661728,33
,2,-1.0,58
,3,-1.0,58
,4,-1.0,58
 ,5,95.0,28
 ,5,95.0,30
