text,level,conf,height
,1,-1.0,784
,2,-1.0,784
,3,-1.0,784
,4,-1.0,784
   ,5,95.0,784
,2,-1.0,36
,3,-1.0,36
,4,-1.0,36
JOHN‘T.,5,51.402855,36
HANSEN,5,92.196091,28
,2,-1.0,121
,3,-1.0,146
,4,-1.0,53
NETTER’S,5,69.234406,53
,4,-1.0,53
E24,5,0.0,55
ANATOMY,5,94.881958,53
,2,-1.0,1
,3,-1.0,1
,4,-1.0,1
 ,5,95.0,1
,2,-1.0,3
,3,-1.0,3
,4,-1.0,3
 ,5,95.0,3
