text,level,conf,height
,1,-1.0,500
,2,-1.0,17
,3,-1.0,17
,4,-1.0,17
JOHN,5,91.739914,17
T.,5,91.05835,16
HANSEN,5,95.686783,17
,2,-1.0,142
,3,-1.0,142
,4,-1.0,70
is,5,28.028145,66
Netter’s,5,39.611835,55
,4,-1.0,35
=,5,93.431465,6
Clinical,5,96.437935,35
,4,-1.0,44
Anatomy,5,96.044128,44
,2,-1.0,16
,3,-1.0,25
,4,-1.0,16
=,5,80.988876,25
,2,-1.0,187
,3,-1.0,187
,4,-1.0,187
 ,5,95.0,187
,2,-1.0,14
,3,-1.0,14
,4,-1.0,14
netterreference.com,5,89.301842,14
