text,level,conf,height
,1,-1.0,810
,2,-1.0,30
,3,-1.0,30
,4,-1.0,30
FRANK,5,91.634087,26
H.,5,91.634087,26
"NETTER,",5,91.55999,30
MD,5,96.03315,26
,2,-1.0,235
,3,-1.0,235
,4,-1.0,61
ATLAS,5,95.884117,61
or,5,78.640938,28
,4,-1.0,60
HUMAN,5,96.501442,60
,4,-1.0,62
ANATOMY,5,96.656479,62
,2,-1.0,10
,3,-1.0,10
,4,-1.0,10
ELSEVIER,5,94.552605,10
,2,-1.0,602
,3,-1.0,602
,4,-1.0,602
Builline,5,77.21357,602
,2,-1.0,38
,3,-1.0,38
,4,-1.0,26
SEVENTH,5,90.041969,26
,4,-1.0,12
EDITION,5,95.744148,12
