text,level,conf,height
,1,-1.0,675
,2,-1.0,80
,3,-1.0,80
,4,-1.0,80
 ,5,95.0,80
,2,-1.0,102
,3,-1.0,102
,4,-1.0,102
 ,5,95.0,102
,2,-1.0,3
,3,-1.0,3
,4,-1.0,3
 ,5,95.0,3
,2,-1.0,75
,3,-1.0,75
,4,-1.0,75
NEUROTOLOGY,5,91.1875,75
,2,-1.0,228
,3,-1.0,228
,4,-1.0,228
   ,5,95.0,228
,2,-1.0,46
,3,-1.0,46
,4,-1.0,18
Robert,5,93.100571,18
K.,5,92.621391,17
Jackler,5,92.08667,17
,4,-1.0,18
Derald,5,92.36824,18
E.,5,88.047585,18
Brackmann,5,88.047585,18
,2,-1.0,455
,3,-1.0,455
,4,-1.0,455
 ,5,95.0,455
