text,level,conf,height
,1,-1.0,364
,2,-1.0,68
,3,-1.0,68
,4,-1.0,20
Neural,5,96.50856,17
Plasticity,5,95.387001,20
,4,-1.0,16
and,5,96.702301,16
Disorders,5,96.40844,16
of,5,93.667831,16
the,5,93.667831,16
,4,-1.0,18
Nervous,5,96.679222,14
System,5,96.706032,18
,2,-1.0,263
,3,-1.0,263
,4,-1.0,263
 ,5,95.0,263
,2,-1.0,11
,3,-1.0,11
,4,-1.0,11
wowcambridge.0rg/,5,0.0,28
9780521846677,5,0.0,28
