text,level,conf,height
,1,-1.0,470
,2,-1.0,15
,3,-1.0,15
,4,-1.0,15
Experimenta!,5,20.712044,15
Tumor,5,68.523079,28
Reesch,5,20.709312,28
,2,-1.0,7
,3,-1.0,7
,4,-1.0,7
tor,5,53.611603,7
JA,5,54.234318,7
Being,5,36.161175,7
,2,-1.0,7
,3,-1.0,7
,4,-1.0,7
vote,5,20.200279,7
,2,-1.0,216
,3,-1.0,216
,4,-1.0,216
 ,5,95.0,216
