text,level,conf,height
,1,-1.0,737
,2,-1.0,14
,3,-1.0,14
,4,-1.0,14
J.,5,56.194973,11
Zupan,5,56.194973,14
and,5,96.382706,11
J.,5,64.429092,30
Gasteiger,5,64.429092,14
,2,-1.0,73
,3,-1.0,73
,4,-1.0,16
Neural,5,96.944939,16
Networks,5,96.505157,16
,4,-1.0,21
in,5,95.488556,15
Chemistry,5,96.756302,21
,4,-1.0,21
and,5,96.860695,16
Drug,5,96.740532,20
Design,5,96.614113,21
,2,-1.0,21
,3,-1.0,21
,4,-1.0,21
@)WILEY-VCH,5,68.318039,21
