text,level,conf,height
,1,-1.0,500
,2,-1.0,108
,3,-1.0,108
,4,-1.0,64
Neurological,5,96.907509,64
,4,-1.0,45
Physiotherapy,5,96.934357,45
,2,-1.0,13
,3,-1.0,13
,4,-1.0,13
SUSAN,5,96.717468,13
EDWARDS,5,96.775452,13
,2,-1.0,500
,3,-1.0,500
,4,-1.0,500
 ,5,95.0,500
