text,level,conf,height
,1,-1.0,668
,2,-1.0,115
,3,-1.0,115
,4,-1.0,32
NEURAL,5,96.050804,31
PLASTICITY,5,96.597031,32
,4,-1.0,32
IN,5,94.140282,30
ADULT,5,94.140282,31
SOMATIC,5,95.43087,32
,4,-1.0,32
SENSORY-MOTOR,5,86.522812,32
SYSTEMS,5,96.496071,32
,2,-1.0,23
,3,-1.0,23
,4,-1.0,23
Edited,5,86.530624,17
by,5,96.041077,23
,2,-1.0,305
,3,-1.0,305
,4,-1.0,305
 ,5,95.0,305
