text,level,conf,height
,1,-1.0,378
,2,-1.0,21
,3,-1.0,21
,4,-1.0,21
NEUROLEPTIC,5,90.123116,21
,2,-1.0,26
,3,-1.0,26
,4,-1.0,11
MALIGNANT,5,96.350517,11
SYNDROME,5,96.661217,11
,4,-1.0,11
and,5,95.969254,11
RELATED,5,96.012947,11
CONDITIONS,5,92.241562,11
,2,-1.0,102
,3,-1.0,102
,4,-1.0,102
 ,5,95.0,102
