text,level,conf,height
,1,-1.0,619
,2,-1.0,354
,3,-1.0,354
,4,-1.0,354
 ,5,95.0,354
,2,-1.0,14
,3,-1.0,14
,4,-1.0,14
Imperial,5,96.500587,14
College,5,94.572815,14
Press,5,81.347382,11
,2,-1.0,1
,3,-1.0,1
,4,-1.0,1
 ,5,95.0,1
