text,level,conf,height
,1,-1.0,774
,2,-1.0,89
,3,-1.0,142
,4,-1.0,89
Neurology,5,96.814713,89
,2,-1.0,88
,3,-1.0,88
,4,-1.0,88
of,5,96.92646,87
the,5,96.476173,64
Newborn,5,96.408134,65
,2,-1.0,47
,3,-1.0,47
,4,-1.0,47
JOSEPH,5,96.923721,47
J.,5,96.328308,34
VOLPE,5,96.328308,39
,2,-1.0,774
,3,-1.0,774
,4,-1.0,774
 ,5,95.0,774
