text,level,conf,height
,1,-1.0,341
,2,-1.0,55
,3,-1.0,55
,4,-1.0,24
Neurovascular,5,95.923759,24
,4,-1.0,23
Medicine,5,96.869118,23
,2,-1.0,10
,3,-1.0,10
,4,-1.0,10
Pring,5,51.190525,8
Calls,5,56.438099,7
Longerty,5,40.031963,8
fr,5,76.364182,7
Healthy,5,68.072922,10
Aging,5,81.962524,7
,2,-1.0,341
,3,-1.0,341
,4,-1.0,341
 ,5,95.0,341
