text,level,conf,height
,1,-1.0,856
,2,-1.0,26
,3,-1.0,26
,4,-1.0,26
Duane,5,92.224869,26
E.,5,91.846786,26
Haines,5,96.413956,26
,2,-1.0,106
,3,-1.0,106
,4,-1.0,25
AN,5,96.450928,24
ATLAS,5,95.908684,25
OF,5,95.908684,25
,4,-1.0,31
"STRUCTURES,",5,96.103058,31
"SECTIONS,",5,95.921005,31
,4,-1.0,26
AND,5,95.709908,25
SYSTEMS,5,95.701546,26
,2,-1.0,462
,3,-1.0,462
,4,-1.0,462
 ,5,95.0,462
