text,level,conf,height
,1,-1.0,680
,2,-1.0,19
,3,-1.0,19
,4,-1.0,19
NEUROPATHIC,5,95.487282,19
PAIN,5,95.487282,19
,2,-1.0,15
,3,-1.0,15
,4,-1.0,15
Edited,5,96.913979,12
by,5,96.818146,15
Cyprian,5,93.304611,15
Chukwunonye,5,93.124847,15
Udeagha,5,92.978607,15
,2,-1.0,9
,3,-1.0,9
,4,-1.0,9
INTECHOPEN.COM,5,91.665817,9
