text,level,conf,height
,1,-1.0,381
,2,-1.0,203
,3,-1.0,203
,4,-1.0,203
 ,5,95.0,203
,2,-1.0,18
,3,-1.0,18
,4,-1.0,18
Georg,5,93.283249,17
Northoff,5,92.442177,13
,2,-1.0,17
,3,-1.0,17
,4,-1.0,17
Neuropsychoanalysis,5,88.743279,17
in,5,96.684418,8
Practice,5,97.001968,12
,2,-1.0,6
,3,-1.0,6
,4,-1.0,6
 ,5,95.0,6
