text,level,conf,height
,1,-1.0,791
,2,-1.0,450
,3,-1.0,450
,4,-1.0,450
   ,5,95.0,450
,2,-1.0,119
,3,-1.0,119
,4,-1.0,61
EUROSURGICAL,5,92.471405,61
,4,-1.0,41
PAIN,5,86.36071,40
MANAGEMENT,5,96.261993,41
,2,-1.0,27
,3,-1.0,27
,4,-1.0,27
Kenneth,5,96.425697,26
A.,5,94.307411,25
Follett,5,96.705231,26
,2,-1.0,171
,3,-1.0,171
,4,-1.0,171
 ,5,95.0,50
 ,5,95.0,121
,2,-1.0,4
,3,-1.0,4
,4,-1.0,4
 ,5,95.0,4
