text,level,conf,height
,1,-1.0,680
,2,-1.0,2
,3,-1.0,2
,4,-1.0,2
 ,5,95.0,2
,2,-1.0,50
,3,-1.0,50
,4,-1.0,19
NEURAL,5,96.643265,19
STEM,5,96.58532,19
CELLS,5,96.342247,19
,4,-1.0,19
AND,5,96.864792,19
THERAPY,5,96.328049,19
,2,-1.0,15
,3,-1.0,15
,4,-1.0,15
Edited,5,92.662338,12
by,5,96.869164,15
Tao,5,96.828148,11
Sun,5,96.760811,12
,2,-1.0,1
,3,-1.0,1
,4,-1.0,1
 ,5,95.0,1
,2,-1.0,9
,3,-1.0,9
,4,-1.0,9
INTECHWEB.ORG,5,88.685593,9
