text,level,conf,height
,1,-1.0,500
,2,-1.0,500
,3,-1.0,500
,4,-1.0,500
 ,5,95.0,500
,2,-1.0,60
,3,-1.0,60
,4,-1.0,60
 ,5,95.0,60
,2,-1.0,49
,3,-1.0,49
,4,-1.0,21
NEUROLOGIC,5,96.191277,21
,4,-1.0,21
CLINICS,5,96.699036,21
,2,-1.0,17
,3,-1.0,17
,4,-1.0,8
aS,5,18.186905,8
,4,-1.0,9
thedlinies.com,5,22.112602,9
