text,level,conf,height
,1,-1.0,256
,2,-1.0,79
,3,-1.0,79
,4,-1.0,16
NEUROLOGY,5,96.673355,16
,4,-1.0,17
STUDY,5,62.082413,17
GUIDE,5,96.282349,17
,4,-1.0,13
ORAL,5,83.903633,13
BOARD,5,96.671906,13
,4,-1.0,13
EXAMINATION,5,85.575363,13
,4,-1.0,13
REVIEW,5,96.639816,13
,2,-1.0,14
,3,-1.0,14
,4,-1.0,14
 ,5,95.0,14
