text,level,conf,height
,1,-1.0,418
,2,-1.0,166
,3,-1.0,166
,4,-1.0,166
 ,5,95.0,166
,2,-1.0,1
,3,-1.0,1
,4,-1.0,1
 ,5,95.0,1
,2,-1.0,109
,3,-1.0,109
,4,-1.0,109
 ,5,95.0,109
,2,-1.0,22
,3,-1.0,22
,4,-1.0,22
Neurological,5,96.857513,22
Foundations,5,96.705307,17
,2,-1.0,23
,3,-1.0,23
,4,-1.0,23
of,5,96.760902,23
Cognitive,5,96.760902,21
Neuroscience,5,96.821442,17
,2,-1.0,1
,3,-1.0,1
,4,-1.0,1
 ,5,95.0,1
,2,-1.0,109
,3,-1.0,109
,4,-1.0,109
 ,5,95.0,109
