text,level,conf,height
,1,-1.0,289
,2,-1.0,165
,3,-1.0,165
,4,-1.0,165
 ,5,95.0,165
,2,-1.0,30
,3,-1.0,30
,4,-1.0,9
Wsehlege,5,21.766083,9
,4,-1.0,7
Teortfels,5,10.204254,7
,4,-1.0,7
ores,5,36.057201,7
,2,-1.0,11
,3,-1.0,11
,4,-1.0,11
D,5,14.973999,11
syringe,5,55.958954,8
