text,level,conf,height
,1,-1.0,2200
,2,-1.0,90
,3,-1.0,90
,4,-1.0,90
LISM,5,90.011909,124
AND,5,96.909348,85
,2,-1.0,239
,3,-1.0,239
,4,-1.0,85
N1,5,8.177795,85
,4,-1.0,82
7,5,46.656395,82
,2,-1.0,89
,3,-1.0,89
,4,-1.0,89
PN,5,0.0,85
OLOGY,5,0.0,89
,2,-1.0,102
,3,-1.0,102
,4,-1.0,102
=o,5,26.839691,102
,2,-1.0,1439
,3,-1.0,1439
,4,-1.0,1439
 ,5,95.0,1439
,2,-1.0,38
,3,-1.0,38
,4,-1.0,38
 ,5,95.0,38
