text,level,conf,height
,1,-1.0,475
,2,-1.0,1
,3,-1.0,1
,4,-1.0,1
 ,5,95.0,1
,2,-1.0,117
,3,-1.0,117
,4,-1.0,22
Nonlinear,5,96.671562,22
,4,-1.0,28
Computer,5,96.540276,28
Modeling,5,96.540276,28
,4,-1.0,22
of,5,96.233757,22
Chemical,5,96.825142,22
and,5,96.653732,22
,4,-1.0,21
Biochemical,5,96.239594,21
Data,5,96.313156,21
,2,-1.0,288
,3,-1.0,288
,4,-1.0,288
 ,5,95.0,288
