text,level,conf,height
,1,-1.0,282
,2,-1.0,55
,3,-1.0,55
,4,-1.0,12
NPY,5,94.052887,9
Family,5,93.457649,12
of,5,93.457649,10
Peptides,5,95.728493,12
in,5,96.852081,9
,4,-1.0,12
"Neurobiology,",5,95.412933,11
Cardiovascular,5,95.615616,10
,4,-1.0,9
‘and,5,64.48407,9
Metabolic,5,95.47979,9
Disorders:,5,96.837509,9
,4,-1.0,12
from,5,68.425858,9
Genes,5,96.189598,8
to,5,96.189598,8
Therapeutics,5,68.101746,12
,2,-1.0,3
,3,-1.0,3
,4,-1.0,3
 ,5,95.0,3
