text,level,conf,height
,1,-1.0,382
,2,-1.0,189
,3,-1.0,189
,4,-1.0,189
 ,5,95.0,189
,2,-1.0,59
,3,-1.0,59
,4,-1.0,28
"Viruses,",5,95.710793,21
"Plagues,",5,92.96199,28
,4,-1.0,28
&,5,82.667023,20
History,5,96.418587,28
,2,-1.0,8
,3,-1.0,8
,4,-1.0,8
Michael,5,92.398537,8
B.,5,82.610474,8
A.,5,56.50882,8
Oldstone,5,95.747871,8
,2,-1.0,18
,3,-1.0,18
,4,-1.0,18
F,5,4.436493,18
,2,-1.0,55
,3,-1.0,55
,4,-1.0,55
  ,5,95.0,55
