text,level,conf,height
,1,-1.0,299
,2,-1.0,16
,3,-1.0,16
,4,-1.0,16
for-sale,5,0.0,16
,2,-1.0,23
,3,-1.0,23
,4,-1.0,23
vent,5,28.554085,23
,2,-1.0,92
,3,-1.0,92
,4,-1.0,48
‘Oxidative,5,88.990913,48
Stress,5,88.433243,33
,4,-1.0,25
in,5,94.898247,19
Cancer,5,94.898247,19
Biology,5,96.728157,25
,4,-1.0,24
and,5,93.752548,19
Therapy,5,93.752548,24
,2,-1.0,11
,3,-1.0,11
,4,-1.0,11
PHlumanaPress,5,3.540741,11
