text,level,conf,height
,1,-1.0,666
,2,-1.0,12
,3,-1.0,12
,4,-1.0,12
 ,5,95.0,12
,2,-1.0,12
,3,-1.0,12
,4,-1.0,12
Information,5,96.990044,12
Science,5,96.857773,12
and,5,93.306213,12
Statis,5,93.126907,12
,2,-1.0,45
,3,-1.0,19
,4,-1.0,7
Series,5,48.560848,7
Edn:,5,0.0,7
,4,-1.0,7
M,5,88.460709,7
Jordan,5,74.643089,7
,3,-1.0,21
,4,-1.0,9
1,5,73.853226,7
Kleinberg,5,43.868393,9
,4,-1.0,9
"B,",5,2.745789,7
Sehilhope,5,4.824554,9
