text,level,conf,height
,1,-1.0,323
,2,-1.0,70
,3,-1.0,70
,4,-1.0,25
Pharmacology,5,96.287102,25
of,5,96.878578,34
,4,-1.0,19
Neurotransmitter,5,96.698807,19
,4,-1.0,19
Release,5,96.954865,19
,2,-1.0,13
,3,-1.0,13
,4,-1.0,13
2,5,79.26442,12
srringe,5,0.0,10
