text,level,conf,height
,1,-1.0,1525
,2,-1.0,154
,3,-1.0,154
,4,-1.0,154
 ,5,95.0,154
,2,-1.0,103
,3,-1.0,40
,4,-1.0,40
RICHARD,5,95.166962,40
A.,5,93.096565,39
LEHNE,5,92.519089,40
,2,-1.0,229
,3,-1.0,229
,4,-1.0,98
PHARMACOLOGY,5,96.394493,98
,4,-1.0,79
for,5,94.735703,55
NURSING,5,96.623795,79
,2,-1.0,887
,3,-1.0,887
,4,-1.0,887
 ,5,95.0,887
