text,level,conf,height
,1,-1.0,667
,2,-1.0,15
,3,-1.0,15
,4,-1.0,15
SpringerBriefs,5,92.488251,15
in,5,95.108429,11
Pharmacology,5,95.108429,15
and,5,95.657997,11
Toxicology,5,91.086761,15
