text,level,conf,height
,1,-1.0,792
,2,-1.0,9
,3,-1.0,9
,4,-1.0,9
Sixth,5,68.553421,9
Edition,5,93.848778,9
,2,-1.0,22
,3,-1.0,22
,4,-1.0,22
PHARMACOTHERAPY,5,96.550262,22
,2,-1.0,2
,3,-1.0,2
,4,-1.0,2
 ,5,95.0,2
,2,-1.0,1
,3,-1.0,1
,4,-1.0,1
 ,5,95.0,1
,2,-1.0,92
,3,-1.0,92
,4,-1.0,92
 ,5,95.0,92
,2,-1.0,88
,3,-1.0,88
,4,-1.0,88
 ,5,95.0,88
,2,-1.0,17
,3,-1.0,17
,4,-1.0,17
gic,5,86.575661,12
Approach,5,84.699234,17
,2,-1.0,1
,3,-1.0,1
,4,-1.0,1
 ,5,95.0,1
