text,level,conf,height
,1,-1.0,573
,2,-1.0,66
,3,-1.0,66
,4,-1.0,66
 ,5,95.0,66
,2,-1.0,16
,3,-1.0,16
,4,-1.0,16
RICHARD,5,96.149162,16
A.,5,93.246872,15
LEHNE,5,92.825539,16
,2,-1.0,116
,3,-1.0,116
,4,-1.0,116
 ,5,95.0,116
,2,-1.0,90
,3,-1.0,90
,4,-1.0,39
PHARMACOLOGY,5,96.554741,39
,4,-1.0,31
for,5,91.873711,23
NURSING,5,96.555229,31
,2,-1.0,323
,3,-1.0,323
,4,-1.0,323
 ,5,95.0,323
