text,level,conf,height
,1,-1.0,627
,2,-1.0,272
,3,-1.0,272
,4,-1.0,272
   ,5,95.0,272
,2,-1.0,212
,3,-1.0,208
,4,-1.0,64
~,5,68.832306,4
i,5,77.57885,4
Pharmacology,5,95.913567,58
,4,-1.0,45
iy,5,0.0,33
for,5,96.800232,43
Nurses,5,96.845886,41
,4,-1.0,98
e7,5,0.0,98
A,5,93.305977,24
Pathophysiologic,5,93.05246,33
Approach,5,96.943611,32
,2,-1.0,8
,3,-1.0,8
,4,-1.0,8
THIRD,5,96.673065,8
EDITION,5,96.673065,8
,2,-1.0,184
,3,-1.0,184
,4,-1.0,184
 ,5,95.0,184
