text,level,conf,height
,1,-1.0,486
,2,-1.0,222
,3,-1.0,222
,4,-1.0,222
yuvasay,5,35.622139,53
ssausno}9su0>,5,0.0,89
ul,5,28.344444,11
sa2ueApy,5,0.0,56
,2,-1.0,37
,3,-1.0,37
,4,-1.0,37
cr,5,29.374596,37
,2,-1.0,50
,3,-1.0,50
,4,-1.0,22
Philosophy,5,96.588081,22
,4,-1.0,19
of,5,96.82402,32
the,5,96.82402,19
Brain,5,96.932877,18
,2,-1.0,13
,3,-1.0,13
,4,-1.0,13
Georg,5,92.936203,12
Northoff,5,89.815117,10
