text,level,conf,height
,1,-1.0,784
,2,-1.0,228
,3,-1.0,228
,4,-1.0,228
     ,5,95.0,228
,2,-1.0,27
,3,-1.0,27
,4,-1.0,27
HEALTH,5,93.278816,22
CAREJPERSONNEL,5,9.29425,26
,2,-1.0,83
,3,-1.0,83
,4,-1.0,83
HUEBOTOMY,5,4.724693,83
,2,-1.0,21
,3,-1.0,21
,4,-1.0,20
 ,5,95.0,20
,4,-1.0,21
 ,5,95.0,21
,2,-1.0,70
,3,-1.0,70
,4,-1.0,70
Debbie,5,95.879517,38
fis,5,46.937134,70
sat,5,16.461746,41
