text,level,conf,height
,1,-1.0,1000
,2,-1.0,1000
,3,-1.0,1000
,4,-1.0,1000
 ,5,95.0,1000
,2,-1.0,432
,3,-1.0,432
,4,-1.0,432
 ,5,95.0,432
,2,-1.0,55
,3,-1.0,55
,4,-1.0,27
Sara,5,96.11644,22
J.,5,93.265343,22
"Cuccurullo,",5,91.151894,27
M.D.,5,96.164635,22
,4,-1.0,20
Editor,5,96.453033,20
,2,-1.0,169
,3,-1.0,169
,4,-1.0,169
 ,5,95.0,169
