text,level,conf,height
,1,-1.0,648
,2,-1.0,65
,3,-1.0,65
,4,-1.0,65
 ,5,95.0,65
,2,-1.0,185
,3,-1.0,185
,4,-1.0,121
Physics,5,94.420212,70
in,5,94.465065,48
log,5,57.327881,121
,4,-1.0,59
and,5,96.830002,59
Medicine,5,96.923874,59
,2,-1.0,3
,3,-1.0,3
,4,-1.0,3
 ,5,95.0,3
,2,-1.0,292
,3,-1.0,292
,4,-1.0,292
 ,5,95.0,292
,2,-1.0,2
,3,-1.0,2
,4,-1.0,2
 ,5,95.0,2
,2,-1.0,85
,3,-1.0,85
,4,-1.0,66
Paul,5,93.20665,31
Davidovits,5,91.889183,33
(@),5,34.548195,66
,4,-1.0,18
Nee,5,3.110352,18
