text,level,conf,height
,1,-1.0,712
,2,-1.0,11
,3,-1.0,11
,4,-1.0,11
=,5,9.9403,11
,2,-1.0,37
,3,-1.0,37
,4,-1.0,16
ai,5,70.60025,16
,4,-1.0,17
fourth,5,95.879524,17
edition,5,95.879524,17
,2,-1.0,92
,3,-1.0,88
,4,-1.0,34
>,5,42.327454,34
,4,-1.0,68
',5,32.418167,17
Physical,5,96.930931,45
ThePay,5,0.0,68
or,5,51.681839,68
,2,-1.0,104
,3,-1.0,104
,4,-1.0,104
’Shoulder®,5,1.978409,104
