text,level,conf,height
,1,-1.0,686
,2,-1.0,1
,3,-1.0,1
,4,-1.0,1
 ,5,95.0,1
,2,-1.0,11
,3,-1.0,11
,4,-1.0,11
Physician's,5,51.438808,11
Guide,5,51.438808,7
to,5,72.7062,6
the,5,72.7062,8
Treatment,5,63.173111,8
and,5,63.173111,8
Follow-Up,5,85.12841,11
of,5,96.989632,28
Metabolic,5,90.276749,11
Diseases,5,77.723083,7
