text,level,conf,height
,1,-1.0,783
,2,-1.0,30
,3,-1.0,30
,4,-1.0,30
Physical,5,96.350685,30
Therapy,5,96.766289,30
of,5,96.936752,23
the,5,96.763237,23
Shoulder,5,96.573372,23
,2,-1.0,13
,3,-1.0,13
,4,-1.0,13
FIFTH,5,51.712906,13
EDITION,5,95.996689,13
