text,level,conf,height
,1,-1.0,499
,2,-1.0,21
,3,-1.0,21
,4,-1.0,7
Fanon,5,26.960022,7
AB.Grovaman,5,0.0,7
,4,-1.0,7
Vol,5,40.204754,7
,2,-1.0,338
,3,-1.0,338
,4,-1.0,338
 ,5,95.0,338
