text,level,conf,height
,1,-1.0,576
,2,-1.0,19
,3,-1.0,19
,4,-1.0,19
Plastic,5,96.981003,14
Surgery,5,96.419945,19
