text,level,conf,height
,1,-1.0,573
,2,-1.0,30
,3,-1.0,42
,4,-1.0,30
i,5,67.44561,42
Pocket,5,88.272301,23
Atlas,5,96.103813,23
,2,-1.0,23
,3,-1.0,23
,4,-1.0,23
of,5,96.861763,23
Oral,5,96.886467,23
Diseases,5,96.732498,23
,2,-1.0,130
,3,-1.0,130
,4,-1.0,130
 ,5,95.0,130
,2,-1.0,12
,3,-1.0,12
,4,-1.0,12
G.,5,79.473961,11
Laskaris,5,93.133499,12
,2,-1.0,8
,3,-1.0,8
,4,-1.0,8
Second,5,93.304001,8
Eaition,5,0.0,8
,2,-1.0,31
,3,-1.0,31
,4,-1.0,31
®Thieme,5,82.894012,31
