text,level,conf,height
,1,-1.0,563
,2,-1.0,310
,3,-1.0,45
,4,-1.0,45
&,5,37.614159,45
,3,-1.0,219
,4,-1.0,39
Sheila,5,96.858902,38
Lennon,5,95.711113,20
,4,-1.0,25
Maria,5,28.028984,21
Stokes,5,28.028984,21
\_,5,17.691963,5
,4,-1.0,41
Pocketbook,5,92.570625,41
o,5,92.197197,44
,4,-1.0,85
Neurological,5,39.187561,85
,4,-1.0,69
Physi,5,96.863449,59
therapy,5,94.281776,64
,2,-1.0,117
,3,-1.0,117
,4,-1.0,117
   ,5,95.0,117
