text,level,conf,height
,1,-1.0,569
,2,-1.0,45
,3,-1.0,45
,4,-1.0,21
Pocket,5,96.918602,17
Reference,5,96.565269,17
to,5,96.524307,15
Early,5,96.716492,21
,4,-1.0,17
Rheumatoid,5,96.601837,17
Arthritis,5,96.900146,17
,2,-1.0,20
,3,-1.0,20
,4,-1.0,20
®,5,63.201099,28
Springer,5,86.743683,15
Healthcare,5,86.743683,11
