text,level,conf,height
,1,-1.0,276
,2,-1.0,17
,3,-1.0,17
,4,-1.0,17
Sectional,5,96.938629,13
Anatomy,5,96.021019,17
,2,-1.0,59
,3,-1.0,59
,4,-1.0,30
    ,5,95.0,30
,4,-1.0,29
 ,5,95.0,29
,2,-1.0,217
,3,-1.0,217
,4,-1.0,217
    ,5,95.0,217
,2,-1.0,12
,3,-1.0,12
,4,-1.0,12
®Thieme,5,1.231277,12
,2,-1.0,31
,3,-1.0,31
,4,-1.0,31
 ,5,95.0,7
 ,5,95.0,24
