text,level,conf,height
,1,-1.0,539
,2,-1.0,21
,3,-1.0,21
,4,-1.0,10
Pocket,5,85.860916,8
Atlas,5,80.104652,8
of,5,85.13707,28
Sectional,5,85.13707,8
Anatomy,5,92.542938,9
,4,-1.0,8
Volume,5,92.809502,8
2,5,89.462921,7
