text,level,conf,height
,1,-1.0,811
,2,-1.0,102
,3,-1.0,102
,4,-1.0,49
POISONING,5,95.901009,49
,4,-1.0,27
AND,5,96.90699,27
,2,-1.0,113
,3,-1.0,113
,4,-1.0,51
TOXICOLOGY,5,95.111664,51
,4,-1.0,44
D,5,83.688843,44
,2,-1.0,480
,3,-1.0,480
,4,-1.0,480
   ,5,95.0,480
