text,level,conf,height
,1,-1.0,678
,2,-1.0,21
,3,-1.0,21
,4,-1.0,21
ee,5,21.898422,25
,2,-1.0,140
,3,-1.0,116
,4,-1.0,60
~,5,3.867424,8
POW,5,0.0,48
ARIES,5,0.0,40
Cm,5,0.0,55
,4,-1.0,66
SADAR,5,0.0,37
"IMAGING""",5,0.288254,66
,2,-1.0,18
,3,-1.0,18
,4,-1.0,18
FROM,5,95.68428,17
BASICS,5,93.883438,18
10,5,51.888088,25
,2,-1.0,546
,3,-1.0,546
,4,-1.0,546
 ,5,95.0,546
