text,level,conf,height
,1,-1.0,592
,2,-1.0,12
,3,-1.0,12
,4,-1.0,12
The,5,93.968208,9
90,5,96.88903,9
Day,5,96.9842,11
In-Home,5,93.15506,8
Boot,5,93.067307,9
Camp,5,96.395882,11
For,5,93.877029,27
Total,5,96.943291,27
Body,5,91.901016,11
Transformation,5,87.290146,9
,2,-1.0,592
,3,-1.0,592
,4,-1.0,592
 ,5,95.0,592
