text,level,conf,height
,1,-1.0,667
,2,-1.0,11
,3,-1.0,11
,4,-1.0,11
Practical,5,95.917854,11
ECG,5,94.464722,11
Holter,5,88.428505,11
