text,level,conf,height
,1,-1.0,432
,2,-1.0,10
,3,-1.0,10
,4,-1.0,10
 ,5,95.0,10
,2,-1.0,46
,3,-1.0,46
,4,-1.0,22
Practical,5,96.815353,18
"Immunology,",5,96.843773,21
,4,-1.0,18
Fourth,5,96.709717,17
Edition,5,96.46814,18
,2,-1.0,36
,3,-1.0,36
,4,-1.0,16
Frank,5,93.301613,12
C.,5,75.040253,13
Hay,5,96.982712,16
,4,-1.0,16
Olwyn,5,86.838501,16
M.R.,5,76.37793,12
Westwood,5,96.509079,12
,2,-1.0,11
,3,-1.0,11
,4,-1.0,11
Blackwell,5,96.914589,10
Science,5,96.326019,11
