text,level,conf,height
,1,-1.0,482
,2,-1.0,156
,3,-1.0,105
,4,-1.0,50
Practical,5,96.70462,50
,4,-1.0,105
Paediatrics,5,95.314896,105
,2,-1.0,41
,3,-1.0,41
,4,-1.0,41
WR,5,39.724144,41
,4,-1.0,10
Re,5,88.638481,10
,2,-1.0,313
,3,-1.0,313
,4,-1.0,313
 ,5,95.0,313
