text,level,conf,height
,1,-1.0,576
,2,-1.0,10
,3,-1.0,10
,4,-1.0,10
Practical,5,96.90271,10
Handbook,5,89.232979,10
of,5,93.867424,28
Thoracic,5,93.867424,28
Anesthesia,5,96.963081,28
