text,level,conf,height
,1,-1.0,336
,2,-1.0,62
,3,-1.0,62
,4,-1.0,14
Practical,5,96.623123,14
Guide,5,95.998367,14
to,5,96.747177,14
,4,-1.0,19
The,5,96.235573,19
Care,5,96.131676,19
of,5,96.131676,19
the,5,96.520447,19
,4,-1.0,19
Medical,5,96.69709,19
Patient,5,96.864441,18
,2,-1.0,173
,3,-1.0,173
,4,-1.0,173
 ,5,95.0,173
,2,-1.0,20
,3,-1.0,20
,4,-1.0,20
_—,5,0.0,2
ugiBy,5,0.0,19
FRED,5,92.502609,9
F.,5,84.490372,9
"FERRI,",5,63.31311,10
MD,5,95.805176,9
