text,level,conf,height
,1,-1.0,540
,2,-1.0,61
,3,-1.0,61
,4,-1.0,27
Practical,5,96.730461,22
Urologic,5,95.822319,27
,4,-1.0,27
Cytopathology,5,96.136497,27
,2,-1.0,17
,3,-1.0,17
,4,-1.0,17
RICARDO,5,91.289314,15
H.,5,91.149605,15
"BARDALES,",5,92.449341,17
M.D.,5,95.037277,15
,2,-1.0,13
,3,-1.0,13
,4,-1.0,13
OXFORD,5,96.479301,13
UNIVERSITY,5,96.023361,13
PRESS,5,64.598846,13
