text,level,conf,height
,1,-1.0,336
,2,-1.0,76
,3,-1.0,76
,4,-1.0,76
 ,5,95.0,76
,2,-1.0,30
,3,-1.0,30
,4,-1.0,30
Pre-eclampsia,5,91.822144,30
,2,-1.0,10
,3,-1.0,10
,4,-1.0,10
‘Biology,5,44.701691,10
and,5,65.709732,28
clinical,5,48.463097,28
Practice,5,48.463097,28
,2,-1.0,37
,3,-1.0,37
,4,-1.0,37
sil,5,54.618526,37
,2,-1.0,200
,3,-1.0,200
,4,-1.0,200
  ,5,95.0,200
,2,-1.0,19
,3,-1.0,22
,4,-1.0,19
"0""",5,48.719078,22
