text,level,conf,height
,1,-1.0,620
,2,-1.0,54
,3,-1.0,54
,4,-1.0,26
Preclinical,5,89.935532,22
Drug,5,96.076141,26
,4,-1.0,26
Development,5,96.605789,26
,2,-1.0,12
,3,-1.0,12
,4,-1.0,12
 ,5,95.0,12
