text,level,conf,height
,1,-1.0,746
,2,-1.0,83
,3,-1.0,79
,4,-1.0,11
.,5,41.769527,11
,4,-1.0,54
OY,5,15.419708,54
irc,5,28.929489,40
by,5,79.637741,26
,4,-1.0,26
John,5,93.248596,25
M.,5,87.412727,20
G.,5,45.369167,20
van,5,93.017776,14
Vugt,5,90.263023,26
*,5,60.391319,7
Lee,5,93.281616,20
P,5,92.861168,20
Shulman,5,94.929726,20
,2,-1.0,129
,3,-1.0,129
,4,-1.0,129
“,5,48.501839,13
—,5,0.0,129
,2,-1.0,196
,3,-1.0,196
,4,-1.0,80
Prenatal,5,95.065697,80
,4,-1.0,80
Medicine,5,95.534409,80
