text,level,conf,height
,1,-1.0,673
,2,-1.0,19
,3,-1.0,19
,4,-1.0,19
Jim,5,94.813477,19
A.,5,92.881454,19
Reekers,5,92.881454,19
,2,-1.0,184
,3,-1.0,184
,4,-1.0,47
PRESENTING,5,96.898987,47
,4,-1.0,49
AT,5,96.386765,49
MEDICAL,5,96.386765,49
,4,-1.0,59
MEETINGS,5,96.18956,59
,2,-1.0,28
,3,-1.0,28
,4,-1.0,28
®,5,38.255344,28
Springer,5,96.85215,21
