text,level,conf,height
,1,-1.0,792
,2,-1.0,16
,3,-1.0,16
,4,-1.0,16
Primer,5,96.332047,16
on,5,96.994789,12
Molecular,5,96.434502,16
Genetics,5,96.726532,16
,2,-1.0,633
,3,-1.0,633
,4,-1.0,633
 ,5,95.0,633
