text,level,conf,height
,1,-1.0,277
,2,-1.0,250
,3,-1.0,250
,4,-1.0,156
  ,5,95.0,128
  ,5,95.0,36
,4,-1.0,94
  ,5,95.0,94
,2,-1.0,59
,3,-1.0,59
,4,-1.0,14
PRIMER,5,94.81279,14
ON,5,96.749344,30
THE,5,96.749344,30
,4,-1.0,37
ERAN,5,32.422249,37
%,5,34.741539,8
,4,-1.0,25
NERVOUS,5,96.575897,16
SYSTEM:,5,8.803986,25
,2,-1.0,35
,3,-1.0,35
,4,-1.0,35
 ,5,95.0,35
