text,level,conf,height
,1,-1.0,279
,2,-1.0,17
,3,-1.0,17
,4,-1.0,17
    ,5,95.0,17
,2,-1.0,37
,3,-1.0,37
,4,-1.0,19
Principles,5,96.680321,19
,4,-1.0,19
of,5,96.635269,15
Cartilage,5,96.237228,19
Repair,5,96.728943,19
,2,-1.0,50
,3,-1.0,50
,4,-1.0,50
 ,5,95.0,50
