text,level,conf,height
,1,-1.0,282
,2,-1.0,9
,3,-1.0,9
,4,-1.0,9
ates,5,63.52832,9
Bute,5,8.303802,8
,2,-1.0,84
,3,-1.0,9
,4,-1.0,9
Nata,5,9.792465,9
Fe,5,24.487999,9
,3,-1.0,7
,4,-1.0,7
fier,5,0.0,7
,3,-1.0,40
,4,-1.0,20
Principles,5,96.700439,20
of,5,96.925751,16
Cancer,5,93.993446,16
,4,-1.0,20
tive,5,87.186638,20
,2,-1.0,12
,3,-1.0,12
,4,-1.0,12
D,5,20.490814,12
Springer,5,20.490814,12
