text,level,conf,height
,1,-1.0,240
,2,-1.0,14
,3,-1.0,14
,4,-1.0,14
Principles,5,96.881805,14
of,5,96.944397,11
Biochemistry,5,96.545135,14
