text,level,conf,height
,1,-1.0,440
,2,-1.0,83
,3,-1.0,83
,4,-1.0,42
Principles,5,96.318939,42
of,5,96.958778,31
,4,-1.0,46
Regenerative,5,95.803207,46
,2,-1.0,111
,3,-1.0,111
,4,-1.0,111
a,5,23.602722,57
>,5,49.755173,111
