text,level,conf,height
,1,-1.0,927
,2,-1.0,418
,3,-1.0,418
,4,-1.0,418
  ,5,95.0,418
 ,5,95.0,130
,2,-1.0,197
,3,-1.0,197
,4,-1.0,107
of,5,96.841461,86
Bone,5,96.841461,92
,4,-1.0,86
Regeneration,5,96.574104,86
,2,-1.0,2
,3,-1.0,2
,4,-1.0,2
 ,5,95.0,2
,2,-1.0,41
,3,-1.0,41
,4,-1.0,41
a,5,52.366634,40
Springer,5,96.552338,30
