text,level,conf,height
,1,-1.0,400
,2,-1.0,75
,3,-1.0,75
,4,-1.0,23
PRINCIPLES,5,57.684025,23
,4,-1.0,22
QF,5,77.961845,22
NEURAL,5,35.652496,22
,4,-1.0,22
SCIENCE,5,48.188347,22
,2,-1.0,42
,3,-1.0,42
,4,-1.0,42
  ,5,95.0,42
,2,-1.0,11
,3,-1.0,11
,4,-1.0,11
J,5,55.240623,11
,2,-1.0,34
,3,-1.0,34
,4,-1.0,28
jame,5,59.970627,28
Waste,5,0.0,8
,4,-1.0,11
Thomas,5,93.303146,11
M.,5,92.604851,10
Jesse,5,92.029434,10
,2,-1.0,400
,3,-1.0,400
,4,-1.0,400
  ,5,95.0,400
