text,level,conf,height
,1,-1.0,675
,2,-1.0,236
,3,-1.0,236
,4,-1.0,236
 ,5,95.0,236
,2,-1.0,138
,3,-1.0,138
,4,-1.0,66
CLINICAL,5,96.722969,66
TRIAL,5,95.810799,41
,4,-1.0,64
MEDICINE,5,96.259399,64
,2,-1.0,52
,3,-1.0,52
,4,-1.0,19
RICHARD,5,96.322845,19
CHIN,5,93.059143,19
*,5,5.697746,8
BRUCE,5,93.132339,19
Y.,5,91.765411,19
LEE,5,96.674911,19
,4,-1.0,16
A,5,51.146301,16
,2,-1.0,235
,3,-1.0,235
,4,-1.0,235
 ,5,95.0,235
