text,level,conf,height
,1,-1.0,500
,2,-1.0,314
,3,-1.0,314
,4,-1.0,314
   ,5,95.0,314
,2,-1.0,29
,3,-1.0,29
,4,-1.0,29
THIRD,5,96.321762,16
EDITION,5,96.321762,17
@,5,32.100601,29
