text,level,conf,height
,1,-1.0,772
,2,-1.0,29
,3,-1.0,29
,4,-1.0,29
David,5,96.465302,23
J.,5,93.947159,21
Slutsky,5,93.947159,29
,2,-1.0,50
,3,-1.0,50
,4,-1.0,50
Principles,5,96.849472,50
and,5,96.849472,32
Practice,5,96.904221,38
of,5,96.994316,30
,2,-1.0,183
,3,-1.0,183
,4,-1.0,60
Wrist,5,96.500755,47
Surgery,5,96.070297,60
,4,-1.0,87
eC,5,22.986862,87
