text,level,conf,height
,1,-1.0,884
,2,-1.0,20
,3,-1.0,20
,4,-1.0,20
Shan,5,93.306252,20
R.,5,90.391426,19
Baker,5,96.910263,20
,2,-1.0,269
,3,-1.0,269
,4,-1.0,96
Principles,5,96.166359,95
of,5,96.166359,77
,4,-1.0,103
Nasal,5,96.830528,103
,4,-1.0,108
Reconstruction,5,96.831276,108
,2,-1.0,72
,3,-1.0,72
,4,-1.0,3
‘,5,16.570038,3
,4,-1.0,18
<_,5,0.0,18
,4,-1.0,11
-],5,0.0,11
,2,-1.0,372
,3,-1.0,372
,4,-1.0,372
  ,5,95.0,372
 ,5,95.0,210
