text,level,conf,height
,1,-1.0,783
,2,-1.0,38
,3,-1.0,38
,4,-1.0,38
Principles,5,95.950066,38
of,5,96.950287,36
,2,-1.0,73
,3,-1.0,73
,4,-1.0,73
GENETICS,5,96.54438,73
,2,-1.0,12
,3,-1.0,12
,4,-1.0,12
SIXTH,5,95.961334,12
EDITION,5,95.711395,12
,2,-1.0,295
,3,-1.0,295
,4,-1.0,295
 ,5,95.0,295
,2,-1.0,24
,3,-1.0,24
,4,-1.0,24
SNUSTAD,5,92.677254,24
©,5,59.671951,10
SIMMONS,5,95.988922,24
