text,level,conf,height
,1,-1.0,782
,2,-1.0,31
,3,-1.0,31
,4,-1.0,12
 ,5,95.0,12
,4,-1.0,19
  ,5,95.0,19
,2,-1.0,6
,3,-1.0,6
,4,-1.0,6
 ,5,95.0,6
,2,-1.0,16
,3,-1.0,16
,4,-1.0,16
Principles,5,96.919022,16
and,5,96.630661,12
Practice,5,96.924652,12
of,5,95.321671,12
,2,-1.0,23
,3,-1.0,23
,4,-1.0,23
Geriatric,5,96.679268,16
Psychiatry,5,97.005371,23
