text,level,conf,height
,1,-1.0,667
,2,-1.0,114
,3,-1.0,114
,4,-1.0,65
Principles,5,42.951622,43
of,5,96.507477,34
Oral,5,96.409264,56
and,5,96.409264,35
,4,-1.0,44
Maxillofacial,5,95.610329,37
Surgery,5,96.974907,42
,2,-1.0,66
,3,-1.0,62
,4,-1.0,24
FIFTH,5,36.337685,13
EDITION,5,95.927139,13
>,5,38.28064,23
,4,-1.0,51
Edited,5,94.986664,15
by,5,93.297264,18
U,5,83.866135,13
J,5,83.866135,13
Moore,5,93.079948,13
f=,5,70.160507,51
,2,-1.0,453
,3,-1.0,453
,4,-1.0,453
 ,5,95.0,453
