text,level,conf,height
,1,-1.0,540
,2,-1.0,137
,3,-1.0,137
,4,-1.0,42
Problems,5,96.713211,42
,4,-1.0,42
with,5,96.598625,42
,4,-1.0,39
Patients,5,96.221504,39
,2,-1.0,16
,3,-1.0,16
,4,-1.0,16
‘Managing,5,73.399155,15
Complicated,5,96.79232,16
Transactions,5,96.335098,12
,2,-1.0,66
,3,-1.0,66
,4,-1.0,66
Oro,5,63.100636,66
,2,-1.0,316
,3,-1.0,316
,4,-1.0,316
 ,5,95.0,316
,2,-1.0,46
,3,-1.0,46
,4,-1.0,24
Kingsley,5,96.779823,24
Norton,5,96.450867,18
,4,-1.0,18
Smit,5,39.590984,18
