text,level,conf,height
,1,-1.0,840
,2,-1.0,20
,3,-1.0,20
,4,-1.0,20
Microblology,5,34.896576,20
Monographs,5,24.704475,20
,2,-1.0,30
,3,-1.0,30
,4,-1.0,30
Min-Tze,5,69.114914,23
Liong,5,91.436958,30
Editor,5,10.692932,24
