text,level,conf,height
,1,-1.0,681
,2,-1.0,248
,3,-1.0,248
,4,-1.0,248
 ,5,95.0,248
,2,-1.0,115
,3,-1.0,115
,4,-1.0,59
Problem,5,96.079842,51
Solving,5,96.552734,38
in,5,96.551529,29
,4,-1.0,52
Haematology,5,96.229347,52
,2,-1.0,10
,3,-1.0,10
,4,-1.0,10
GRAEME,5,91.338539,10
SMITH,5,96.453232,10
,2,-1.0,681
,3,-1.0,681
,4,-1.0,681
 ,5,95.0,681
,2,-1.0,11
,3,-1.0,11
,4,-1.0,11
CLINICAL,5,95.489517,10
PUBLISHING,5,96.284447,11
