text,level,conf,height
,1,-1.0,648
,2,-1.0,109
,3,-1.0,109
,4,-1.0,32
Probiotics,5,96.785477,32
in,5,96.939728,21
,4,-1.0,43
Food,5,96.890427,32
Safety,5,95.020592,43
and,5,96.865715,22
,4,-1.0,32
Human,5,96.711555,31
Health,5,96.494324,32
