text,level,conf,height
,1,-1.0,300
,2,-1.0,300
,3,-1.0,300
,4,-1.0,300
 ,5,95.0,300
,2,-1.0,8
,3,-1.0,8
,4,-1.0,8
Png,5,50.593483,8
tas,5,40.785912,25
oes,5,38.924923,8
2,5,31.594147,6
,2,-1.0,10
,3,-1.0,10
,4,-1.0,10
Hein,5,77.397652,28
Meo,5,7.228943,28
,2,-1.0,59
,3,-1.0,59
,4,-1.0,44
|,5,74.424362,42
Progress,5,94.073914,33
in,5,94.177834,29
,4,-1.0,24
Parasitology,5,96.856621,24
