text,level,conf,height
,1,-1.0,648
,2,-1.0,67
,3,-1.0,67
,4,-1.0,15
NUCLEIC,5,96.23423,15
ACID,5,96.327278,15
RESEARCH,5,96.322868,15
,4,-1.0,16
AND,5,94.766068,15
MOLECULAR,5,94.766068,16
,4,-1.0,16
BIOLOGY,5,96.286842,16
,2,-1.0,17
,3,-1.0,17
,4,-1.0,17
Kivie,5,92.415939,17
Moldave,5,92.92495,17
