text,level,conf,height
,1,-1.0,595
,2,-1.0,70
,3,-1.0,70
,4,-1.0,70
 ,5,95.0,70
,2,-1.0,15
,3,-1.0,15
,4,-1.0,15
Volume,5,96.354301,15
44,5,96.167587,13
,2,-1.0,12
,3,-1.0,12
,4,-1.0,12
Edited,5,90.037659,10
by,5,96.101517,12
,2,-1.0,10
,3,-1.0,10
,4,-1.0,10
F.D.,5,71.443977,10
KING,5,90.801323,10
and,5,90.801323,10
G.,5,88.054382,10
"LAWTON,",5,77.295296,10
