text,level,conf,height
,1,-1.0,1075
,2,-1.0,78
,3,-1.0,77
,4,-1.0,40
John,5,96.992142,34
Beynon,5,96.455971,39
,4,-1.0,35
Nicholas,5,92.844055,34
D.,5,92.844055,33
Carr,5,94.476799,33
Editors,5,81.468628,34
,2,-1.0,300
,3,-1.0,300
,4,-1.0,300
 ,5,95.0,300
,2,-1.0,52
,3,-1.0,52
,4,-1.0,52
g,5,55.536098,46
Springer,5,96.631546,46
