text,level,conf,height
,1,-1.0,648
,2,-1.0,67
,3,-1.0,67
,4,-1.0,15
NUCLEIC,5,96.661568,15
ACID,5,96.662643,15
RESEARCH,5,96.628983,15
,4,-1.0,16
AND,5,94.851677,15
MOLECULAR,5,94.851677,16
,4,-1.0,16
BIOLOGY,5,96.506378,16
,2,-1.0,17
,3,-1.0,17
,4,-1.0,17
Kivie,5,91.707283,17
Moldave,5,92.756516,17
