text,level,conf,height
,1,-1.0,680
,2,-1.0,136
,3,-1.0,136
,4,-1.0,70
PROMISING,5,96.596588,70
,4,-1.0,50
PHARMACEUTICALS,5,96.270973,50
,2,-1.0,428
,3,-1.0,428
,4,-1.0,428
 ,5,95.0,428
