text,level,conf,height
,1,-1.0,364
,2,-1.0,11
,3,-1.0,11
,4,-1.0,11
‘Contemporary,5,74.685509,10
issues,5,46.288074,9
in,5,46.288074,9
Cancer,5,94.048683,28
"imaging,",5,79.048798,28
,2,-1.0,50
,3,-1.0,50
,4,-1.0,21
Prostate,5,96.858047,21
,4,-1.0,20
Cancer,5,96.743813,20
,2,-1.0,144
,3,-1.0,144
,4,-1.0,144
 ,5,95.0,144
,2,-1.0,7
,3,-1.0,7
,4,-1.0,7
Medicine,5,53.33773,7
