text,level,conf,height
,1,-1.0,520
,2,-1.0,153
,3,-1.0,153
,4,-1.0,35
Prostate,5,96.759277,35
,4,-1.0,44
Specific,5,95.682564,44
,4,-1.0,44
Antigen,5,96.745384,44
,2,-1.0,12
,3,-1.0,12
,4,-1.0,12
 ,5,95.0,12
,2,-1.0,15
,3,-1.0,15
,4,-1.0,15
Michael,5,93.274345,15
K.,5,91.856552,15
Brawer,5,91.856552,15
