text,level,conf,height
,1,-1.0,680
,2,-1.0,4
,3,-1.0,4
,4,-1.0,4
 ,5,95.0,4
,2,-1.0,19
,3,-1.0,19
,4,-1.0,19
PROSTATE,5,96.55088,19
BIOPSY,5,96.732506,19
,2,-1.0,15
,3,-1.0,15
,4,-1.0,15
Edited,5,96.814659,12
by,5,96.952118,15
Nabil,5,93.292938,12
Kaddis,5,92.176926,12
Bissada,5,92.348167,12
,2,-1.0,3
,3,-1.0,3
,4,-1.0,3
 ,5,95.0,3
,2,-1.0,9
,3,-1.0,9
,4,-1.0,9
INTECHWEB.ORG,5,88.685593,9
