text,level,conf,height
,1,-1.0,603
,2,-1.0,73
,3,-1.0,73
,4,-1.0,31
PROSTATE,5,96.272957,31
,4,-1.0,31
CANCER,5,96.397667,31
