text,level,conf,height
,1,-1.0,514
,2,-1.0,113
,3,-1.0,113
,4,-1.0,44
Protein,5,96.708473,44
,4,-1.0,58
Expression,5,96.796364,58
,2,-1.0,13
,3,-1.0,13
,4,-1.0,13
A,5,95.986481,13
PRACTICAL,5,95.233459,13
APPROACH,5,95.891335,13
,2,-1.0,35
,3,-1.0,35
,4,-1.0,15
Edited,5,96.576027,11
by,5,96.933365,15
,4,-1.0,15
S.,5,83.410355,12
J.,5,96.270828,15
HIGGINS,5,96.68119,12
and,5,93.300491,11
B.,5,88.244881,11
D.,5,85.274475,11
HAMES,5,90.650681,11
,2,-1.0,22
,3,-1.0,22
,4,-1.0,11
The,5,86.686501,9
Practical,5,53.331024,9
Approach,5,40.212551,22
Serie,5,71.662643,9
,4,-1.0,8
Series,5,92.589569,8
Editor:,5,46.869984,8
B,5,46.869984,8
,2,-1.0,10
,3,-1.0,10
,4,-1.0,10
hetp:/www.oup.co.uk/PAS,5,0.0,10
