text,level,conf,height
,1,-1.0,680
,2,-1.0,35
,3,-1.0,35
,4,-1.0,15
ron,5,59.94014,6
Pci,5,67.730881,6
Lab,5,52.047707,6
aa,5,49.440659,14
Pete,5,49.019871,31
At,5,47.993996,15
,4,-1.0,8
Capra,5,0.0,8
ino,5,56.462616,28
Wie,5,58.781414,8
etl,5,41.630943,6
Verag,5,46.626663,8
Ct,5,55.2467,6
,4,-1.0,8
sone,5,27.980515,6
352705885,5,45.248562,6
"ander,",5,4.66053,28
35000075,5,26.346512,6
ern),5,25.532013,8
