text,level,conf,height
,1,-1.0,680
,2,-1.0,19
,3,-1.0,19
,4,-1.0,19
PROTEIN,5,96.050453,19
KINASES,5,94.6903,19
,2,-1.0,15
,3,-1.0,15
,4,-1.0,15
Edited,5,96.121101,12
by,5,96.8638,15
Gabriela,5,96.982986,12
Da,5,96.949425,11
Silva,5,96.949425,12
Xavier,5,96.912827,12
,2,-1.0,9
,3,-1.0,9
,4,-1.0,9
INTECHOPEN.COM,5,91.665817,9
