text,level,conf,height
,1,-1.0,215
,2,-1.0,33
,3,-1.0,33
,4,-1.0,33
 ,5,95.0,33
,2,-1.0,36
,3,-1.0,36
,4,-1.0,13
Proteomics,5,96.424637,13
,4,-1.0,17
in,5,93.513344,12
Drug,5,96.880516,15
Research,5,96.690262,13
,2,-1.0,130
,3,-1.0,130
,4,-1.0,130
 ,5,95.0,130
