text,level,conf,height
,1,-1.0,500
,2,-1.0,57
,3,-1.0,57
,4,-1.0,17
Protein-Nucleic,5,90.878273,17
Acid,5,96.628357,16
,4,-1.0,15
Interactions,5,93.596985,15
,4,-1.0,12
Structural,5,55.532272,9
Biology,5,70.031418,12
,2,-1.0,264
,3,-1.0,264
,4,-1.0,264
 ,5,95.0,264
,2,-1.0,16
,3,-1.0,16
,4,-1.0,16
RSCPublishing,5,90.861115,16
,2,-1.0,10
,3,-1.0,10
,4,-1.0,10
 ,5,95.0,10
,2,-1.0,499
,3,-1.0,499
,4,-1.0,499
 ,5,95.0,499
