text,level,conf,height
,1,-1.0,667
,2,-1.0,10
,3,-1.0,10
,4,-1.0,10
‘Springer,5,80.187683,10
Series,5,66.881828,10
in,5,83.226852,28
Biophysies,5,83.515358,10
9,5,84.710983,28
