text,level,conf,height
,1,-1.0,680
,2,-1.0,114
,3,-1.0,114
,4,-1.0,71
PROTEIN,5,80.256866,44
_,5,80.256866,71
,4,-1.0,34
PHOSPHORYLATION,5,96.196404,34
,2,-1.0,103
,3,-1.0,103
,4,-1.0,34
IN,5,96.503532,33
HUMAN,5,96.503532,34
,4,-1.0,43
HEALTH,5,95.687386,43
,2,-1.0,553
,3,-1.0,553
,4,-1.0,91
  ,5,95.0,91
,4,-1.0,462
   ,5,95.0,462
