text,level,conf,height
,1,-1.0,473
,2,-1.0,118
,3,-1.0,118
,4,-1.0,27
Edited,5,88.886124,27
by,5,89.547241,27
@witey-veH,5,0.0,12
,4,-1.0,32
Pseudo-Peptides,5,91.723106,32
,4,-1.0,32
in,5,96.949532,24
Drug,5,96.491318,30
Discovery,5,96.353836,32
,2,-1.0,321
,3,-1.0,321
,4,-1.0,321
 ,5,95.0,321
