text,level,conf,height
,1,-1.0,680
,2,-1.0,19
,3,-1.0,19
,4,-1.0,19
PSORIASIS,5,96.456284,19
,2,-1.0,15
,3,-1.0,15
,4,-1.0,15
Edited,5,91.853477,12
by,5,91.853477,15
Jennifer,5,89.346008,12
Soung,5,93.138359,15
and,5,96.986549,12
Bonnie,5,96.740585,12
Koo,5,96.084869,11
,2,-1.0,9
,3,-1.0,9
,4,-1.0,9
INTECHWEB.ORG,5,88.685593,9
