text,level,conf,height
,1,-1.0,750
,2,-1.0,16
,3,-1.0,16
,4,-1.0,16
VOLUME,5,67.073334,16
1,5,94.313416,28
,2,-1.0,84
,3,-1.0,84
,4,-1.0,84
[Psychoneuroimmunology,5,40.454079,84
,2,-1.0,2
,3,-1.0,2
,4,-1.0,2
 ,5,95.0,2
,2,-1.0,23
,3,-1.0,23
,4,-1.0,23
Fourth,5,96.675362,36
Edition,5,73.028038,36
,2,-1.0,29
,3,-1.0,29
,4,-1.0,29
Edited,5,91.68042,19
by,5,91.68042,38
Robert,5,96.890175,26
Ader,5,96.46106,25
,2,-1.0,728
,3,-1.0,728
,4,-1.0,728
 ,5,95.0,728
