text,level,conf,height
,1,-1.0,792
,2,-1.0,48
,3,-1.0,48
,4,-1.0,48
 ,5,95.0,48
,2,-1.0,105
,3,-1.0,109
,4,-1.0,61
PSYCHOLOGY,5,27.151047,62
of,5,92.650116,41
,4,-1.0,37
CLASSROOM,5,96.32209,37
,2,-1.0,95
,3,-1.0,94
,4,-1.0,37
LEARNING,5,96.304901,37
,4,-1.0,55
An,5,96.310791,48
Encyclopedia,5,96.62944,55
,2,-1.0,588
,3,-1.0,588
,4,-1.0,588
 ,5,95.0,588
