text,level,conf,height
,1,-1.0,282
,2,-1.0,12
,3,-1.0,12
,4,-1.0,12
Springer,5,94.997887,12
Protocols,5,64.501244,9
,2,-1.0,61
,3,-1.0,61
,4,-1.0,34
Psychiatric,5,95.086235,34
,4,-1.0,27
Disorders,5,96.822121,27
,2,-1.0,10
,3,-1.0,10
,4,-1.0,10
‘Methods,5,57.905266,10
and,5,57.905266,10
Protocols,5,57.971138,10
,2,-1.0,13
,3,-1.0,13
,4,-1.0,13
 ,5,95.0,13
