text,level,conf,height
,1,-1.0,255
,2,-1.0,12
,3,-1.0,12
,4,-1.0,12
PSYCHIATRY,5,95.841782,12
,2,-1.0,26
,3,-1.0,26
,4,-1.0,14
ilously,5,56.146427,14
,4,-1.0,11
imple,5,62.454826,11
,2,-1.0,151
,3,-1.0,151
,4,-1.0,151
   ,5,95.0,151
,2,-1.0,21
,3,-1.0,21
,4,-1.0,9
William,5,88.417175,8
V.,5,33.537216,8
"Good,",5,88.262115,9
M.,5,87.723465,8
,4,-1.0,9
Jefferson,5,70.074959,9
E.,5,68.059128,8
"Nelson,",5,58.839413,8
NLD.,5,73.874832,8
,2,-1.0,3
,3,-1.0,3
,4,-1.0,3
 ,5,95.0,3
