text,level,conf,height
,1,-1.0,841
,2,-1.0,116
,3,-1.0,116
,4,-1.0,49
PsYCHIATRIC-MENTAL,5,69.109451,49
,4,-1.0,49
HEALTH,5,96.352463,48
NURSING,5,49.63839,49
,2,-1.0,47
,3,-1.0,47
,4,-1.0,47
Fifth,5,60.031288,47
AUPE,5,0.0,28
EE,5,0.0,9
,2,-1.0,423
,3,-1.0,423
,4,-1.0,423
 ,5,95.0,423
,2,-1.0,27
,3,-1.0,27
,4,-1.0,27
"thePoint,.",5,37.352024,27
