text,level,conf,height
,1,-1.0,792
,2,-1.0,109
,3,-1.0,109
,4,-1.0,34
PSYCHOLOGISTS,5,96.838516,34
,4,-1.0,34
&,5,93.301201,34
THEIR,5,96.369278,33
,4,-1.0,34
THEORIES,5,96.780685,34
