text,level,conf,height
,1,-1.0,801
,2,-1.0,76
,3,-1.0,76
,4,-1.0,76
PSYCHOLULY,5,24.043396,76
,2,-1.0,65
,3,-1.0,65
,4,-1.0,15
SCHACTER,5,90.833862,15
,4,-1.0,14
GILBERT,5,96.834488,14
,4,-1.0,14
WEGNER,5,96.816689,14
,2,-1.0,470
,3,-1.0,470
,4,-1.0,470
 ,5,95.0,470
,2,-1.0,11
,3,-1.0,11
,4,-1.0,11
SECOND,5,96.808479,11
EDITION,5,96.393646,11
