text,level,conf,height
,1,-1.0,305
,2,-1.0,7
,3,-1.0,7
,4,-1.0,7
anieren,5,20.252731,7
versioy,5,5.999283,7
,2,-1.0,10
,3,-1.0,10
,4,-1.0,10
themes,5,93.299782,10
&,5,93.172455,9
variations,5,96.493118,8
,2,-1.0,145
,3,-1.0,145
,4,-1.0,145
 ,5,95.0,145
