text,level,conf,height
,1,-1.0,498
,2,-1.0,291
,3,-1.0,291
,4,-1.0,291
g,5,14.297546,168
|,5,77.399925,7
,4,-1.0,39
J,5,38.581039,39
