text,level,conf,height
,1,-1.0,500
,2,-1.0,47
,3,-1.0,47
,4,-1.0,47
Recorded3Books,5,10.530716,47
,2,-1.0,21
,3,-1.0,21
,4,-1.0,21
WINNER,5,66.017776,21
OF,5,96.784294,12
THE,5,96.676025,11
,2,-1.0,414
,3,-1.0,414
,4,-1.0,414
 ,5,95.0,414
