text,level,conf,height
,1,-1.0,603
,2,-1.0,501
,3,-1.0,501
,4,-1.0,501
 ,5,95.0,501
,2,-1.0,11
,3,-1.0,11
,4,-1.0,11
 ,5,95.0,11
,2,-1.0,104
,3,-1.0,104
,4,-1.0,33
Xi,5,0.0,33
,4,-1.0,91
Prroert,5,6.21846,91
Zelazny,5,96.206604,39
and,5,66.243881,39
Neil,5,36.017212,39
|,5,36.017212,39
Ren,5,55.572975,59
nda),5,49.444714,62
,4,-1.0,32
FULLY,5,63.53075,23
ILLUSTRATED!,5,86.872696,23
a,5,16.515381,15
,2,-1.0,73
,3,-1.0,73
,4,-1.0,73
 ,5,95.0,73
