text,level,conf,height
,1,-1.0,600
,2,-1.0,571
,3,-1.0,571
,4,-1.0,571
 ,5,95.0,571
,2,-1.0,33
,3,-1.0,33
,4,-1.0,33
For,5,96.462891,24
A,5,73.740807,25
Breath@,5,73.740807,26
Tarry,5,90.496437,32
,2,-1.0,45
,3,-1.0,45
,4,-1.0,21
by,5,96.589035,21
,4,-1.0,21
Roger,5,96.090477,21
Zelazny,5,96.040634,20
,2,-1.0,2
,3,-1.0,2
,4,-1.0,2
 ,5,95.0,2
