text,level,conf,height
,1,-1.0,1668
,2,-1.0,61
,3,-1.0,61
,4,-1.0,61
SELF-TRACKING,5,91.814819,61
,2,-1.0,33
,3,-1.0,33
,4,-1.0,33
GINA,5,96.348839,33
NEFF,5,96.312492,33
AND,5,95.46756,33
DAWN,5,93.19677,33
NAFUS,5,92.830688,33
,2,-1.0,490
,3,-1.0,490
,4,-1.0,490
 ,5,95.0,490
,2,-1.0,19
,3,-1.0,19
,4,-1.0,19
THE,5,96.713951,19
MIT,5,96.070801,19
PRESS,5,96.100914,19
ESSENTIAL,5,96.001762,19
KNOWLEDGE,5,96.374794,19
SERIES,5,96.37944,19
