text,level,conf,height
,1,-1.0,750
,2,-1.0,97
,3,-1.0,110
,4,-1.0,97
HONOUR,5,95.689606,97
,2,-1.0,496
,3,-1.0,496
,4,-1.0,496
   ,5,95.0,496
,2,-1.0,22
,3,-1.0,22
,4,-1.0,22
—,5,33.824966,22
