text,level,conf,height
,1,-1.0,750
,2,-1.0,425
,3,-1.0,425
,4,-1.0,425
 ,5,95.0,425
,2,-1.0,217
,3,-1.0,219
,4,-1.0,132
BERNARD,5,42.956352,134
,4,-1.0,76
CORNWELL,5,96.711189,76
