text,level,conf,height
,1,-1.0,498
,2,-1.0,66
,3,-1.0,66
,4,-1.0,16
Would,5,6.093903,16
She,5,77.618103,11
,4,-1.0,13
lear,5,36.454639,13
the,5,95.263885,11
,4,-1.0,11
‘Dead,5,69.725975,11
Man's,5,82.726387,10
,4,-1.0,11
SECRET?,5,64.406296,11
,2,-1.0,498
,3,-1.0,498
,4,-1.0,498
 ,5,95.0,498
