text,level,conf,height
,1,-1.0,475
,2,-1.0,312
,3,-1.0,312
,4,-1.0,312
 ,5,95.0,312
,2,-1.0,31
,3,-1.0,31
,4,-1.0,31
NEEDFUL,5,96.920975,31
THINGS,5,96.615433,30
