text,level,conf,height
,1,-1.0,604
,2,-1.0,69
,3,-1.0,69
,4,-1.0,69
5,5,59.724625,69
bEPHEN,5,0.0,69
,2,-1.0,112
,3,-1.0,112
,4,-1.0,112
ead,5,61.473484,166
NG,5,95.011742,112
,2,-1.0,39
,3,-1.0,39
,4,-1.0,39
From,5,74.800232,39
,2,-1.0,161
,3,-1.0,161
,4,-1.0,161
‘,5,49.967327,159
.,5,0.0,3
Hie,5,14.852951,127
,2,-1.0,10
,3,-1.0,10
,4,-1.0,10
Novel,5,89.371925,10
,2,-1.0,294
,3,-1.0,294
,4,-1.0,294
  ,5,95.0,294
