text,level,conf,height
,1,-1.0,453
,2,-1.0,453
,3,-1.0,453
,4,-1.0,194
  ,5,95.0,194
,4,-1.0,259
 ,5,95.0,259
,2,-1.0,51
,3,-1.0,51
,4,-1.0,21
Tue,5,90.736732,21
Winpv,5,0.357498,20
Toroucn,5,0.0,21
,4,-1.0,19
THE,5,96.966995,13
KEYHOLE,5,96.269981,19
,2,-1.0,23
,3,-1.0,23
,4,-1.0,23
A,5,95.695374,23
Dark,5,95.695374,16
Tower,5,96.950684,16
Novel,5,83.358887,16
,2,-1.0,452
,3,-1.0,452
,4,-1.0,452
 ,5,95.0,452
