text,level,conf,height
,1,-1.0,475
,2,-1.0,26
,3,-1.0,26
,4,-1.0,26
STEPHEN,5,96.246223,26
,2,-1.0,76
,3,-1.0,76
,4,-1.0,76
KI],5,13.297302,76
,2,-1.0,23
,3,-1.0,23
,4,-1.0,23
THE,5,88.045914,23
GUNSLINGER,5,90.010811,21
,2,-1.0,10
,3,-1.0,10
,4,-1.0,10
THE,5,96.619606,10
DARK,5,95.446609,10
TOWER,5,95.446609,10
|,5,70.289383,28
,2,-1.0,475
,3,-1.0,475
,4,-1.0,475
 ,5,95.0,475
