text,level,conf,height
,1,-1.0,497
,2,-1.0,17
,3,-1.0,17
,4,-1.0,17
1,5,4.81517,17
BESTSELLER,5,4.81517,15
,2,-1.0,132
,3,-1.0,132
,4,-1.0,132
RING,5,84.099922,166
,2,-1.0,325
,3,-1.0,325
,4,-1.0,325
 ,5,95.0,325
