text,level,conf,height
,1,-1.0,475
,2,-1.0,1
,3,-1.0,1
,4,-1.0,1
 ,5,95.0,1
,2,-1.0,10
,3,-1.0,10
,4,-1.0,10
WL,5,41.349632,10
NEW,5,50.193024,10
YORK,5,87.600037,10
TIMES,5,89.56189,10
BESTSELLER,5,95.056709,10
,2,-1.0,88
,3,-1.0,88
,4,-1.0,88
STEPHEN,5,96.505371,88
,2,-1.0,394
,3,-1.0,394
,4,-1.0,394
 ,5,95.0,394
,2,-1.0,444
,3,-1.0,444
,4,-1.0,444
 ,5,95.0,444
,2,-1.0,391
,3,-1.0,391
,4,-1.0,391
 ,5,95.0,391
