text,level,conf,height
,1,-1.0,418
,2,-1.0,15
,3,-1.0,15
,4,-1.0,15
NCE,5,96.889328,15
,2,-1.0,40
,3,-1.0,40
,4,-1.0,40
 ,5,95.0,40
,2,-1.0,8
,3,-1.0,8
,4,-1.0,8
JERHART,5,14.188751,8
