text,level,conf,height
,1,-1.0,693
,2,-1.0,135
,3,-1.0,135
,4,-1.0,47
tne,5,70.951233,22
Delphi,5,94.579681,47
Technique,5,94.702087,46
,4,-1.0,47
in,5,92.856506,22
Nursing,5,95.953735,47
ana,5,72.759972,22
,4,-1.0,37
Health,5,96.290092,37
Research,5,95.671822,37
,2,-1.0,491
,3,-1.0,491
,4,-1.0,491
   ,5,95.0,491
