text,level,conf,height
,1,-1.0,512
,2,-1.0,79
,3,-1.0,79
,4,-1.0,36
CHRONICLES,5,43.125401,36
THE,5,96.112999,20
"LION,",5,90.346245,20
tHe,5,50.628845,10
,4,-1.0,36
NARNIA.,5,88.410408,28
V,5,45.07106,3
ITCH,5,75.937538,36
AND,5,94.943459,10
THE,5,96.852234,10
,4,-1.0,20
stews,5,32.260094,9
YROBE,5,44.989273,20
,2,-1.0,512
,3,-1.0,512
,4,-1.0,512
 ,5,95.0,512
