text,level,conf,height
,1,-1.0,755
,2,-1.0,104
,3,-1.0,104
,4,-1.0,51
The,5,96.697197,47
GALE,5,96.97554,51
,4,-1.0,37
ENCYCLOPEDIA,5,96.171516,37
,2,-1.0,70
,3,-1.0,70
,4,-1.0,70
of,5,96.576591,64
Medicine,5,96.602585,56
,2,-1.0,13
,3,-1.0,13
,4,-1.0,13
FOURTH,5,96.589272,13
EDITION,5,96.376282,13
,2,-1.0,495
,3,-1.0,495
,4,-1.0,495
 ,5,95.0,495
,2,-1.0,1
,3,-1.0,1
,4,-1.0,1
 ,5,95.0,1
