text,level,conf,height
,1,-1.0,504
,2,-1.0,19
,3,-1.0,19
,4,-1.0,7
COGNITIVE,5,91.415146,7
,4,-1.0,7
PROCESSING,5,96.379105,7
,2,-1.0,22
,3,-1.0,22
,4,-1.0,22
The,5,96.983925,22
Structure,5,96.407936,20
of,5,96.567833,22
Time,5,96.567833,20
,2,-1.0,264
,3,-1.0,264
,4,-1.0,264
 ,5,95.0,264
,2,-1.0,15
,3,-1.0,15
,4,-1.0,15
Vyvyan,5,52.795944,15
Evans,5,92.638596,11
,2,-1.0,9
,3,-1.0,9
,4,-1.0,9
JOHN,5,93.182899,9
BENJAMINS,5,93.030319,9
PUBLISHING,5,96.964035,7
COMPANY,5,96.73851,7
