text,level,conf,height
,1,-1.0,793
,2,-1.0,100
,3,-1.0,100
,4,-1.0,43
The,5,95.678986,38
GALE,5,96.479065,41
,4,-1.0,50
ENCYCLOPEDIA,5,96.318962,30
of,5,96.38987,50
,2,-1.0,104
,3,-1.0,104
,4,-1.0,48
CHILDREN’S,5,89.415398,48
,4,-1.0,46
HEALTH,5,95.219276,46
,2,-1.0,10
,3,-1.0,10
,4,-1.0,10
INFANCY,5,94.837761,10
THROUGH,5,94.612144,10
ADOLESCENCE,5,94.612144,10
,2,-1.0,7
,3,-1.0,7
,4,-1.0,7
VOLUME,5,70.38768,7
,2,-1.0,2
,3,-1.0,2
,4,-1.0,2
 ,5,95.0,2
