text,level,conf,height
,1,-1.0,488
,2,-1.0,17
,3,-1.0,17
,4,-1.0,17
THe,5,63.240372,17
HANDBOOK,5,89.175758,17
OF,5,91.774467,13
,2,-1.0,74
,3,-1.0,74
,4,-1.0,39
Eating,5,96.994263,39
,4,-1.0,30
Disorders,5,96.639244,30
,2,-1.0,14
,3,-1.0,14
,4,-1.0,14
Second,5,96.270439,14
Edition,5,96.98333,14
,2,-1.0,223
,3,-1.0,223
,4,-1.0,223
 ,5,95.0,223
