text,level,conf,height
,1,-1.0,364
,2,-1.0,65
,3,-1.0,65
,4,-1.0,65
“The,5,49.963867,38
©,5,41.513363,5
Sperm,5,95.832138,58
Cell,5,95.79509,40
,2,-1.0,182
,3,-1.0,182
,4,-1.0,182
 ,5,95.0,182
,2,-1.0,11
,3,-1.0,11
,4,-1.0,11
wuvsucambridge.org/9780521853972,5,1.303558,11
