text,level,conf,height
,1,-1.0,782
,2,-1.0,57
,3,-1.0,57
,4,-1.0,29
The,5,96.862877,23
Gastrointestinal,5,96.899445,24
System,5,96.712173,29
,4,-1.0,24
ata,5,90.672546,22
Glance,5,90.672546,24
,2,-1.0,112
,3,-1.0,112
,4,-1.0,112
 ,5,95.0,112
,2,-1.0,32
,3,-1.0,32
,4,-1.0,13
Blackwell,5,96.491821,13
,4,-1.0,12
Science,5,95.69693,12
