text,level,conf,height
,1,-1.0,476
,2,-1.0,1
,3,-1.0,1
,4,-1.0,1
 ,5,95.0,1
,2,-1.0,476
,3,-1.0,476
,4,-1.0,476
 ,5,95.0,476
,2,-1.0,98
,3,-1.0,98
,4,-1.0,17
The,5,96.851997,16
Heart,5,96.065674,17
,4,-1.0,23
in,5,96.998604,10
Systemic,5,95.047112,23
,4,-1.0,16
Autoimmune,5,96.361191,16
,4,-1.0,17
Diseases,5,96.541565,17
,2,-1.0,166
,3,-1.0,166
,4,-1.0,166
 ,5,95.0,166
,2,-1.0,476
,3,-1.0,476
,4,-1.0,476
 ,5,95.0,476
