text,level,conf,height
,1,-1.0,490
,2,-1.0,35
,3,-1.0,35
,4,-1.0,13
obert,5,93.187332,11
Rosenthal,5,95.097214,13
,4,-1.0,13
laus,5,84.013329,9
R.,5,90.672729,11
Scherer,5,96.879135,13
,2,-1.0,490
,3,-1.0,490
,4,-1.0,490
 ,5,95.0,490
,2,-1.0,445
,3,-1.0,445
,4,-1.0,445
 ,5,95.0,445
