text,level,conf,height
,1,-1.0,516
,2,-1.0,400
,3,-1.0,400
,4,-1.0,400
   ,5,95.0,400
,2,-1.0,93
,3,-1.0,93
,4,-1.0,32
IN,5,96.229248,32
PRACTICE,5,95.758095,32
,4,-1.0,32
John,5,92.904037,27
R.,5,90.95504,23
Hampton,5,96.868111,30
