text,level,conf,height
,1,-1.0,792
,2,-1.0,1
,3,-1.0,1
,4,-1.0,1
 ,5,95.0,1
,2,-1.0,23
,3,-1.0,23
,4,-1.0,23
The,5,96.271072,23
Cancer,5,96.239204,23
Handbook,5,96.843346,23
,2,-1.0,524
,3,-1.0,524
,4,-1.0,524
 ,5,95.0,524
,2,-1.0,31
,3,-1.0,31
,4,-1.0,9
2003.3.18,5,55.403938,9
,4,-1.0,12
huangzhiman,5,83.873466,12
,2,-1.0,12
,3,-1.0,12
,4,-1.0,12
For,5,93.173515,9
www.dnathink.org,5,65.543198,12
