text,level,conf,height
,1,-1.0,765
,2,-1.0,3
,3,-1.0,3
,4,-1.0,3
 ,5,95.0,3
,2,-1.0,10
,3,-1.0,10
,4,-1.0,10
Schauer,5,82.773834,7
-,5,75.29039,28
Becker»,5,59.980087,7
Rese,5,59.980087,7
-,5,41.343399,28
Posinger:,5,41.343399,10
The,5,58.05159,7
Sentinel,5,58.05159,7
Lymph,5,41.496525,9
Node,5,95.03334,28
Concept,5,87.734337,9
