text,level,conf,height
,1,-1.0,361
,2,-1.0,254
,3,-1.0,254
,4,-1.0,254
 ,5,95.0,254
,2,-1.0,79
,3,-1.0,79
,4,-1.0,19
The,5,96.209915,14
Oxford,5,96.955803,14
Handbook,5,91.712593,14
of,5,96.989166,17
,4,-1.0,23
EATING,5,96.272614,23
,4,-1.0,23
DISORDERS,5,96.360382,23
