text,level,conf,height
,1,-1.0,336
,2,-1.0,1
,3,-1.0,1
,4,-1.0,1
 ,5,95.0,1
,2,-1.0,83
,3,-1.0,83
,4,-1.0,13
The,5,96.774849,13
,4,-1.0,32
Therapist’s,5,86.642792,32
,4,-1.0,26
Workbook,5,96.928162,41
,2,-1.0,137
,3,-1.0,137
,4,-1.0,137
 ,5,95.0,137
,2,-1.0,137
,3,-1.0,137
,4,-1.0,137
 ,5,95.0,137
,2,-1.0,2
,3,-1.0,2
,4,-1.0,2
 ,5,95.0,2
,2,-1.0,11
,3,-1.0,11
,4,-1.0,11
JEFFREY,5,96.70961,11
A.,5,89.620514,10
KOTTLER,5,89.793488,10
,2,-1.0,336
,3,-1.0,336
,4,-1.0,336
 ,5,95.0,336
