text,level,conf,height
,1,-1.0,500
,2,-1.0,375
,3,-1.0,375
,4,-1.0,375
 ,5,95.0,375
,2,-1.0,129
,3,-1.0,129
,4,-1.0,39
_,5,0.013641,60
,4,-1.0,67
ROGER,5,87.225372,67
ZELAZNY,5,78.280807,66
