text,level,conf,height
,1,-1.0,669
,2,-1.0,233
,3,-1.0,233
,4,-1.0,48
THE,5,92.652802,47
HAITR-,5,48.400375,47
,4,-1.0,52
PULLING,5,95.880699,52
,4,-1.0,49
PROBLEM,5,96.345947,49
,2,-1.0,19
,3,-1.0,19
,4,-1.0,19
A,5,77.139328,18
CoMPLETE,5,87.206032,18
GUIDE,5,93.228127,18
T,5,26.252029,3
,2,-1.0,32
,3,-1.0,32
,4,-1.0,32
TRICHOTILLOMANIA,5,42.869675,32
,2,-1.0,307
,3,-1.0,307
,4,-1.0,307
 ,5,95.0,307
