text,level,conf,height
,1,-1.0,440
,2,-1.0,284
,3,-1.0,284
,4,-1.0,284
   ,5,95.0,284
,2,-1.0,117
,3,-1.0,117
,4,-1.0,30
THe,5,85.95388,30
Desk,5,96.372452,30
,4,-1.0,30
ENCYCLOPEDIA,5,95.906403,30
OF,5,95.929497,21
,4,-1.0,45
MicroBioLocy,5,50.540844,45
,2,-1.0,34
,3,-1.0,34
,4,-1.0,34
a,5,24.152008,10
@,5,90.924141,34
