text,level,conf,height
,1,-1.0,500
,2,-1.0,136
,3,-1.0,136
,4,-1.0,136
 ,5,95.0,136
,2,-1.0,336
,3,-1.0,336
,4,-1.0,336
 ,5,95.0,336
,2,-1.0,29
,3,-1.0,29
,4,-1.0,8
THE,5,94.618271,8
NEBULA,5,62.98959,8
,4,-1.0,8
AWARD-WINNING,5,78.600143,8
,4,-1.0,7
NOVEL,5,78.013489,7
