text,level,conf,height
,1,-1.0,500
,2,-1.0,51
,3,-1.0,51
,4,-1.0,51
Reconie,5,0.0,26
dB,5,8.001862,51
Oks,5,13.478012,26
,2,-1.0,300
,3,-1.0,300
,4,-1.0,300
 ,5,95.0,300
,2,-1.0,23
,3,-1.0,23
,4,-1.0,23
URSULA,5,90.377594,22
K.,5,34.294296,23
LE,5,86.794983,16
GUIN,5,86.794983,17
