text,level,conf,height
,1,-1.0,648
,2,-1.0,250
,3,-1.0,250
,4,-1.0,250
OUNN,5,0.0,39
[esOIAEYeg,5,0.0,66
Jo,5,86.050201,13
SHOOpUEH,5,34.886925,72
|12My>,5,0.0,39
,2,-1.0,388
,3,-1.0,388
,4,-1.0,388
  ,5,95.0,388
,2,-1.0,24
,3,-1.0,24
,4,-1.0,24
The,5,96.470169,24
Handbook,5,96.435684,24
of,5,96.985863,24
,2,-1.0,17
,3,-1.0,17
,4,-1.0,17
@WILEY-BLACK,5,36.20887,17
WELL,5,36.20887,31
