text,level,conf,height
,1,-1.0,500
,2,-1.0,119
,3,-1.0,119
,4,-1.0,119
aneupey,5,0.0,87
El,5,58.967453,26
,2,-1.0,172
,3,-1.0,172
,4,-1.0,172
 ,5,95.0,172
,2,-1.0,41
,3,-1.0,41
,4,-1.0,41
VANTIN,5,49.862671,41
WF,5,35.67588,41
,2,-1.0,57
,3,-1.0,57
,4,-1.0,24
THE,5,96.819527,24
PLAYER,5,96.614182,24
,4,-1.0,26
OF,5,95.740196,26
GAMES,5,96.765717,26
,2,-1.0,500
,3,-1.0,500
,4,-1.0,500
 ,5,95.0,500
