text,level,conf,height
,1,-1.0,360
,2,-1.0,263
,3,-1.0,263
,4,-1.0,263
FACTS,5,96.439133,30
ON,5,92.98674,16
FILE,5,96.803558,19
LIBRARY,5,96.803558,44
OF,5,96.587059,13
HEALTH,5,96.692749,41
AND,5,94.980957,24
LIVING.,5,78.172165,37
,2,-1.0,360
,3,-1.0,360
,4,-1.0,360
 ,5,95.0,360
,2,-1.0,12
,3,-1.0,12
,4,-1.0,12
THe,5,79.570847,12
ENCYCLOPEDIA,5,95.350418,12
OF,5,96.502327,9
,2,-1.0,312
,3,-1.0,312
,4,-1.0,312
 ,5,95.0,312
