text,level,conf,height
,1,-1.0,500
,2,-1.0,67
,3,-1.0,67
,4,-1.0,25
The,5,96.710983,24
Vestibular,5,96.643677,25
,4,-1.0,31
System,5,93.593803,31
(ZR,5,64.085236,9
,2,-1.0,54
,3,-1.0,54
,4,-1.0,54
 ,5,95.0,54
,2,-1.0,175
,3,-1.0,175
,4,-1.0,175
 ,5,95.0,175
,2,-1.0,500
,3,-1.0,500
,4,-1.0,500
  ,5,95.0,500
,2,-1.0,6
,3,-1.0,6
,4,-1.0,6
 ,5,95.0,6
