text,level,conf,height
,1,-1.0,506
,2,-1.0,36
,3,-1.0,36
,4,-1.0,36
THE,5,94.573982,36
,2,-1.0,105
,3,-1.0,105
,4,-1.0,55
POISON,5,25.021362,55
,4,-1.0,46
PARADOX,5,96.401924,46
,2,-1.0,18
,3,-1.0,18
,4,-1.0,18
JOHN,5,93.236313,18
TIMBRELL,5,84.943077,17
,2,-1.0,15
,3,-1.0,15
,4,-1.0,15
Chemicals,5,96.593964,15
as,5,96.628502,11
Friends,5,96.229614,15
and,5,96.952271,15
Foes,5,87.187309,15
