text,level,conf,height
,1,-1.0,635
,2,-1.0,158
,3,-1.0,158
,4,-1.0,135
ao,5,28.204712,135
ADAMS,5,96.916023,38
,4,-1.0,73
|,5,83.047165,73
ra,5,34.520737,53
ina,5,90.910881,42
,2,-1.0,215
,3,-1.0,191
,4,-1.0,153
HITCH,5,95.738831,153
IKER,5,42.377136,62
,4,-1.0,118
Jeadio.,5,38.884716,66
:,5,28.326912,12
al,5,34.958725,116
,2,-1.0,256
,3,-1.0,256
,4,-1.0,256
 ,5,95.0,256
