text,level,conf,height
,1,-1.0,720
,2,-1.0,9
,3,-1.0,9
,4,-1.0,9
EIGHTH,5,93.368706,9
EDITION,5,96.827591,9
,2,-1.0,665
,3,-1.0,665
,4,-1.0,665
 ,5,95.0,665
