text,level,conf,height
,1,-1.0,1648
,2,-1.0,174
,3,-1.0,174
,4,-1.0,59
THE,5,95.625916,59
INTERNET,5,95.625916,59
,4,-1.0,60
OF,5,96.827644,60
THINGS,5,95.986748,60
,2,-1.0,33
,3,-1.0,33
,4,-1.0,33
SAMUEL,5,93.189056,33
GREENGARD,5,90.981888,33
,2,-1.0,490
,3,-1.0,490
,4,-1.0,490
 ,5,95.0,490
,2,-1.0,20
,3,-1.0,20
,4,-1.0,20
THE,5,96.63784,20
MIT,5,96.432472,20
PRESS,5,96.404243,20
ESSENTIAL,5,95.028221,20
KNOWLEDGE,5,95.850525,20
SERIES,5,95.850525,20
