text,level,conf,height
,1,-1.0,751
,2,-1.0,66
,3,-1.0,66
,4,-1.0,66
JOHN,5,92.416916,66
GRISHAM,5,92.416916,66
,2,-1.0,563
,3,-1.0,563
,4,-1.0,563
 ,5,95.0,563
