text,level,conf,height
,1,-1.0,792
,2,-1.0,28
,3,-1.0,28
,4,-1.0,28
 ,5,95.0,28
,2,-1.0,36
,3,-1.0,36
,4,-1.0,36
|.,5,41.493603,27
Ross,5,41.493603,27
McDougall,5,96.458046,36
,2,-1.0,89
,3,-1.0,89
,4,-1.0,48
Thyroid,5,96.315308,48
Cancer,5,93.718361,37
in,5,93.718361,38
,4,-1.0,38
Clinical,5,96.879364,37
Practice,5,96.99897,37
,2,-1.0,43
,3,-1.0,43
,4,-1.0,43
Q,5,64.726418,42
Springer,5,96.288063,33
,2,-1.0,792
,3,-1.0,792
,4,-1.0,792
 ,5,95.0,792
