text,level,conf,height
,1,-1.0,363
,2,-1.0,32
,3,-1.0,32
,4,-1.0,32
 ,5,95.0,32
,2,-1.0,9
,3,-1.0,9
,4,-1.0,9
mplementing,5,2.316628,9
the,5,89.007507,28
Neurophysiological,5,57.29467,9
Model,5,86.938995,28
,2,-1.0,145
,3,-1.0,145
,4,-1.0,145
 ,5,95.0,145
