text,level,conf,height
,1,-1.0,440
,2,-1.0,11
,3,-1.0,11
,4,-1.0,11
Edited,5,96.517487,10
by,5,96.958496,11
LOUIS,5,92.132607,9
M.,5,84.465492,9
WEISS,5,96.926956,9
AND,5,93.117065,10
KAMI,5,92.54969,9
KIM,5,92.344681,10
,2,-1.0,35
,3,-1.0,35
,4,-1.0,35
Toxoplasma,5,96.604401,35
gondii,5,96.638039,35
,2,-1.0,318
,3,-1.0,318
,4,-1.0,318
 ,5,95.0,318
