text,level,conf,height
,1,-1.0,718
,2,-1.0,1
,3,-1.0,1
,4,-1.0,1
 ,5,95.0,1
,2,-1.0,298
,3,-1.0,61
,4,-1.0,61
TRANSLATION,5,96.070396,61
,3,-1.0,61
,4,-1.0,61
OF,5,96.522484,52
EVIDENCE,5,53.807274,61
,3,-1.0,140
,4,-1.0,61
INTO,5,88.485626,61
NURSING,5,91.96283,61
,4,-1.0,61
AND,5,92.197418,52
HEALTHCARE,5,57.320938,61
