text,level,conf,height
,1,-1.0,860
,2,-1.0,178
,3,-1.0,178
,4,-1.0,67
The,5,96.708618,67
,4,-1.0,86
Trespasser,5,91.90023,86
