text,level,conf,height
,1,-1.0,500
,2,-1.0,419
,3,-1.0,419
,4,-1.0,419
 ,5,95.0,419
,2,-1.0,31
,3,-1.0,31
,4,-1.0,31
USE,5,94.952721,30
OF,5,94.6194,31
WEAPONS,5,96.654327,30
