text,level,conf,height
,1,-1.0,750
,2,-1.0,38
,3,-1.0,38
,4,-1.0,18
‘A,5,46.860962,14
really,5,46.860962,17
excellent,5,91.75045,14
historical-novel’,5,76.766533,15
,4,-1.0,17
ag,5,35.625504,12
Evening,5,96.626099,17
Standard,5,96.495056,14
,2,-1.0,507
,3,-1.0,507
,4,-1.0,507
 ,5,95.0,507
