text,level,conf,height
,1,-1.0,1000
,2,-1.0,37
,3,-1.0,37
,4,-1.0,37
WAVES,5,96.731773,37
,2,-1.0,20
,3,-1.0,20
,4,-1.0,20
FREDRIC,5,91.539467,20
RAICHLEN,5,91.929024,20
,2,-1.0,12
,3,-1.0,12
,4,-1.0,12
THE,5,96.558975,12
MIT,5,96.602127,12
PRESS,5,95.889587,12
ESSENTIAL,5,96.201096,12
KNOWLEDGE,5,96.684273,12
SERIES,5,96.277847,12
