text,level,conf,height
,1,-1.0,860
,2,-1.0,150
,3,-1.0,150
,4,-1.0,64
The,5,95.481491,64
,4,-1.0,65
Well-Beloved,5,90.445656,65
