text,level,conf,height
,1,-1.0,500
,2,-1.0,41
,3,-1.0,41
,4,-1.0,16
t,5,0.0,3
4,5,40.892048,9
,4,-1.0,20
STEVEN,5,93.209579,19
STROGATZ,5,89.722054,15
,2,-1.0,22
,3,-1.0,22
,4,-1.0,22
0,5,34.029053,22
,2,-1.0,362
,3,-1.0,362
,4,-1.0,362
   ,5,95.0,362
,2,-1.0,21
,3,-1.0,21
,4,-1.0,21
é,5,93.071388,21
