text,level,conf,height
,1,-1.0,475
,2,-1.0,11
,3,-1.0,11
,4,-1.0,11
STEPHEN,5,93.184799,11
,2,-1.0,104
,3,-1.0,104
,4,-1.0,104
KINGs,5,10.570541,104
,2,-1.0,341
,3,-1.0,341
,4,-1.0,341
 ,5,95.0,341
