text,level,conf,height
,1,-1.0,2149
,2,-1.0,292
,3,-1.0,292
,4,-1.0,292
 ,5,95.0,292
,2,-1.0,46
,3,-1.0,46
,4,-1.0,46
 ,5,95.0,46
,2,-1.0,613
,3,-1.0,613
,4,-1.0,261
CALL,5,96.929146,260
OF,5,96.62767,261
,4,-1.0,315
CHAOS,5,95.797226,315
,2,-1.0,128
,3,-1.0,128
,4,-1.0,128
THE,5,96.656921,124
LAST,5,96.464813,128
GIFT,5,96.081612,128
,2,-1.0,61
,3,-1.0,61
,4,-1.0,61
by,5,96.598312,61
JOSH,5,96.547409,56
REYNOLDS,5,96.287689,44
,2,-1.0,18
,3,-1.0,18
,4,-1.0,18
 ,5,95.0,18
