text,level,conf,height
,1,-1.0,504
,2,-1.0,19
,3,-1.0,19
,4,-1.0,19
3D,5,96.833878,19
PRINTING,5,95.051498,19
,2,-1.0,10
,3,-1.0,10
,4,-1.0,10
JOHN,5,96.962738,10
JORDAN,5,96.9599,10
,2,-1.0,360
,3,-1.0,360
,4,-1.0,360
 ,5,95.0,360
