text,level,conf,height
,1,-1.0,792
,2,-1.0,89
,3,-1.0,89
,4,-1.0,89
1,5,95.391212,89
,2,-1.0,35
,3,-1.0,35
,4,-1.0,35
Overview,5,95.800354,35
