text,level,conf,height
,1,-1.0,620
,2,-1.0,167
,3,-1.0,167
,4,-1.0,49
MATHEMATICAL,5,96.091354,49
,4,-1.0,49
METHODS,5,92.36422,49
|,5,84.289513,26
,4,-1.0,51
PHYSICISTS,5,91.456596,51
,2,-1.0,310
,3,-1.0,310
,4,-1.0,310
 ,5,95.0,310
