text,level,conf,height
,1,-1.0,648
,2,-1.0,14
,3,-1.0,14
,4,-1.0,14
Quantum,5,96.181198,13
Machine,5,96.181198,11
Learning,5,96.963844,14
