text,level,conf,height
,1,-1.0,792
,2,-1.0,1
,3,-1.0,1
,4,-1.0,1
 ,5,95.0,1
,2,-1.0,78
,3,-1.0,78
,4,-1.0,18
vw,5,43.158272,18
,4,-1.0,18
Brad,5,93.211792,15
Dayley,5,91.774963,18
,2,-1.0,116
,3,-1.0,116
,4,-1.0,58
"Node.js,",5,91.695587,58
MongoDB,5,93.069931,58
,4,-1.0,59
and,5,93.291443,33
AngularJS,5,5.103371,59
,2,-1.0,40
,3,-1.0,40
,4,-1.0,40
Web,5,96.041336,33
Development,5,96.508423,40
,2,-1.0,262
,3,-1.0,262
,4,-1.0,262
 ,5,95.0,262
