text,level,conf,height
,1,-1.0,792
,2,-1.0,119
,3,-1.0,119
,4,-1.0,119
   ,5,95.0,119
,2,-1.0,14
,3,-1.0,14
,4,-1.0,14
estey,5,39.868549,11
Professional,5,95.941475,11
Ruby,5,96.013489,14
Series,5,96.749855,11
,2,-1.0,37
,3,-1.0,37
,4,-1.0,37
THE,5,96.525688,36
RAILS,5,95.573105,37
4,5,95.737801,36
WAY,5,95.737801,36
,2,-1.0,24
,3,-1.0,24
,4,-1.0,24
OBIE,5,96.303535,24
FERNANDEZ,5,96.410416,23
