text,level,conf,height
,1,-1.0,331
,2,-1.0,8
,3,-1.0,8
,4,-1.0,8
 ,5,95.0,8
,2,-1.0,44
,3,-1.0,44
,4,-1.0,44
8,5,0.0,44
Joomla!,5,92.135162,28
,2,-1.0,19
,3,-1.0,19
,4,-1.0,19
(templates),5,85.835823,19
,2,-1.0,15
,3,-1.0,15
,4,-1.0,15
Angle,5,78.738457,9
Ractko,5,63.345608,7
w,5,38.531754,15
