text,level,conf,height
,1,-1.0,728
,2,-1.0,60
,3,-1.0,60
,4,-1.0,60
+--+,5,45.495102,60
,2,-1.0,62
,3,-1.0,62
,4,-1.0,23
From,5,96.883003,22
Control,5,95.711761,23
Structures,5,95.711761,23
,4,-1.0,28
through,5,95.372299,28
Objects,5,96.735832,27
,2,-1.0,22
,3,-1.0,22
,4,-1.0,22
TONY,5,96.591621,22
GADDIS.,5,75.247414,22
