text,level,conf,height
,1,-1.0,325
,2,-1.0,292
,3,-1.0,292
,4,-1.0,292
   ,5,95.0,292
,2,-1.0,77
,3,-1.0,77
,4,-1.0,77
\,5,62.260567,76
CAPERS,5,62.288906,8
JONES,5,74.036057,8
,2,-1.0,10
,3,-1.0,10
,4,-1.0,10
y,5,0.0,10
,2,-1.0,48
,3,-1.0,48
,4,-1.0,14
y,5,22.485977,14
,4,-1.0,26
NS,5,50.636948,26
TECHNICAL,5,95.211273,13
AND,5,92.044151,13
,4,-1.0,13
SOCIAL,5,96.57325,13
HISTORY,5,96.799362,13
OF,5,96.869644,13
