text,level,conf,height
,1,-1.0,573
,2,-1.0,26
,3,-1.0,26
,4,-1.0,26
 ,5,95.0,26
,2,-1.0,48
,3,-1.0,48
,4,-1.0,48
Hacker’s,5,91.119949,34
Delight,5,96.721657,48
,2,-1.0,16
,3,-1.0,16
,4,-1.0,16
SEcOND,5,84.482712,16
EDITION,5,96.222557,16
