text,level,conf,height
,1,-1.0,644
,2,-1.0,95
,3,-1.0,95
,4,-1.0,95
 ,5,95.0,95
,2,-1.0,16
,3,-1.0,16
,4,-1.0,16
Stephen,5,93.274834,15
Prata,5,93.274834,11
Sixth,5,95.208015,12
Edition,5,95.208015,12
,2,-1.0,339
,3,-1.0,339
,4,-1.0,339
 ,5,95.0,339
