text,level,conf,height
,1,-1.0,328
,2,-1.0,291
,3,-1.0,291
,4,-1.0,291
 ,5,95.0,291
,2,-1.0,9
,3,-1.0,9
,4,-1.0,9
NICK,5,82.296829,9
LocKWwooD,5,31.495316,9
