text,level,conf,height
,1,-1.0,331
,2,-1.0,15
,3,-1.0,15
,4,-1.0,15
marieco,5,0.496658,15
,2,-1.0,15
,3,-1.0,15
,4,-1.0,15
 ,5,95.0,15
,2,-1.0,47
,3,-1.0,47
,4,-1.0,16
Architecting,5,91.489563,16
Complex-Event,5,93.003738,15
,4,-1.0,16
Processing,5,95.478279,15
Solutions,5,96.828384,13
,4,-1.0,13
with,5,93.279465,13
TIBCO,5,70.50061,12
,2,-1.0,10
,3,-1.0,10
,4,-1.0,10
 ,5,95.0,10
,2,-1.0,161
,3,-1.0,161
,4,-1.0,161
 ,5,95.0,161
