text,level,conf,height
,1,-1.0,666
,2,-1.0,63
,3,-1.0,63
,4,-1.0,63
Problem,5,95.718979,27
Solving,5,95.718979,33
with,5,95.267891,17
C+,5,79.418442,63
,2,-1.0,502
,3,-1.0,502
,4,-1.0,502
 ,5,95.0,502
