text,level,conf,height
,1,-1.0,330
,2,-1.0,27
,3,-1.0,27
,4,-1.0,8
q,5,36.531982,8
,4,-1.0,8
z,5,26.728714,8
,2,-1.0,18
,3,-1.0,18
,4,-1.0,18
Digital,5,95.992317,18
Archaeology,5,96.747162,18
,2,-1.0,205
,3,-1.0,205
,4,-1.0,205
 ,5,95.0,205
,2,-1.0,9
,3,-1.0,9
,4,-1.0,9
The,5,95.326584,7
Art,5,81.683197,6
and,5,81.683197,7
Science,5,79.428864,6
of,5,95.826752,7
Digital,5,94.022949,9
Forensics,5,86.488235,6
,2,-1.0,69
,3,-1.0,69
,4,-1.0,69
  ,5,95.0,69
 ,5,95.0,18
