text,level,conf,height
,1,-1.0,331
,2,-1.0,14
,3,-1.0,14
,4,-1.0,14
 ,5,95.0,14
,2,-1.0,40
,3,-1.0,40
,4,-1.0,16
RUBY,5,96.531685,16
ON,5,96.332855,16
RAILS”,5,83.884476,16
,4,-1.0,17
TUTORIAL,5,96.243095,17
,2,-1.0,7
,3,-1.0,7
,4,-1.0,7
SECOND,5,95.431679,7
EDITION,5,95.431679,7
,2,-1.0,90
,3,-1.0,90
,4,-1.0,90
 ,5,95.0,90
,2,-1.0,10
,3,-1.0,10
,4,-1.0,10
MICHAEL,5,77.819244,21
WARTS,5,28.860107,19
,2,-1.0,5
,3,-1.0,5
,4,-1.0,5
 ,5,95.0,5
