text,level,conf,height
,1,-1.0,658
,2,-1.0,79
,3,-1.0,79
,4,-1.0,79
DESIGN,5,96.176926,79
,2,-1.0,30
,3,-1.0,30
,4,-1.0,30
with,5,96.017044,28
Adobe,5,96.017044,30
Illustrator,5,90.008743,30
,2,-1.0,13
,3,-1.0,13
,4,-1.0,13
Rick,5,96.920692,13
Moore,5,96.951004,13
