text,level,conf,height
,1,-1.0,648
,2,-1.0,14
,3,-1.0,14
,4,-1.0,14
MARCOS,5,96.290283,14
LOPEZ,5,96.342888,14
DE,5,96.396622,14
PRADO.,5,84.748657,14
,2,-1.0,82
,3,-1.0,82
,4,-1.0,82
ENON,5,0.0,82
EINICIES,5,0.0,82
,2,-1.0,227
,3,-1.0,255
,4,-1.0,105
F,5,79.995438,46
INAN,5,92.675201,105
CIAL,5,95.236206,47
,4,-1.0,47
MACHINE,5,96.176323,47
,4,-1.0,47
LEARNING,5,96.482018,75
,2,-1.0,182
,3,-1.0,182
,4,-1.0,182
 ,5,95.0,182
