text,level,conf,height
,1,-1.0,500
,2,-1.0,320
,3,-1.0,320
,4,-1.0,320
 ,5,95.0,320
,2,-1.0,46
,3,-1.0,46
,4,-1.0,46
AN,5,92.12751,16
ADEPTA,5,89.057686,16
SORORITAS,5,92.524399,33
‘AUDIO,5,66.210831,27
DRAMA»,5,21.716164,46
,2,-1.0,78
,3,-1.0,78
,4,-1.0,78
BROKEN,5,19.065399,57
SAINTS,5,19.065399,85
,2,-1.0,16
,3,-1.0,16
,4,-1.0,16
vemencoremsmns,5,0.0,16
PART,5,95.800102,25
THREE,5,91.383316,15
saemceumcemens,5,0.0,25
,2,-1.0,22
,3,-1.0,22
,4,-1.0,22
ALEC,5,95.829613,22
WORLEY,5,96.445419,22
