text,level,conf,height
,1,-1.0,792
,2,-1.0,298
,3,-1.0,201
,4,-1.0,63
DEBTORS’,5,94.243065,63
,4,-1.0,192
raiser,5,8.476318,192
,2,-1.0,164
,3,-1.0,164
,4,-1.0,164
 ,5,95.0,164
,2,-1.0,57
,3,-1.0,57
,4,-1.0,15
THE,5,95.552147,15
POLITICS,5,95.580193,15
AUSTERITY,5,96.086891,15
,4,-1.0,15
VERSUS,5,96.000801,15
POSSIBILITY,5,95.775063,15
,2,-1.0,37
,3,-1.0,37
,4,-1.0,37
ROBERT,5,91.34758,37
KUTTNER,5,90.780418,36
