text,level,conf,height
,1,-1.0,792
,2,-1.0,166
,3,-1.0,166
,4,-1.0,59
THE,5,96.12989,59
NEW,5,96.764839,59
,4,-1.0,61
DIGITAL,5,35.0037,61
AGE,5,96.296585,61
,2,-1.0,138
,3,-1.0,138
,4,-1.0,33
RESHAPING,5,96.834442,33
THE,5,95.800552,32
FUTURE,5,96.170883,33
,4,-1.0,36
OF,5,96.557159,33
"PEOPLE,",5,95.822777,36
NATIONS,5,96.194778,33
,4,-1.0,32
AND,5,96.733109,32
BUSINESS,5,96.328568,32
