text,level,conf,height
,1,-1.0,792
,2,-1.0,650
,3,-1.0,650
,4,-1.0,650
 ,5,95.0,650
,2,-1.0,65
,3,-1.0,65
,4,-1.0,65
Victor,5,95.747345,49
8S.,5,45.94355,51
Navasky,5,92.042603,63
