text,level,conf,height
,1,-1.0,667
,2,-1.0,46
,3,-1.0,46
,4,-1.0,19
OX.,5,15.757309,19
,4,-1.0,9
‘ghey,5,25.010002,9
,4,-1.0,18
PRACTI,5,92.146294,18
,2,-1.0,666
,3,-1.0,666
,4,-1.0,666
 ,5,95.0,666
