text,level,conf,height
,1,-1.0,666
,2,-1.0,10
,3,-1.0,10
,4,-1.0,10
SEVENTH,5,96.047447,10
EDITION,5,96.307236,10
,2,-1.0,97
,3,-1.0,97
,4,-1.0,29
MANAGER,5,95.728561,29
,4,-1.0,38
—,5,67.153671,38
,2,-1.0,204
,3,-1.0,216
,4,-1.0,62
—__,5,14.78566,62
—,5,63.79314,35
=,5,29.979736,53
,4,-1.0,85
|,5,81.300278,72
aie,5,0.0,60
>S,5,0.0,60
ji!,5,34.831818,70
