text,level,conf,height
,1,-1.0,667
,2,-1.0,180
,3,-1.0,180
,4,-1.0,47
The,5,95.248718,47
,4,-1.0,47
Hundred-,5,91.637421,47
,4,-1.0,58
Page,5,96.705811,58
,2,-1.0,156
,3,-1.0,156
,4,-1.0,62
Machine,5,96.433434,62
,4,-1.0,80
Learning,5,95.717651,80
,2,-1.0,47
,3,-1.0,47
,4,-1.0,47
Book,5,96.746063,47
,2,-1.0,1
,3,-1.0,1
,4,-1.0,1
 ,5,95.0,1
