text,level,conf,height
,1,-1.0,500
,2,-1.0,377
,3,-1.0,377
,4,-1.0,377
   ,5,95.0,377
,2,-1.0,98
,3,-1.0,98
,4,-1.0,98
ye,5,22.655884,98
ee,5,19.236259,35
,4,-1.0,41
DARKNESS,5,95.945969,41
AND,5,95.002159,39
BLOOD,5,95.002159,39
,2,-1.0,36
,3,-1.0,36
,4,-1.0,36
AUDIO,5,96.736282,24
COLLECTION,5,96.812103,36
