text,level,conf,height
,1,-1.0,1867
,2,-1.0,245
,3,-1.0,245
,4,-1.0,90
ANIL,5,96.820457,90
,4,-1.0,92
ANANTHASWAMY,5,90.238968,92
,2,-1.0,451
,3,-1.0,451
,4,-1.0,205
The,5,96.454948,163
Edge,5,96.860283,203
of,5,96.36306,165
,4,-1.0,211
Physics,5,96.736282,211
,2,-1.0,30
,3,-1.0,30
,4,-1.0,30
 ,5,95.0,30
,2,-1.0,165
,3,-1.0,165
,4,-1.0,73
AYO,5,60.256535,73
,4,-1.0,72
HMH,5,87.179642,72
