text,level,conf,height
,1,-1.0,358
,2,-1.0,126
,3,-1.0,126
,4,-1.0,14
APPLIED,5,56.583363,14
,4,-1.0,14
STATISTICS,5,94.873352,14
,4,-1.0,14
AND,5,92.877541,14
,4,-1.0,14
PROBABILITY,5,96.846619,14
,4,-1.0,20
FOR,5,96.376297,20
,2,-1.0,21
,3,-1.0,21
,4,-1.0,21
ENGINEERS,5,90.920578,21
,2,-1.0,344
,3,-1.0,344
,4,-1.0,344
 ,5,95.0,344
,2,-1.0,358
,3,-1.0,358
,4,-1.0,358
 ,5,95.0,358
