text,level,conf,height
,1,-1.0,648
,2,-1.0,238
,3,-1.0,238
,4,-1.0,12
The,5,96.980927,24
Expert's,5,82.271248,24
Voice,5,93.948128,12
in,5,96.861313,24
Swift,5,90.00695,12
,4,-1.0,196
¢,5,1.462601,196
,4,-1.0,12
"te,",5,38.630749,12
,2,-1.0,107
,3,-1.0,107
,4,-1.0,65
Swift,5,96.833557,50
Quick,5,96.737579,56
Syntax,5,96.90184,64
,4,-1.0,42
Reference,5,96.756012,42
,2,-1.0,17
,3,-1.0,17
,4,-1.0,17
Matthew,5,79.977554,34
Campbell,5,94.190529,34
,2,-1.0,204
,3,-1.0,204
,4,-1.0,204
 ,5,95.0,204
