text,level,conf,height
,1,-1.0,245
,2,-1.0,25
,3,-1.0,25
,4,-1.0,25
Deconstructed,5,95.808777,25
,2,-1.0,8
,3,-1.0,8
,4,-1.0,8
cover,5,41.580597,28
how,5,44.901672,28
C$,5,7.963676,28
works,5,53.294453,28
oth,5,53.294453,28
ET,5,45.238914,8
Franewort,5,16.898911,28
,2,-1.0,7
,3,-1.0,7
,4,-1.0,7
Mohammad,5,63.797184,28
Rahman,5,49.518234,28
