text,level,conf,height
,1,-1.0,648
,2,-1.0,487
,3,-1.0,487
,4,-1.0,487
 ,5,95.0,487
,2,-1.0,14
,3,-1.0,14
,4,-1.0,14
Navin,5,93.293976,13
Sabharwal,5,88.34465,13
and,5,93.281746,10
Manak,5,92.617386,13
Wadhwa,5,96.93763,14
,2,-1.0,64
,3,-1.0,64
,4,-1.0,19
"L111,",5,0.0,19
1A,5,27.708138,32
Ld,5,34.731148,32
Ld,5,35.563629,32
hleddae,5,0.0,19
,4,-1.0,64
:,5,0.0,64
Apress’,5,48.639633,29
