text,level,conf,height
,1,-1.0,666
,2,-1.0,141
,3,-1.0,141
,4,-1.0,41
Pro,5,96.933983,41
,4,-1.0,88
Android,5,96.211952,88
UI,5,75.457321,86
,2,-1.0,580
,3,-1.0,580
,4,-1.0,580
 ,5,95.0,580
