text,level,conf,height
,1,-1.0,792
,2,-1.0,12
,3,-1.0,12
,4,-1.0,12
THE,5,89.778404,11
EXPERT'S,5,75.8452,11
VOICE®,5,86.746147,12
IN,5,94.075302,11
WINDOWS,5,94.075302,11
8,5,95.394646,11
,2,-1.0,478
,3,-1.0,478
,4,-1.0,478
 ,5,95.0,478
,2,-1.0,21
,3,-1.0,21
,4,-1.0,21
Samidip,5,92.458984,29
Basu,5,89.305458,20
,2,-1.0,27
,3,-1.0,27
,4,-1.0,27
LLL,5,0.0,27
LLL,5,1.780228,42
edeedeall,5,0.0,27
,2,-1.0,40
,3,-1.0,40
,4,-1.0,40
Apress°,5,14.713058,40
