text,level,conf,height
,1,-1.0,648
,2,-1.0,300
,3,-1.0,300
,4,-1.0,300
 ,5,95.0,300
,2,-1.0,163
,3,-1.0,104
,4,-1.0,51
Migrating,5,96.750366,51
to,5,97.005058,28
,4,-1.0,114
Swift,5,81.287834,114
fom,5,60.027596,90
Android,5,96.75882,104
,2,-1.0,28
,3,-1.0,28
,4,-1.0,28
jean,5,68.575104,28
Liao,5,96.12793,28
