text,level,conf,height
,1,-1.0,666
,2,-1.0,39
,3,-1.0,39
,4,-1.0,39
lI,5,23.197357,39
TECHNOLOGY,5,81.513985,11
IN,5,94.210945,11
ACTION’,5,75.477264,11
,2,-1.0,158
,3,-1.0,158
,4,-1.0,91
Practical,5,96.677956,91
,4,-1.0,82
Raspberry,5,96.73317,82
Pi,5,73.175713,66
,2,-1.0,235
,3,-1.0,235
,4,-1.0,235
 ,5,95.0,235
