text,level,conf,height
,1,-1.0,648
,2,-1.0,175
,3,-1.0,175
,4,-1.0,175
 ,5,95.0,175
,2,-1.0,268
,3,-1.0,268
,4,-1.0,170
Ld,5,22.204018,170
,4,-1.0,74
Using,5,96.991287,74
,2,-1.0,109
,3,-1.0,109
,4,-1.0,60
Office,5,96.770744,60
2013,5,96.958649,56
,4,-1.0,28
With,5,96.95401,28
Windows,5,96.920074,28
8,5,96.365372,27
,2,-1.0,29
,3,-1.0,29
,4,-1.0,29
Kevin,5,96.334869,29
Wilson,5,89.498032,11
