text,level,conf,height
,1,-1.0,648
,2,-1.0,58
,3,-1.0,58
,4,-1.0,58
B2238,5,0.0,58
,4,-1.0,56
SE,5,9.605415,18
sae,5,9.605415,30
,2,-1.0,391
,3,-1.0,391
,4,-1.0,391
 ,5,95.0,391
