text,level,conf,height
,1,-1.0,666
,2,-1.0,222
,3,-1.0,222
,4,-1.0,222
 ,5,95.0,222
,2,-1.0,213
,3,-1.0,213
,4,-1.0,213
2,5,18.572304,213
,2,-1.0,219
,3,-1.0,185
,4,-1.0,55
.,5,16.363998,9
Learn,5,92.154037,55
.,5,16.363998,9
,4,-1.0,82
Sprite,5,96.240692,82
Kit,5,96.66452,64
for,5,96.865227,51
iOS,5,65.79995,65
,4,-1.0,94
Game,5,96.640312,45
Development,5,96.923355,94
,2,-1.0,36
,3,-1.0,36
,4,-1.0,36
and,5,68.916885,13
Long,5,96.433701,36
,2,-1.0,580
,3,-1.0,580
,4,-1.0,580
 ,5,95.0,580
