text,level,conf,height
,1,-1.0,648
,2,-1.0,167
,3,-1.0,167
,4,-1.0,111
es,5,42.493191,111
,4,-1.0,51
w,5,0.0,8
4,5,77.598694,43
,2,-1.0,138
,3,-1.0,138
,4,-1.0,74
Using,5,96.541855,74
,4,-1.0,60
Office,5,96.10807,60
365,5,96.065475,56
,2,-1.0,28
,3,-1.0,28
,4,-1.0,28
With,5,95.687698,28
Windows,5,95.687698,28
8,5,95.852882,27
,2,-1.0,118
,3,-1.0,118
,4,-1.0,118
 ,5,95.0,118
