text,level,conf,height
,1,-1.0,666
,2,-1.0,26
,3,-1.0,26
,4,-1.0,26
 ,5,95.0,26
,2,-1.0,10
,3,-1.0,10
,4,-1.0,10
THE,5,86.032433,9
EXPERT'S,5,69.900497,10
VOICE®IN,5,74.010063,10
WINDOWS,5,95.662094,10
8,5,94.860115,10
,2,-1.0,402
,3,-1.0,402
,4,-1.0,402
 ,5,95.0,402
,2,-1.0,16
,3,-1.0,16
,4,-1.0,16
Jeremy,5,96.386284,16
Foster,5,94.217125,13
,2,-1.0,47
,3,-1.0,47
,4,-1.0,19
L/L,5,0.0,34
Lite,5,13.051788,10
,4,-1.0,29
Apress*,5,15.629074,29
