text,level,conf,height
,1,-1.0,901
,2,-1.0,268
,3,-1.0,268
,4,-1.0,268
 ,5,95.0,268
,2,-1.0,178
,3,-1.0,178
,4,-1.0,106
Water,5,95.621002,103
in,5,95.621002,77
the,5,96.649544,78
,4,-1.0,77
Universe,5,96.817657,77
,2,-1.0,57
,3,-1.0,57
,4,-1.0,57
 ,5,95.0,57
