text,level,conf,height
,1,-1.0,601
,2,-1.0,104
,3,-1.0,104
,4,-1.0,26
The,5,96.335976,26
Automaton,5,96.220085,25
in,5,96.521095,25
,4,-1.0,34
English,5,96.315796,34
Renaissance,5,96.896103,25
,4,-1.0,25
Literature,5,96.744202,25
,2,-1.0,264
,3,-1.0,264
,4,-1.0,264
 ,5,95.0,264
,2,-1.0,34
,3,-1.0,34
,4,-1.0,10
kite,5,0.0,10
by,5,85.47361,9
,4,-1.0,18
Wendy,5,90.575218,18
Beth,5,95.698135,13
Hyman,5,96.902252,17
