text,level,conf,height
,1,-1.0,616
,2,-1.0,526
,3,-1.0,526
,4,-1.0,526
     ,5,95.0,526
 ,5,95.0,56
,2,-1.0,17
,3,-1.0,17
,4,-1.0,17
Vin,5,93.248299,12
"Nardizzi,",5,92.73912,15
Stephen,5,96.331802,16
Gi,5,84.922112,12
id,5,53.859375,13
Will,5,89.67794,13
Stockton,5,95.683472,12
,2,-1.0,11
,3,-1.0,11
,4,-1.0,11
ASHGATE,5,75.032021,10
e-BOOK,5,40.29129,11
