text,level,conf,height
,1,-1.0,664
,2,-1.0,62
,3,-1.0,62
,4,-1.0,25
Renaissance,5,96.722435,25
Food,5,96.892899,18
from,5,96.892899,18
,4,-1.0,24
Rabelais,5,96.681961,18
to,5,93.306229,16
Shakespe,5,89.469948,24
,2,-1.0,313
,3,-1.0,313
,4,-1.0,313
 ,5,95.0,313
,2,-1.0,11
,3,-1.0,11
,4,-1.0,11
ASHGATE,5,78.062279,10
e-BOOK,5,77.627182,11
