text,level,conf,height
,1,-1.0,745
,2,-1.0,162
,3,-1.0,108
,4,-1.0,43
Atlas,5,96.156143,42
Of,5,96.97715,43
,4,-1.0,108
MEET,5,0.0,42
ADIET,5,0.0,108
,2,-1.0,516
,3,-1.0,516
,4,-1.0,516
 ,5,95.0,516
,2,-1.0,24
,3,-1.0,24
,4,-1.0,24
Fredric,5,91.788803,20
B.,5,91.788803,19
"Meyer,",5,96.227013,24
MD,5,96.227013,19
