text,level,conf,height
,1,-1.0,666
,2,-1.0,106
,3,-1.0,106
,4,-1.0,45
BYOD,5,92.56282,45
,4,-1.0,47
for,5,96.294861,47
,2,-1.0,359
,3,-1.0,359
,4,-1.0,359
 ,5,95.0,359
,2,-1.0,117
,3,-1.0,117
,4,-1.0,44
|,5,70.68866,44
Jessica,5,95.593323,21
Keyes,5,95.100838,27
,4,-1.0,40
@,5,60.474976,40
,2,-1.0,67
,3,-1.0,67
,4,-1.0,67
  ,5,95.0,67
