text,level,conf,height
,1,-1.0,666
,2,-1.0,139
,3,-1.0,139
,4,-1.0,53
Security,5,96.730431,53
for,5,96.855362,39
,4,-1.0,40
Service,5,96.643097,40
Oriented,5,96.309517,40
,4,-1.0,40
Architectures,5,96.42186,40
,2,-1.0,447
,3,-1.0,447
,4,-1.0,447
 ,5,95.0,447
