text,level,conf,height
,1,-1.0,666
,2,-1.0,168
,3,-1.0,168
,4,-1.0,49
Project,5,96.825203,49
,4,-1.0,49
Management,5,96.496208,49
,4,-1.0,49
Maturity,5,96.438202,49
Model,5,96.058449,39
,2,-1.0,422
,3,-1.0,422
,4,-1.0,422
 ,5,95.0,422
,2,-1.0,25
,3,-1.0,25
,4,-1.0,25
pmsolutions,5,78.622498,25
