text,level,conf,height
,1,-1.0,666
,2,-1.0,117
,3,-1.0,113
,4,-1.0,54
Security,5,96.638229,54
without,5,96.547333,40
,4,-1.0,63
bscurity,5,92.376579,63
A,5,96.310692,16
Guide,5,96.705322,16
to,5,97.011307,15
,2,-1.0,72
,3,-1.0,72
,4,-1.0,20
"Confidentiality,",5,96.073692,20
,4,-1.0,19
"Authentication,",5,96.416519,19
,4,-1.0,20
and,5,96.624878,16
Integrity,5,96.627014,20
,2,-1.0,112
,3,-1.0,112
,4,-1.0,112
  ,5,95.0,112
