text,level,conf,height
,1,-1.0,666
,2,-1.0,81
,3,-1.0,81
,4,-1.0,81
   ,5,95.0,81
,2,-1.0,34
,3,-1.0,34
,4,-1.0,34
JaMEs,5,73.021309,22
R.,5,48.258076,26
<,5,89.871849,3
,2,-1.0,17
,3,-1.0,17
,4,-1.0,17
MicHaei,5,1.881302,17
,2,-1.0,12
,3,-1.0,12
,4,-1.0,12
1,5,89.35334,12
CRC,5,82.602722,10
Press,5,73.815346,10
,2,-1.0,18
,3,-1.0,18
,4,-1.0,18
 ,5,95.0,18
