text,level,conf,height
,1,-1.0,666
,2,-1.0,75
,3,-1.0,75
,4,-1.0,28
READY,5,96.821106,28
,4,-1.0,28
TECHNOLOGY,5,96.502708,28
,2,-1.0,15
,3,-1.0,15
,4,-1.0,15
Fast-Tracking,5,88.962585,15
New,5,96.949608,12
Business,5,94.266891,12
Technologies,5,96.748871,15
