text,level,conf,height
,1,-1.0,420
,2,-1.0,160
,3,-1.0,160
,4,-1.0,160
AutoCAD,5,89.149002,160
,2,-1.0,14
,3,-1.0,14
,4,-1.0,14
Greece,5,45.272758,14
nee,5,26.43882,3
,2,-1.0,420
,3,-1.0,420
,4,-1.0,420
 ,5,95.0,420
