text,level,conf,height
,1,-1.0,792
,2,-1.0,58
,3,-1.0,58
,4,-1.0,58
Physics,5,96.016373,58
,2,-1.0,42
,3,-1.0,42
,4,-1.0,42
in,5,96.258514,39
Mind,5,96.593422,42
,2,-1.0,25
,3,-1.0,25
,4,-1.0,25
Werner,5,93.226898,24
R.,5,91.270531,25
,2,-1.0,25
,3,-1.0,25
,4,-1.0,25
Loewenstein,5,93.463707,25
,2,-1.0,792
,3,-1.0,792
,4,-1.0,792
 ,5,95.0,792
