text,level,conf,height
,1,-1.0,792
,2,-1.0,42
,3,-1.0,42
,4,-1.0,42
/-NGIFTED,5,0.0,42
,2,-1.0,30
,3,-1.0,30
,4,-1.0,30
Intelligence,5,96.170135,30
Redefined,5,96.142464,30
,2,-1.0,306
,3,-1.0,306
,4,-1.0,306
 ,5,95.0,306
