text,level,conf,height
,1,-1.0,792
,2,-1.0,440
,3,-1.0,440
,4,-1.0,440
 ,5,95.0,440
,2,-1.0,82
,3,-1.0,82
,4,-1.0,29
THE,5,96.019402,29
,4,-1.0,30
OF,5,96.553139,30
,2,-1.0,29
,3,-1.0,29
,4,-1.0,29
Jeanne,5,96.374687,29
Theoharis,5,96.820023,24
,2,-1.0,52
,3,-1.0,52
,4,-1.0,52
 ,5,95.0,52
