text,level,conf,height
,1,-1.0,792
,2,-1.0,161
,3,-1.0,161
,4,-1.0,161
  ,5,95.0,161
 ,5,95.0,53
,2,-1.0,94
,3,-1.0,94
,4,-1.0,94
Nand,5,49.433334,26
atu,5,0.0,94
Hidden,5,96.566391,22
oe,5,47.723358,70
vs,5,0.0,5
,2,-1.0,49
,3,-1.0,49
,4,-1.0,49
Tamarack,5,96.453217,39
Song,5,83.980316,49
