text,level,conf,height
,1,-1.0,844
,2,-1.0,66
,3,-1.0,66
,4,-1.0,18
Helen,5,93.149994,16
Beebee,5,92.884918,18
and,5,96.993622,16
Julian,5,96.727783,16
Dodd,5,96.529305,17
,4,-1.0,33
reading,5,91.051422,33
metaphysics,5,92.886406,32
,2,-1.0,41
,3,-1.0,41
,4,-1.0,14
selected,5,96.550591,14
texts,5,94.95713,12
with,5,94.95713,14
,4,-1.0,17
interactive,5,96.816978,13
commentary,5,96.503731,15
,2,-1.0,438
,3,-1.0,438
,4,-1.0,438
 ,5,95.0,438
