text,level,conf,height
,1,-1.0,648
,2,-1.0,12
,3,-1.0,12
,4,-1.0,12
EXTRATERRESTRIALS,5,91.198631,12
,2,-1.0,11
,3,-1.0,11
,4,-1.0,11
Where,5,96.880745,11
are,5,93.960754,7
They?,5,96.629616,11
,2,-1.0,410
,3,-1.0,410
,4,-1.0,410
 ,5,95.0,410
