text,level,conf,height
,1,-1.0,643
,2,-1.0,11
,3,-1.0,11
,4,-1.0,11
‘THE,5,59.443993,10
FRACTAL,5,96.74485,10
GEOMETRY,5,96.211128,10
OF,5,96.211128,28
NATURE,5,88.861427,10
