text,level,conf,height
,1,-1.0,677
,2,-1.0,516
,3,-1.0,516
,4,-1.0,516
   ,5,95.0,516
,2,-1.0,72
,3,-1.0,72
,4,-1.0,72
The,5,93.13195,47
Colours.of,5,55.144501,72
,2,-1.0,62
,3,-1.0,62
,4,-1.0,38
“Benot,5,0.0,38
Mandelbrot,5,95.808281,27
,4,-1.0,20
and,5,96.98101,20
Ian,5,85.308563,19
Stewart,5,96.241028,19
,2,-1.0,70
,3,-1.0,70
,4,-1.0,70
a,5,0.0,57
QD,5,58.140121,40
Springer,5,96.911613,25
