text,level,conf,height
,1,-1.0,382
,2,-1.0,382
,3,-1.0,382
,4,-1.0,182
      ,5,95.0,182
,4,-1.0,181
 ,5,95.0,181
,2,-1.0,68
,3,-1.0,49
,4,-1.0,11
HOW,5,92.147514,11
,4,-1.0,11
NEW,5,94.098198,10
CURRENCIES,5,90.320168,11
,4,-1.0,11
‘TURN,5,68.229004,11
SCARCITY,5,96.979942,11
INTO,5,90.46785,11
,3,-1.0,10
,4,-1.0,10
PROSPERITY,5,95.953873,10
