text,level,conf,height
,1,-1.0,693
,2,-1.0,111
,3,-1.0,111
,4,-1.0,33
Big,5,83.318466,33
Data,5,95.946327,28
and,5,95.946327,28
Machine,5,96.813591,28
,4,-1.0,34
Learning,5,96.347641,33
in,5,96.834183,28
Quantitative,5,96.936485,34
,4,-1.0,28
Investment,5,94.459579,28
