text,level,conf,height
,1,-1.0,792
,2,-1.0,108
,3,-1.0,108
,4,-1.0,61
storytelling,5,96.75119,61
,4,-1.0,46
with,5,96.584465,46
data,5,96.447212,46
,2,-1.0,49
,3,-1.0,49
,4,-1.0,23
a,5,95.255806,12
data,5,95.255806,18
visualization,5,96.370461,18
guide,5,96.487549,23
,4,-1.0,25
for,5,96.985664,19
business,5,95.259552,18
professionals,5,95.259552,25
,2,-1.0,18
,3,-1.0,18
,4,-1.0,18
cole,5,93.221519,17
nussbaumer,5,93.018242,17
knaflic,5,91.719299,18
