text,level,conf,height
,1,-1.0,276
,2,-1.0,112
,3,-1.0,112
,4,-1.0,69
    ,5,95.0,69
 ,5,95.0,6
,4,-1.0,53
  ,5,95.0,53
,2,-1.0,57
,3,-1.0,57
,4,-1.0,30
exer,5,0.0,24
Resaiswe,5,3.065193,26
,4,-1.0,17
argesTURe,5,0.0,15
AN,5,28.180275,8
,4,-1.0,12
Curate,5,0.0,12
