text,level,conf,height
,1,-1.0,698
,2,-1.0,66
,3,-1.0,66
,4,-1.0,27
A,5,94.738503,26
COMPANION,5,94.738503,27
TO,5,96.24498,26
,4,-1.0,27
ANCIENT,5,96.784546,27
EGYPT,5,95.76268,26
,2,-1.0,19
,3,-1.0,19
,4,-1.0,19
VOLUME,5,91.736252,19
I,5,95.048363,18
,2,-1.0,50
,3,-1.0,50
,4,-1.0,14
Edited,5,95.936554,13
by,5,96.864494,14
,4,-1.0,19
Alan,5,92.899315,14
B.,5,91.567429,14
Lloyd,5,96.931038,19
,2,-1.0,17
,3,-1.0,17
,4,-1.0,17
(@WILEY-BLACKWELL,5,0.0,17
