text,level,conf,height
,1,-1.0,648
,2,-1.0,33
,3,-1.0,33
,4,-1.0,33
ENGLAND,5,96.201759,33
,2,-1.0,27
,3,-1.0,27
,4,-1.0,27
and,5,96.852837,27
the,5,96.956932,27
,2,-1.0,71
,3,-1.0,71
,4,-1.0,32
ITALIAN,5,92.98877,32
,4,-1.0,33
RENAISSANCE,5,95.911095,33
,2,-1.0,413
,3,-1.0,413
,4,-1.0,413
 ,5,95.0,413
