text,level,conf,height
,1,-1.0,648
,2,-1.0,287
,3,-1.0,287
,4,-1.0,171
ae,5,41.399307,171
,4,-1.0,119
Material,5,44.603428,103
nd,5,76.196732,138
ET,5,37.913475,118
,2,-1.0,23
,3,-1.0,23
,4,-1.0,23
A,5,95.839325,22
Teacher's,5,74.669609,23
Guide,5,96.69841,23
,2,-1.0,297
,3,-1.0,297
,4,-1.0,297
 ,5,95.0,297
,2,-1.0,17
,3,-1.0,17
,4,-1.0,17
@®WILEY-BLACKWELL,5,38.225136,17
