text,level,conf,height
,1,-1.0,750
,2,-1.0,167
,3,-1.0,167
,4,-1.0,167
Aout,5,14.204544,167
,2,-1.0,18
,3,-1.0,18
,4,-1.0,18
SHADOWS,5,95.37191,18
OF,5,96.529251,17
THE,5,96.934875,18
APT,5,95.908051,18
,2,-1.0,11
,3,-1.0,11
,4,-1.0,11
BOOK,5,96.43396,11
THREE,5,88.847992,11
,2,-1.0,750
,3,-1.0,750
,4,-1.0,750
 ,5,95.0,750
