text,level,conf,height
,1,-1.0,557
,2,-1.0,105
,3,-1.0,105
,4,-1.0,105
FINAL,5,93.17704,103
VOVAGE,5,89.456993,105
,2,-1.0,18
,3,-1.0,18
,4,-1.0,18
The,5,86.254501,18
world’s,5,96.039528,18
worst,5,96.800697,17
maritime,5,96.773689,18
disasters,5,96.773689,18
,2,-1.0,512
,3,-1.0,512
,4,-1.0,512
 ,5,95.0,512
,2,-1.0,24
,3,-1.0,24
,4,-1.0,24
  ,5,95.0,24
,2,-1.0,8
,3,-1.0,8
,4,-1.0,8
BLOOMS,5,94.485222,8
Bet,5,83.434616,26
,2,-1.0,6
,3,-1.0,6
,4,-1.0,6
 ,5,95.0,6
