text,level,conf,height
,1,-1.0,694
,2,-1.0,245
,3,-1.0,245
,4,-1.0,75
European,5,96.322144,75
,4,-1.0,56
Music,5,85.29248,56
,4,-1.0,46
1520-1642,5,96.828613,46
,2,-1.0,89
,3,-1.0,89
,4,-1.0,89
 ,5,95.0,89
,2,-1.0,85
,3,-1.0,85
,4,-1.0,40
Edited,5,96.388214,30
by,5,97.000427,40
,4,-1.0,34
_,5,70.561882,3
JAMES,5,78.859177,34
HAAR,5,96.412865,26
