text,level,conf,height
,1,-1.0,644
,2,-1.0,38
,3,-1.0,38
,4,-1.0,8
‘THE,5,79.992203,8
EARLY,5,79.992203,8
,4,-1.0,8
PALAEOLOGAN,5,87.426537,8
RENAISSANCE,5,95.874588,8
,4,-1.0,8
(1261-€.1360),5,4.706635,8
