text,level,conf,height
,1,-1.0,480
,2,-1.0,27
,3,-1.0,27
,4,-1.0,10
ROYAL,5,95.725098,10
BRONZE,5,94.81543,10
STATUARY.,5,68.84137,10
,4,-1.0,10
FROM,5,96.198357,10
ANCIENT,5,96.044601,10
EGYPT,5,93.024994,10
,2,-1.0,7
,3,-1.0,7
,4,-1.0,7
pi,5,37.957615,7
in,5,51.656921,28
th,5,51.082802,28
aig,5,51.638672,6
,2,-1.0,7
,3,-1.0,7
,4,-1.0,7
‘Marsa,5,51.644993,7
,2,-1.0,87
,3,-1.0,87
,4,-1.0,87
 ,5,95.0,87
,2,-1.0,9
,3,-1.0,9
,4,-1.0,9
BRILL,5,65.700706,9
+,5,65.686935,3
"STYX,",5,19.58374,9
