text,level,conf,height
,1,-1.0,303
,2,-1.0,41
,3,-1.0,41
,4,-1.0,9
INTERPRETATIONS,5,96.167854,9
,4,-1.0,9
OF,5,80.826462,9
RENAISSANCE,5,96.028809,9
,4,-1.0,10
HUMANISM,5,76.343338,10
,2,-1.0,153
,3,-1.0,153
,4,-1.0,153
 ,5,95.0,153
