text,level,conf,height
,1,-1.0,650
,2,-1.0,99
,3,-1.0,116
,4,-1.0,35
The,5,96.542534,35
Ancient,5,95.814949,35
,4,-1.0,46
Sailing,5,96.449646,46
Season,5,83.370438,33
—,5,21.44825,20
,2,-1.0,266
,3,-1.0,266
,4,-1.0,266
 ,5,95.0,266
,2,-1.0,10
,3,-1.0,10
,4,-1.0,10
JAMES,5,96.911804,10
BERESFORD.,5,66.821259,10
,2,-1.0,28
,3,-1.0,28
,4,-1.0,28
BRILL.,5,72.855576,28
