text,level,conf,height
,1,-1.0,657
,2,-1.0,85
,3,-1.0,85
,4,-1.0,32
Between,5,96.890549,32
,4,-1.0,36
Two,5,96.628784,31
Worlds,5,96.628784,36
,2,-1.0,28
,3,-1.0,28
,4,-1.0,10
THE,5,96.338226,8
FRONTIER,5,96.92244,8
REGION,5,96.832138,8
BETWEEN,5,96.565941,8
ANCIENT,5,96.565941,8
,4,-1.0,12
NUBIA,5,96.376816,8
AND,5,96.376816,8
EGYPT,5,95.016518,8
3700,5,92.223175,9
BC-500,5,65.828247,10
AD,5,96.448463,7
,2,-1.0,17
,3,-1.0,17
,4,-1.0,17
LAsz_6,5,20.93573,17
TOROK,5,86.573624,15
