text,level,conf,height
,1,-1.0,650
,2,-1.0,90
,3,-1.0,90
,4,-1.0,90
   ,5,95.0,90
,2,-1.0,44
,3,-1.0,44
,4,-1.0,20
A,5,43.220688,14
Study,5,43.220688,20
in,5,95.379532,15
Syntax,5,96.84581,19
,4,-1.0,16
and,5,96.616287,15
Verbal,5,95.236313,15
Stem,5,96.184082,14
Formation,5,96.184082,16
,2,-1.0,20
,3,-1.0,20
,4,-1.0,20
Michaél,5,92.015816,15
Peyrot,5,91.807434,19
,2,-1.0,270
,3,-1.0,270
,4,-1.0,270
 ,5,95.0,270
,2,-1.0,9
,3,-1.0,9
,4,-1.0,9
BRILL.,5,75.435501,9
