text,level,conf,height
,1,-1.0,648
,2,-1.0,19
,3,-1.0,19
,4,-1.0,19
MentalDisoxders,5,65.142746,19
,2,-1.0,19
,3,-1.0,19
,4,-1.0,19
in,5,97.006805,17
the,5,96.271484,19
Classical,5,32.581497,19
World,5,93.409859,19
,2,-1.0,12
,3,-1.0,12
,4,-1.0,12
Eaitel,5,15.628036,9
by,5,92.302483,12
WN.,5,83.972183,8
artis,5,0.0,8
,2,-1.0,648
,3,-1.0,648
,4,-1.0,648
 ,5,95.0,648
