text,level,conf,height
,1,-1.0,476
,2,-1.0,107
,3,-1.0,107
,4,-1.0,21
FRED,5,21.933868,52
HALL,5,47.064659,52
&,5,47.064659,52
ROGER,5,53.404881,52
GREE,5,46.459534,52
,4,-1.0,33
BUILDING,5,96.468414,33
,4,-1.0,34
SERVICES,5,96.436768,34
,2,-1.0,226
,3,-1.0,226
,4,-1.0,226
 ,5,95.0,226
