text,level,conf,height
,1,-1.0,500
,2,-1.0,85
,3,-1.0,85
,4,-1.0,85
CALL,5,90.358925,85
,2,-1.0,20
,3,-1.0,20
,4,-1.0,20
Carl,5,91.168259,16
T.,5,87.459007,28
Bergstrom,5,93.261528,20
&,5,92.795837,14
Jevin,5,92.73233,19
D.,5,92.763458,15
West,5,96.774773,16
,2,-1.0,378
,3,-1.0,378
,4,-1.0,378
 ,5,95.0,378
