text,level,conf,height
,1,-1.0,644
,2,-1.0,128
,3,-1.0,128
,4,-1.0,21
“ete,5,13.569366,21
,4,-1.0,39
VG,5,41.757347,57
ATT,5,41.757347,57
Fh,5,3.190521,37
ER,5,57.995651,38
,4,-1.0,54
WIZARD,5,94.418633,54
,2,-1.0,25
,3,-1.0,25
,4,-1.0,25
 ,5,95.0,25
