text,level,conf,height
,1,-1.0,500
,2,-1.0,56
,3,-1.0,56
,4,-1.0,21
The,5,96.782806,21
Worlds,5,96.782806,21
of,5,96.990074,21
,4,-1.0,28
Renaissance,5,96.684975,20
Melancholy,5,96.676414,28
,2,-1.0,206
,3,-1.0,206
,4,-1.0,206
 ,5,95.0,206
,2,-1.0,12
,3,-1.0,12
,4,-1.0,12
Angus,5,74.778618,11
Gowland,5,93.469574,9
,2,-1.0,500
,3,-1.0,500
,4,-1.0,500
 ,5,95.0,500
,2,-1.0,1
,3,-1.0,1
,4,-1.0,1
 ,5,95.0,1
