text,level,conf,height
,1,-1.0,646
,2,-1.0,22
,3,-1.0,22
,4,-1.0,8
THE,5,78.562622,8
CAMBRIDGE,5,96.813217,8
HISTORY,5,96.88723,8
OF,5,96.85981,8
,4,-1.0,8
RENAISSANCE,5,95.111542,8
PHILOSOPHY,5,96.915207,8
,2,-1.0,3
,3,-1.0,3
,4,-1.0,3
 ,5,95.0,3
