text,level,conf,height
,1,-1.0,648
,2,-1.0,447
,3,-1.0,447
,4,-1.0,447
   ,5,95.0,447
,2,-1.0,86
,3,-1.0,86
,4,-1.0,33
COMPUTER,5,96.665009,33
,4,-1.0,32
VISION,5,96.282158,32
,2,-1.0,17
,3,-1.0,17
,4,-1.0,17
RADKE,5,92.753548,17
,2,-1.0,87
,3,-1.0,87
,4,-1.0,33
FOR,5,96.533363,33
VISUAL,5,95.593246,33
,4,-1.0,33
EFFECTS,5,96.224068,33
,2,-1.0,81
,3,-1.0,81
,4,-1.0,81
 ,5,95.0,81
