text,level,conf,height
,1,-1.0,383
,2,-1.0,84
,3,-1.0,59
,4,-1.0,19
Reading,5,93.680634,19
and,5,93.680634,14
the,5,96.421082,14
,4,-1.0,19
History,5,96.134949,18
of,5,96.134949,15
Race,5,56.607735,14
in,5,56.607735,15
the,5,82.346764,15
,4,-1.0,14
Renaissance,5,96.466156,14
,3,-1.0,12
,4,-1.0,12
Elizabeth,5,92.454727,9
Spiller,5,92.340836,12
,2,-1.0,380
,3,-1.0,380
,4,-1.0,380
 ,5,95.0,380
,2,-1.0,12
,3,-1.0,12
,4,-1.0,12
swwvwu.cambridge.org/9781107007352,5,0.0,12
