text,level,conf,height
,1,-1.0,486
,2,-1.0,159
,3,-1.0,159
,4,-1.0,20
Foundations,5,96.086243,19
of,5,96.558617,20
,4,-1.0,31
Modern,5,96.530334,31
,4,-1.0,31
International,5,96.199486,31
,4,-1.0,40
Thought,5,96.608269,40
,2,-1.0,15
,3,-1.0,15
,4,-1.0,15
DAVID,5,96.64418,15
ARMITAGE,5,95.838318,15
,2,-1.0,244
,3,-1.0,244
,4,-1.0,244
 ,5,95.0,244
