text,level,conf,height
,1,-1.0,195
,2,-1.0,41
,3,-1.0,41
,4,-1.0,11
‘The,5,93.138916,11
Homoerotics,5,58.674431,11
,4,-1.0,11
of,5,96.788399,11
Earl,5,27.07679,10
,4,-1.0,10
Modern,5,77.855453,10
Drama,5,94.730072,10
,2,-1.0,10
,3,-1.0,10
,4,-1.0,10
 ,5,95.0,10
,2,-1.0,9
,3,-1.0,9
,4,-1.0,9
Mario,5,74.170792,7
Digames,5,2.169685,9
,2,-1.0,10
,3,-1.0,10
,4,-1.0,10
[Cambridge,5,56.381783,10
Univerniey,5,35.532616,8
Pres,5,41.6726,7
,2,-1.0,8
,3,-1.0,8
,4,-1.0,8
 ,5,95.0,8
