text,level,conf,height
,1,-1.0,648
,2,-1.0,30
,3,-1.0,30
,4,-1.0,10
THE,5,96.54628,10
NEW,5,95.754044,10
,4,-1.0,10
CAMBRIDGE,5,94.46759,10
MODERN,5,96.215958,10
HISTORY,5,83.700447,10
,2,-1.0,6
,3,-1.0,6
,4,-1.0,6
 ,5,95.0,6
,2,-1.0,5
,3,-1.0,5
,4,-1.0,5
 ,5,95.0,5
,2,-1.0,32
,3,-1.0,32
,4,-1.0,11
THE,5,96.381783,10
"RENAISSANCE,",5,76.926575,11
,4,-1.0,10
1493-1520,5,88.987167,10
,2,-1.0,5
,3,-1.0,5
,4,-1.0,5
 ,5,95.0,5
,2,-1.0,7
,3,-1.0,7
,4,-1.0,7
 ,5,95.0,7
