text,level,conf,height
,1,-1.0,432
,2,-1.0,103
,3,-1.0,103
,4,-1.0,27
SOCIAL,5,96.293449,27
,4,-1.0,27
MEDIA,5,96.554764,27
,4,-1.0,27
MINING,5,95.915146,27
,2,-1.0,21
,3,-1.0,21
,4,-1.0,21
An,5,96.576607,11
Introduction,5,96.370872,21
,2,-1.0,291
,3,-1.0,291
,4,-1.0,291
 ,5,95.0,291
