text,level,conf,height
,1,-1.0,498
,2,-1.0,255
,3,-1.0,255
,4,-1.0,255
 ,5,95.0,255
,2,-1.0,66
,3,-1.0,66
,4,-1.0,17
"Gender,",5,96.577026,16
"Rhetoric,",5,96.89212,16
and,5,96.942001,15
,4,-1.0,14
Print,5,96.39492,14
Culture,5,91.883286,14
in,5,91.883286,14
French,5,96.586853,14
,4,-1.0,17
Renaissance,5,96.734962,14
Writing,5,96.965729,17
,2,-1.0,76
,3,-1.0,76
,4,-1.0,76
 ,5,95.0,76
