text,level,conf,height
,1,-1.0,383
,2,-1.0,58
,3,-1.0,58
,4,-1.0,19
Law,5,96.929161,14
and,5,96.934532,12
Empire,5,96.833321,19
,4,-1.0,19
in,5,97.011406,11
English,5,96.972099,19
Renaissance,5,96.917267,15
,4,-1.0,15
Literature,5,96.567688,15
