text,level,conf,height
,1,-1.0,498
,2,-1.0,86
,3,-1.0,86
,4,-1.0,21
TRAVEL,5,95.353409,21
AND,5,95.353409,21
,4,-1.0,23
ETHNOLOGY,5,96.700653,23
IN,5,95.727867,21
THE,5,95.969307,21
,4,-1.0,22
RENAISSANCE,5,95.750374,22
,2,-1.0,28
,3,-1.0,28
,4,-1.0,10
SOUTH,5,94.676811,10
INDIA,5,96.939423,9
THROUGH,5,96.837715,9
,4,-1.0,11
EUROPEAN,5,96.912384,10
"EYES,",5,96.857399,11
1250-1625,5,96.776344,10
,2,-1.0,498
,3,-1.0,498
,4,-1.0,498
 ,5,95.0,498
