text,level,conf,height
,1,-1.0,432
,2,-1.0,43
,3,-1.0,43
,4,-1.0,43
 ,5,95.0,43
,2,-1.0,73
,3,-1.0,73
,4,-1.0,18
THE,5,96.523834,16
POLITICS,5,96.278343,18
OF,5,96.278343,18
,4,-1.0,17
EXILE,5,96.27153,16
IN,5,93.80098,17
,4,-1.0,18
RENAISSANCE,5,96.390579,18
ITALY,5,95.821144,17
,2,-1.0,12
,3,-1.0,12
,4,-1.0,12
Christine,5,96.651543,12
Shaw,5,96.55706,12
,2,-1.0,11
,3,-1.0,11
,4,-1.0,11
CAMBRIDGE,5,96.097572,11
UNIVERSITY,5,96.717369,11
PRESS,5,85.938034,11
