text,level,conf,height
,1,-1.0,784
,2,-1.0,57
,3,-1.0,57
,4,-1.0,57
Rhinoceros,5,96.42202,57
5,5,96.816841,55
,2,-1.0,532
,3,-1.0,532
,4,-1.0,532
 ,5,95.0,532
