text,level,conf,height
,1,-1.0,330
,2,-1.0,32
,3,-1.0,32
,4,-1.0,13
The,5,96.856247,13
Italian,5,96.287132,13
,4,-1.0,13
Renaissance,5,95.988495,13
,2,-1.0,330
,3,-1.0,330
,4,-1.0,330
 ,5,95.0,330
