text,level,conf,height
,1,-1.0,612
,2,-1.0,612
,3,-1.0,612
,4,-1.0,79
  ,5,95.0,79
,4,-1.0,445
   ,5,95.0,445
,4,-1.0,88
   ,5,95.0,88
,2,-1.0,85
,3,-1.0,85
,4,-1.0,28
The,5,96.388412,28
Zen,5,95.449455,22
in,5,95.449455,24
,4,-1.0,50
"3,",5,13.911926,13
Modern,5,86.272141,35
Cosmology,5,96.802834,49
,2,-1.0,21
,3,-1.0,21
,4,-1.0,21
Chi-Sing,5,86.435349,21
Lam,5,96.461922,13
