text,level,conf,height
,1,-1.0,596
,2,-1.0,46
,3,-1.0,46
,4,-1.0,46
Electro-Fractal,5,91.729576,46
Universe,5,96.033272,46
,2,-1.0,10
,3,-1.0,10
,4,-1.0,10
Colin,5,92.468674,10
Hill,5,91.946266,10
,2,-1.0,1
,3,-1.0,1
,4,-1.0,1
 ,5,95.0,1
