text,level,conf,height
,1,-1.0,595
,2,-1.0,17
,3,-1.0,17
,4,-1.0,17
DELEUZE,5,91.905891,16
BEYOND,5,93.302605,16
BADIOU,5,92.105949,17
,2,-1.0,585
,3,-1.0,585
,4,-1.0,585
  ,5,95.0,585
