text,level,conf,height
,1,-1.0,672
,2,-1.0,314
,3,-1.0,314
,4,-1.0,314
 ,5,95.0,314
,2,-1.0,19
,3,-1.0,19
,4,-1.0,19
Adventures,5,93.629944,13
of,5,97.000946,14
the,5,96.357452,14
Symbolic,5,90.306717,18
,2,-1.0,7
,3,-1.0,7
,4,-1.0,7
POST-MARXISM,5,73.192139,7
AND,5,96.845131,7
RADICAL,5,96.535912,7
DEMOCRACY,5,96.535912,7
,2,-1.0,14
,3,-1.0,14
,4,-1.0,14
Warren,5,91.566559,13
Breckman,5,92.782242,14
