text,level,conf,height
,1,-1.0,612
,2,-1.0,8
,3,-1.0,8
,4,-1.0,8
CONCRETE,5,90.322464,8
BRIDGE,5,96.767456,8
ENGINEERING,5,95.885811,8
,2,-1.0,7
,3,-1.0,7
,4,-1.0,7
Performance,5,95.970947,7
and,5,96.553749,7
Advances,5,96.528435,7
,2,-1.0,8
,3,-1.0,8
,4,-1.0,8
‘Copyright,5,37.740631,8
1987,5,70.633728,5
Bevier,5,15.525299,6
Apple,5,70.493492,24
Science,5,38.11721,5
abies,5,0.0,5
Ld,5,65.998001,5
