text,level,conf,height
,1,-1.0,391
,2,-1.0,166
,3,-1.0,166
,4,-1.0,166
 ,5,95.0,166
,2,-1.0,45
,3,-1.0,45
,4,-1.0,17
Volpone,5,90.094116,17
,4,-1.0,13
A,5,0.0,13
Critical,5,0.0,13
Guide,5,96.971619,13
,2,-1.0,17
,3,-1.0,17
,4,-1.0,17
contin,5,0.0,32
enisace,5,0.0,32
rma,5,16.708237,32
SN,5,56.660316,17
