text,level,conf,height
,1,-1.0,379
,2,-1.0,174
,3,-1.0,174
,4,-1.0,174
  ,5,95.0,174
,2,-1.0,153
,3,-1.0,153
,4,-1.0,30
the,5,96.85231,30
,4,-1.0,34
renaissance,5,96.381767,34
,4,-1.0,33
literature,5,95.00457,33
,4,-1.0,32
handbook,5,96.152191,32
