text,level,conf,height
,1,-1.0,792
,2,-1.0,93
,3,-1.0,93
,4,-1.0,24
CORROSION,5,96.445534,24
,4,-1.0,23
SCIENCE,5,94.977631,23
and,5,96.234116,19
,4,-1.0,23
TECHNOLOGY,5,96.629974,23
