text,level,conf,height
,1,-1.0,860
,2,-1.0,104
,3,-1.0,104
,4,-1.0,45
The,5,96.217148,45
,4,-1.0,45
Count,5,96.811554,44
of,5,96.801201,45
Monte,5,96.006493,43
,2,-1.0,43
,3,-1.0,43
,4,-1.0,43
Cristo,5,96.681381,43
,2,-1.0,380
,3,-1.0,380
,4,-1.0,380
   ,5,95.0,380
,2,-1.0,50
,3,-1.0,50
,4,-1.0,50
ALEXANDRE,5,93.192741,49
DUMAS,5,90.566414,42
,2,-1.0,182
,3,-1.0,182
,4,-1.0,182
 ,5,95.0,182
