text,level,conf,height
,1,-1.0,783
,2,-1.0,13
,3,-1.0,13
,4,-1.0,13
NEW,5,96.018669,13
PERSPECTIVES,5,95.908852,13
,2,-1.0,23
,3,-1.0,23
,4,-1.0,23
Adobe®,5,78.859169,23
,2,-1.0,55
,3,-1.0,55
,4,-1.0,55
Photoshop,5,83.638535,54
CS6,5,83.638535,41
,2,-1.0,230
,3,-1.0,230
,4,-1.0,230
Mn,5,20.059982,319
,2,-1.0,49
,3,-1.0,49
,4,-1.0,49
c,5,50.675583,13
"COMPREHENSIVE,",5,53.033718,49
E,5,93.185028,14
,2,-1.0,50
,3,-1.0,50
,4,-1.0,50
 ,5,95.0,50
