text,level,conf,height
,1,-1.0,323
,2,-1.0,29
,3,-1.0,29
,4,-1.0,12
DATA,5,96.642281,11
COMMUNICATIONS,5,95.097496,12
,4,-1.0,12
ano,5,38.869377,9
COMPUTER,5,96.005112,12
NETWORKS,5,85.318832,12
,2,-1.0,60
,3,-1.0,60
,4,-1.0,60
4,5,76.104103,60
,2,-1.0,14
,3,-1.0,14
,4,-1.0,14
 ,5,95.0,14
,2,-1.0,9
,3,-1.0,9
,4,-1.0,9
CURT,5,77.434433,8
M.,5,74.134048,8
WHITE,5,96.567024,9
,2,-1.0,99
,3,-1.0,99
,4,-1.0,99
 ,5,95.0,99
