text,level,conf,height
,1,-1.0,657
,2,-1.0,80
,3,-1.0,80
,4,-1.0,39
Information,5,96.055237,30
Technology,5,96.066948,39
,4,-1.0,36
PROJECT,5,96.039665,29
MANAGEMENT,5,96.039665,28
|,5,92.925858,36
7e,5,91.39505,28
,2,-1.0,27
,3,-1.0,27
,4,-1.0,27
Kathy,5,96.472176,27
Schwalbe,5,96.708412,22
