text,level,conf,height
,1,-1.0,784
,2,-1.0,390
,3,-1.0,390
,4,-1.0,390
 ,5,95.0,390
,2,-1.0,32
,3,-1.0,32
,4,-1.0,32
CLEARLY,5,96.703461,32
VISUAL,5,96.239151,32
BASIC”,5,66.052475,32
,2,-1.0,14
,3,-1.0,14
,4,-1.0,14
Third,5,96.845604,13
Edition,5,96.483894,13
DIANE,5,95.332901,13
ZAK,5,96.857841,13
