text,level,conf,height
,1,-1.0,666
,2,-1.0,132
,3,-1.0,132
,4,-1.0,51
Anonymous,5,96.2416,51
,4,-1.0,38
(Goyaabaaiebablercialoyal,5,0.0,38
,4,-1.0,38
Networks,5,96.797104,38
,2,-1.0,24
,3,-1.0,24
,4,-1.0,24
Protecting,5,97.008209,23
Privacy,5,96.780861,23
on,5,96.106155,12
the,5,96.560501,17
Web,5,96.874352,18
,2,-1.0,453
,3,-1.0,453
,4,-1.0,453
 ,5,95.0,453
