text,level,conf,height
,1,-1.0,792
,2,-1.0,181
,3,-1.0,165
,4,-1.0,75
Lifestyle,5,96.131172,75
,4,-1.0,165
Medidine,5,69.264969,165
,2,-1.0,29
,3,-1.0,29
,4,-1.0,29
SECOND,5,96.729843,29
EDITION,5,96.889297,14
,2,-1.0,142
,3,-1.0,142
,4,-1.0,27
Edited,5,96.927917,20
by,5,96.994957,27
,4,-1.0,39
James,5,93.297272,36
M.,5,90.966049,28
"Rippe,",5,90.677933,39
MD,5,96.441132,28
,4,-1.0,28
OB,5,20.800919,28
"rcres,",5,11.552811,21
