text,level,conf,height
,1,-1.0,683
,2,-1.0,91
,3,-1.0,91
,4,-1.0,40
Networked,5,96.540993,32
Filtering,5,96.711029,40
and,5,93.345383,32
Fusion,5,93.345383,29
,4,-1.0,47
in,5,96.997269,27
Wireless,5,96.461319,32
Sensor,5,93.843483,29
Networks,5,93.843483,47
,2,-1.0,523
,3,-1.0,523
,4,-1.0,63
  ,5,95.0,63
  ,5,95.0,63
,4,-1.0,460
    ,5,95.0,460
,2,-1.0,53
,3,-1.0,53
,4,-1.0,25
Magdi,5,92.097092,25
S.,5,92.864845,18
Mahmoud,5,96.893723,20
,4,-1.0,23
Yuanging,5,91.016708,23
Xia,5,96.820023,18
