text,level,conf,height
,1,-1.0,666
,2,-1.0,15
,3,-1.0,15
,4,-1.0,15
Parallel,5,96.562492,11
Science,5,96.720451,11
and,5,96.983521,11
Engineering,5,86.360794,14
Applications,5,89.334335,15
,2,-1.0,30
,3,-1.0,30
,4,-1.0,30
The,5,93.294907,23
Charm++,5,91.672661,23
Approach,5,96.760063,30
