text,level,conf,height
,1,-1.0,868
,2,-1.0,73
,3,-1.0,73
,4,-1.0,73
Managing,5,96.071991,73
,2,-1.0,101
,3,-1.0,101
,4,-1.0,101
Trust,5,95.017998,101
,2,-1.0,51
,3,-1.0,51
,4,-1.0,51
in,5,95.531471,33
Cyberspace,5,96.328125,51
,2,-1.0,135
,3,-1.0,135
,4,-1.0,23
Edited,5,96.728592,16
by,5,96.232353,23
,4,-1.0,31
Sabu,5,93.284294,22
M.,5,90.256973,21
Thampi,5,90.256973,31
,4,-1.0,31
Bharat,5,96.829964,23
Bhargava,5,96.548462,31
,4,-1.0,31
Pradeep,5,91.698647,31
K.,5,89.55278,20
Atrey,5,92.507339,30
,2,-1.0,168
,3,-1.0,168
,4,-1.0,168
T),5,0.0,168
,2,-1.0,380
,3,-1.0,380
,4,-1.0,380
 ,5,95.0,207
  ,5,95.0,380
,2,-1.0,28
,3,-1.0,28
,4,-1.0,28
‘A,5,63.504341,28
CHAPMAN,5,76.631119,8
&,5,91.707245,8
HALL,5,96.277946,8
BOOK,5,92.89357,8
