text,level,conf,height
,1,-1.0,739
,2,-1.0,252
,3,-1.0,252
,4,-1.0,252
   ,5,95.0,252
,2,-1.0,9
,3,-1.0,9
,4,-1.0,9
EMERGING,5,92.072258,9
DIRECTIOI,5,37.996143,9
S,5,84.262489,9
AND,5,96.848625,9
APPLICATIONS,5,96.758224,9
,2,-1.0,63
,3,-1.0,63
,4,-1.0,63
MANAGEMENT,5,96.443672,63
,2,-1.0,423
,3,-1.0,423
,4,-1.0,423
 ,5,95.0,423
