text,level,conf,height
,1,-1.0,666
,2,-1.0,154
,3,-1.0,154
,4,-1.0,49
Computational,5,96.502571,49
,4,-1.0,35
Trust,5,96.704041,33
Models,5,95.919167,35
and,5,91.017746,23
,4,-1.0,48
Machine,5,96.463478,35
Learning,5,96.463478,46
,2,-1.0,280
,3,-1.0,280
,4,-1.0,280
 ,5,95.0,280
,2,-1.0,70
,3,-1.0,70
,4,-1.0,15
Edited,5,96.946426,13
by,5,96.946426,15
,4,-1.0,18
Xin,5,96.9375,15
"Liu,",5,93.304512,18
Anwitaman,5,92.098335,15
"Datta,",5,96.928123,18
,4,-1.0,24
and,5,93.306252,17
Ee-Peng,5,93.189751,23
Lim,5,96.42411,15
