text,level,conf,height
,1,-1.0,685
,2,-1.0,408
,3,-1.0,408
,4,-1.0,408
   ,5,95.0,408
,2,-1.0,56
,3,-1.0,56
,4,-1.0,20
gem,5,34.356186,20
BY,5,91.76947,7
,4,-1.0,23
Prapuar,5,26.105873,16
¢,5,65.329384,7
Quincey,5,24.075554,23
Kozio.,5,0.0,16
,2,-1.0,36
,3,-1.0,36
,4,-1.0,36
“p,5,0.0,36
,2,-1.0,152
,3,-1.0,152
,4,-1.0,152
 ,5,95.0,152
