text,level,conf,height
,1,-1.0,504
,2,-1.0,19
,3,-1.0,19
,4,-1.0,19
CRITICAL,5,95.295593,19
THINKING,5,95.295593,19
,2,-1.0,11
,3,-1.0,11
,4,-1.0,11
JONATHAN,5,96.327721,11
HABER,5,96.922836,11
,2,-1.0,303
,3,-1.0,303
,4,-1.0,303
 ,5,95.0,303
