text,level,conf,height
,1,-1.0,1000
,2,-1.0,36
,3,-1.0,36
,4,-1.0,36
CROWDSOURCING,5,92.256691,36
,2,-1.0,20
,3,-1.0,20
,4,-1.0,20
DAREN,5,90.37677,20
C.,5,90.37677,20
BRABHAM,5,91.069504,20
,2,-1.0,454
,3,-1.0,454
,4,-1.0,454
 ,5,95.0,454
