text,level,conf,height
,1,-1.0,792
,2,-1.0,282
,3,-1.0,256
,4,-1.0,157
4,5,69.340187,40
Ls,5,26.051987,149
hh:,5,33.312111,87
,4,-1.0,218
gai,5,25.640579,132
eve,5,96.005836,60
Qj,5,79.656525,42
plej,5,6.886246,78
),5,82.876343,36
:,5,26.509926,42
,4,-1.0,282
\,5,62.845768,69
is,5,10.895233,56
iw,5,0.0,39
ZS,5,1.817978,135
ol,5,41.052147,171
,2,-1.0,792
,3,-1.0,792
,4,-1.0,792
 ,5,95.0,792
