text,level,conf,height
,1,-1.0,493
,2,-1.0,312
,3,-1.0,312
,4,-1.0,312
 ,5,95.0,312
,2,-1.0,80
,3,-1.0,80
,4,-1.0,41
Canna,5,96.222137,27
bi,5,88.214493,41
5,5,47.478485,21
,4,-1.0,32
Alchemy,5,96.737587,32
,2,-1.0,17
,3,-1.0,17
,4,-1.0,17
yy,5,30.527359,17
,2,-1.0,18
,3,-1.0,18
,4,-1.0,9
m,5,34.745544,9
,4,-1.0,15
of,5,78.118332,15
,2,-1.0,311
,3,-1.0,311
,4,-1.0,311
 ,5,95.0,311
,2,-1.0,82
,3,-1.0,82
,4,-1.0,82
 ,5,95.0,82
,2,-1.0,25
,3,-1.0,25
,4,-1.0,25
D.Gotd,5,69.662659,25
