text,level,conf,height
,1,-1.0,572
,2,-1.0,9
,3,-1.0,9
,4,-1.0,9
A,5,78.559952,7
New,5,84.985115,8
York,5,92.859612,8
Tines,5,81.17131,9
Bestselte,5,56.881786,8
,2,-1.0,148
,3,-1.0,148
,4,-1.0,27
BREAKING,5,95.576942,27
,4,-1.0,18
THE,5,95.876305,18
,4,-1.0,28
SPEL,5,90.544777,28
,2,-1.0,114
,3,-1.0,114
,4,-1.0,114
 ,5,95.0,114
,2,-1.0,17
,3,-1.0,17
,4,-1.0,17
DANIEL,5,90.462814,17
C.,5,90.293716,17
DENNETT,5,87.894051,16
,2,-1.0,29
,3,-1.0,29
,4,-1.0,29
0,5,80.453552,29
