text,level,conf,height
,1,-1.0,566
,2,-1.0,15
,3,-1.0,15
,4,-1.0,15
  ,5,95.0,15
,2,-1.0,11
,3,-1.0,11
,4,-1.0,11
CAKING,5,48.541229,11
OPEN,5,94.575943,10
THE,5,95.696785,8
HEAD,5,95.700134,8
