text,level,conf,height
,1,-1.0,331
,2,-1.0,19
,3,-1.0,19
,4,-1.0,19
DAVIO,5,84.888527,19
LYNCH,5,92.437279,19
