text,level,conf,height
,1,-1.0,666
,2,-1.0,14
,3,-1.0,14
,4,-1.0,14
Covers,5,96.604187,14
Python,5,95.553429,14
3.7,5,89.179199,13
,2,-1.0,46
,3,-1.0,46
,4,-1.0,46
in,5,96.9104,37
Python,5,96.787506,46
,2,-1.0,21
,3,-1.0,21
,4,-1.0,21
David,5,93.303909,17
Kopec,5,93.136368,21
,2,-1.0,21
,3,-1.0,21
,4,-1.0,21
MB,5,53.281075,20
vannins,5,0.0,10
,2,-1.0,666
,3,-1.0,666
,4,-1.0,666
 ,5,95.0,666
