text,level,conf,height
,1,-1.0,597
,2,-1.0,9
,3,-1.0,9
,4,-1.0,9
OXFORD,5,72.002037,9
,2,-1.0,65
,3,-1.0,65
,4,-1.0,65
metametaphysics,5,83.388847,65
,2,-1.0,236
,3,-1.0,236
,4,-1.0,236
 ,5,95.0,236
