text,level,conf,height
,1,-1.0,842
,2,-1.0,25
,3,-1.0,25
,4,-1.0,25
THE,5,95.399368,24
SCIENCE,5,95.537979,25
OF,5,96.506744,24
ONENESS,5,96.077133,25
,2,-1.0,32
,3,-1.0,32
,4,-1.0,32
by,5,96.404747,32
David,5,92.554001,22
wilcock,5,72.348602,22
,2,-1.0,842
,3,-1.0,842
,4,-1.0,842
 ,5,95.0,842
