text,level,conf,height
,1,-1.0,567
,2,-1.0,131
,3,-1.0,130
,4,-1.0,83
ROBOTS:,5,72.391335,83
,4,-1.0,44
REBELLION,5,85.763603,44
",",5,90.781517,62
,2,-1.0,15
,3,-1.0,15
,4,-1.0,15
The,5,96.991203,12
Story,5,96.847733,14
of,5,95.233482,33
the,5,95.233482,33
Spiritual,5,96.826286,33
Renaissance.,5,45.070286,33
,2,-1.0,303
,3,-1.0,303
,4,-1.0,303
 ,5,95.0,303
,2,-1.0,85
,3,-1.0,85
,4,-1.0,85
David,5,96.517746,79
Icke,5,96.647354,85
