text,level,conf,height
,1,-1.0,792
,2,-1.0,18
,3,-1.0,18
,4,-1.0,18
Deep,5,96.452675,18
Learning,5,93.587585,18
,2,-1.0,44
,3,-1.0,44
,4,-1.0,10
Ian,5,89.172676,10
Goodfellow,5,59.423431,10
,4,-1.0,10
Yoshua,5,91.966599,10
Bei,5,86.705673,10
,4,-1.0,10
Aaron,5,93.302879,10
Courville,5,85.18515,10
,2,-1.0,9
,3,-1.0,9
,4,-1.0,9
 ,5,95.0,9
