text,level,conf,height
,1,-1.0,684
,2,-1.0,212
,3,-1.0,212
,4,-1.0,212
  ,5,95.0,212
 ,5,95.0,61
,2,-1.0,107
,3,-1.0,107
,4,-1.0,57
Deep,5,96.263435,57
Learning,5,96.788506,57
,4,-1.0,46
Architectures,5,96.313385,46
,2,-1.0,38
,3,-1.0,38
,4,-1.0,38
(ay,5,48.438217,37
Springer,5,96.553833,31
