text,level,conf,height
,1,-1.0,667
,2,-1.0,46
,3,-1.0,46
,4,-1.0,24
Building,5,96.339081,24
a,5,96.339081,12
Deep,5,92.278664,22
Learning,5,96.907349,23
Model,5,94.731918,18
,4,-1.0,18
with,5,93.305687,18
TensorFlow,5,88.740921,18
,2,-1.0,16
,3,-1.0,16
,4,-1.0,16
 ,5,95.0,16
,2,-1.0,442
,3,-1.0,442
,4,-1.0,442
 ,5,95.0,442
