text,level,conf,height
,1,-1.0,779
,2,-1.0,91
,3,-1.0,91
,4,-1.0,91
enlightenment,5,88.224152,91
,2,-1.0,28
,3,-1.0,28
,4,-1.0,28
redefining,5,52.016254,28
spirituality,5,53.537289,11
for,5,53.537289,9
an,5,73.34314,6
evolving,5,95.164307,28
world,5,93.765343,28
,2,-1.0,17
,3,-1.0,17
,4,-1.0,17
 ,5,95.0,17
,2,-1.0,97
,3,-1.0,97
,4,-1.0,49
The,5,96.767448,39
Never-Ending,5,96.536667,49
,4,-1.0,49
Upward,5,96.241821,49
Quest,5,96.476379,43
,2,-1.0,338
,3,-1.0,338
,4,-1.0,338
 ,5,95.0,338
