text,level,conf,height
,1,-1.0,450
,2,-1.0,331
,3,-1.0,331
,4,-1.0,331
 ,5,95.0,331
,2,-1.0,55
,3,-1.0,55
,4,-1.0,25
How,5,96.403877,25
THE,5,95.863686,19
BRAIN,5,96.296097,25
,4,-1.0,25
EVOLVED,5,93.433105,25
LANGUAGE,5,96.961304,25
,2,-1.0,447
,3,-1.0,447
,4,-1.0,447
 ,5,95.0,447
,2,-1.0,15
,3,-1.0,15
,4,-1.0,15
DONALD,5,93.300789,15
LORITZ,5,90.852982,15
,2,-1.0,1
,3,-1.0,1
,4,-1.0,1
 ,5,95.0,1
