text,level,conf,height
,1,-1.0,315
,2,-1.0,26
,3,-1.0,26
,4,-1.0,26
WITNESS,5,94.522041,26
,2,-1.0,133
,3,-1.0,133
,4,-1.0,20
iTyaly,5,0.0,20
,4,-1.0,58
it,5,4.596756,50
eh,5,26.931244,21
LET,5,31.989769,47
dee,5,32.172539,47
,4,-1.0,20
UNNASKING,5,33.34166,20
THE,5,93.168388,43
6D-YEAR,5,16.410065,43
CvER-UR,5,1.797577,20
,2,-1.0,127
,3,-1.0,127
,4,-1.0,44
  ,5,95.0,44
,4,-1.0,81
  ,5,95.0,81
