text,level,conf,height
,1,-1.0,358
,2,-1.0,331
,3,-1.0,331
,4,-1.0,74
    ,5,95.0,74
,4,-1.0,257
  ,5,95.0,219
  ,5,95.0,62
,2,-1.0,91
,3,-1.0,91
,4,-1.0,63
Bay,5,90.513992,63
esian,5,92.0457,31
,4,-1.0,57
Statistics,5,95.974564,57
,2,-1.0,23
,3,-1.0,23
,4,-1.0,23
for,5,96.472771,18
Beginners,5,96.490112,23
,2,-1.0,336
,3,-1.0,336
,4,-1.0,336
 ,5,95.0,336
