text,level,conf,height
,1,-1.0,480
,2,-1.0,431
,3,-1.0,431
,4,-1.0,431
 ,5,95.0,431
,2,-1.0,12
,3,-1.0,12
,4,-1.0,12
A,5,61.033241,11
BAGGIT,5,90.549911,12
AND,5,43.830956,12
°CLODDE,5,17.337227,12
AUDIO,5,96.583313,12
DRAMA,5,96.800911,11
