text,level,conf,height
,1,-1.0,842
,2,-1.0,106
,3,-1.0,106
,4,-1.0,106
LIVING,5,93.831635,106
,2,-1.0,32
,3,-1.0,32
,4,-1.0,32
IN,5,96.753662,31
THE,5,95.806793,32
,2,-1.0,95
,3,-1.0,95
,4,-1.0,95
HEART,5,95.982819,95
,2,-1.0,614
,3,-1.0,614
,4,-1.0,614
   ,5,95.0,614
,2,-1.0,20
,3,-1.0,20
,4,-1.0,20
DRUNVALO,5,91.78022,19
MELCHIZEDEK,5,90.567474,19
