text,level,conf,height
,1,-1.0,668
,2,-1.0,49
,3,-1.0,49
,4,-1.0,49
mind,5,53.049335,40
beyond,5,23.170441,49
death,5,92.378983,40
,2,-1.0,394
,3,-1.0,394
,4,-1.0,394
 ,5,95.0,394
