text,level,conf,height
,1,-1.0,792
,2,-1.0,18
,3,-1.0,18
,4,-1.0,18
ECKHART,5,92.476685,18
TOLLE,5,96.454895,18
,2,-1.0,39
,3,-1.0,39
,4,-1.0,39
A,5,95.833984,38
NEW,5,95.677177,39
EARTH,5,95.677177,38
,2,-1.0,61
,3,-1.0,61
,4,-1.0,26
Awakening,5,96.469666,26
to,5,96.491295,17
,4,-1.0,26
Your,5,93.273026,18
Life’s,5,86.835297,26
Purpose,5,96.829872,25
