text,level,conf,height
,1,-1.0,613
,2,-1.0,7
,3,-1.0,7
,4,-1.0,7
 ,5,95.0,7
,2,-1.0,27
,3,-1.0,27
,4,-1.0,27
THOMAS,5,96.554291,27
,2,-1.0,98
,3,-1.0,98
,4,-1.0,98
 ,5,95.0,98
,2,-1.0,27
,3,-1.0,27
,4,-1.0,27
MIDDLETON,5,88.888626,27
,2,-1.0,56
,3,-1.0,56
,4,-1.0,56
‘Renaissance,5,96.132523,56
,2,-1.0,33
,3,-1.0,33
,4,-1.0,33
/Dramatist,5,10.968254,33
,2,-1.0,17
,3,-1.0,17
,4,-1.0,17
MICHELLE,5,96.312096,17
ALLAGHAN,5,84.763191,12
,2,-1.0,247
,3,-1.0,247
,4,-1.0,247
 ,5,95.0,247
