text,level,conf,height
,1,-1.0,613
,2,-1.0,29
,3,-1.0,29
,4,-1.0,29
CHRISTOPHER,5,95.553055,29
,2,-1.0,98
,3,-1.0,98
,4,-1.0,98
 ,5,95.0,98
,2,-1.0,27
,3,-1.0,27
,4,-1.0,27
MARLOWE,5,87.274086,27
,2,-1.0,94
,3,-1.0,94
,4,-1.0,56
‘Renaissance,5,95.994553,56
,4,-1.0,33
/Dramatist,5,1.317253,33
,2,-1.0,10
,3,-1.0,10
,4,-1.0,10
 ,5,95.0,10
,2,-1.0,181
,3,-1.0,181
,4,-1.0,181
   ,5,95.0,181
,2,-1.0,17
,3,-1.0,17
,4,-1.0,17
Lisa,5,96.778893,17
Hopkins,5,43.022518,17
