text,level,conf,height
,1,-1.0,664
,2,-1.0,29
,3,-1.0,29
,4,-1.0,13
"Globalisation,",5,96.552826,13
the,5,96.918953,11
Global,5,96.918953,11
Financial,5,96.485039,11
Crisis,5,72.691147,11
,4,-1.0,11
and,5,96.932999,11
the,5,96.985817,11
State,5,96.940643,11
