text,level,conf,height
,1,-1.0,667
,2,-1.0,166
,3,-1.0,166
,4,-1.0,166
 ,5,95.0,166
,2,-1.0,34
,3,-1.0,34
,4,-1.0,33
THE,5,96.669662,14
DEINE,5,9.715843,33
GUIDE,5,96.782051,14
TO,5,96.195412,14
IMPLEMENTATION,5,96.160164,14
,4,-1.0,15
ND,5,95.490303,13
OPERATIONS,5,96.678955,15
,2,-1.0,479
,3,-1.0,479
,4,-1.0,479
 ,5,95.0,479
,2,-1.0,457
,3,-1.0,457
,4,-1.0,457
 ,5,95.0,457
,2,-1.0,154
,3,-1.0,154
,4,-1.0,154
 ,5,95.0,154
