text,level,conf,height
,1,-1.0,666
,2,-1.0,57
,3,-1.0,57
,4,-1.0,32
Agile,5,96.761925,32
Software,5,96.749435,25
,4,-1.0,25
Architecture,5,96.611229,25
