text,level,conf,height
,1,-1.0,497
,2,-1.0,96
,3,-1.0,96
,4,-1.0,96
NAOMI,5,76.254578,62
NOVIK,5,90.107246,96
,2,-1.0,396
,3,-1.0,396
,4,-1.0,396
 ,5,95.0,396
