text,level,conf,height
,1,-1.0,504
,2,-1.0,19
,3,-1.0,19
,4,-1.0,19
ERIC,5,93.278709,19
CHAISSON,5,91.877098,19
,2,-1.0,238
,3,-1.0,238
,4,-1.0,238
 ,5,95.0,238
