text,level,conf,height
,1,-1.0,686
,2,-1.0,664
,3,-1.0,664
,4,-1.0,99
   ,5,95.0,99
,4,-1.0,522
    ,5,95.0,522
 ,5,95.0,21
,4,-1.0,43
  ,5,95.0,43
,2,-1.0,51
,3,-1.0,51
,4,-1.0,11
BLACKWELL,5,96.168282,11
,4,-1.0,10
PHILOSOPHY,5,93.730423,10
,2,-1.0,11
,3,-1.0,11
,4,-1.0,11
ANTHOLOGIES,5,96.867729,11
,2,-1.0,27
,3,-1.0,27
,4,-1.0,27
Ove,5,46.870735,27
