text,level,conf,height
,1,-1.0,680
,2,-1.0,414
,3,-1.0,414
,4,-1.0,414
   ,5,95.0,414
,2,-1.0,84
,3,-1.0,84
,4,-1.0,84
  ,5,95.0,84
,2,-1.0,13
,3,-1.0,13
,4,-1.0,13
Gn,5,63.217194,9
the,5,63.217194,9
fringe:,5,78.972122,13
,2,-1.0,10
,3,-1.0,10
,4,-1.0,10
On,5,82.986252,10
"the-run,",5,7.703964,10
,2,-1.0,161
,3,-1.0,161
,4,-1.0,161
  ,5,95.0,161
