text,level,conf,height
,1,-1.0,675
,2,-1.0,33
,3,-1.0,33
,4,-1.0,33
With,5,96.573776,25
Respect,5,96.657051,32
for,5,96.794022,25
Nature,5,96.685921,24
,2,-1.0,21
,3,-1.0,21
,4,-1.0,21
Living,5,78.974503,20
ay,5,59.150772,29
Part,5,95.789604,19
of,5,95.789604,29
the,5,96.665833,19
Natural,5,94.32724,29
World,5,86.066254,29
,2,-1.0,480
,3,-1.0,480
,4,-1.0,480
 ,5,95.0,480
,2,-1.0,24
,3,-1.0,24
,4,-1.0,24
J.,5,78.624367,24
Claude,5,94.81427,18
Evans,5,96.862022,18
