text,level,conf,height
,1,-1.0,720
,2,-1.0,62
,3,-1.0,62
,4,-1.0,62
sia,5,18.34993,62
Susan,5,93.220566,21
K.,5,91.688255,20
Effgen,5,90.874306,25
,2,-1.0,396
,3,-1.0,396
,4,-1.0,396
 ,5,95.0,396
