text,level,conf,height
,1,-1.0,792
,2,-1.0,23
,3,-1.0,23
,4,-1.0,23
HANDBOOK,5,95.25737,23
to,5,75.566864,15
LIFE,5,37.862648,19
in,5,37.862648,15
,2,-1.0,117
,3,-1.0,117
,4,-1.0,53
RENAISSANCE,5,96.27903,53
,4,-1.0,52
EUROPE,5,96.240356,52
,2,-1.0,174
,3,-1.0,174
,4,-1.0,174
RLD,5,91.552216,48
HISTOR,5,96.461563,103
,2,-1.0,15
,3,-1.0,15
,4,-1.0,15
SANDRA,5,96.228172,15
SIDER,5,96.228172,15
,2,-1.0,12
,3,-1.0,12
,4,-1.0,12
Zz,5,35.62648,12
,2,-1.0,756
,3,-1.0,756
,4,-1.0,756
  ,5,95.0,756
