text,level,conf,height
,1,-1.0,738
,2,-1.0,17
,3,-1.0,17
,4,-1.0,17
EUROPEAN,5,96.622101,17
NATIONS,5,93.860741,17
,2,-1.0,34
,3,-1.0,34
,4,-1.0,13
A,5,95.426544,13
REFERENCE,5,95.426544,13
GUIDE,5,96.66275,13
,4,-1.0,13
FROM,5,96.632034,10
THE,5,96.632034,9
RENAISSANCE,5,95.989182,13
TO,5,96.039574,9
THE,5,95.694954,10
PRESENT,5,96.334045,13
,2,-1.0,15
,3,-1.0,15
,4,-1.0,15
MAURICIO,5,90.794907,15
BORRERO,5,90.794907,15
,2,-1.0,738
,3,-1.0,738
,4,-1.0,738
  ,5,95.0,738
