text,level,conf,height
,1,-1.0,669
,2,-1.0,90
,3,-1.0,90
,4,-1.0,17
"Justice,",5,96.133591,17
"Women,",5,96.907753,14
,4,-1.0,12
and,5,96.38694,12
Power,5,96.435951,12
,4,-1.0,17
in,5,96.800674,8
English,5,91.083755,17
,4,-1.0,12
Renaissance,5,96.787827,12
Drama,5,95.115005,12
