text,level,conf,height
,1,-1.0,536
,2,-1.0,34
,3,-1.0,34
,4,-1.0,8
THIEME,5,86.910988,8
FLEXIBOOK,5,84.840698,8
,4,-1.0,7
=,5,85.320618,7
,2,-1.0,112
,3,-1.0,112
,4,-1.0,112
 ,5,95.0,112
,2,-1.0,32
,3,-1.0,32
,4,-1.0,14
Sy,5,49.188644,14
sy,5,9.454391,1
,4,-1.0,17
»,5,27.244904,10
rOWN,5,0.0,17
,2,-1.0,179
,3,-1.0,179
,4,-1.0,119
    ,5,95.0,119
,4,-1.0,60
 ,5,95.0,60
,2,-1.0,455
,3,-1.0,455
,4,-1.0,455
 ,5,95.0,455
