text,level,conf,height
,1,-1.0,332
,2,-1.0,44
,3,-1.0,44
,4,-1.0,44
Flutter,5,95.232506,44
,2,-1.0,168
,3,-1.0,168
,4,-1.0,168
us,5,55.535614,168
,2,-1.0,63
,3,-1.0,63
,4,-1.0,63
 ,5,95.0,63
