text,level,conf,height
,1,-1.0,396
,2,-1.0,9
,3,-1.0,9
,4,-1.0,9
Frank,5,80.832428,28
Gose,5,64.408287,28
,2,-1.0,16
,3,-1.0,16
,4,-1.0,16
NOTHING,5,95.782486,16
,2,-1.0,10
,3,-1.0,10
,4,-1.0,10
‘A,5,62.702148,28
Very,5,72.177673,28
Short,5,61.309647,28
introduction,5,61.309647,8
,2,-1.0,56
,3,-1.0,56
,4,-1.0,56
 ,5,95.0,56
,2,-1.0,18
,3,-1.0,18
,4,-1.0,18
 ,5,95.0,18
