text,level,conf,height
,1,-1.0,612
,2,-1.0,315
,3,-1.0,315
,4,-1.0,315
Castle,5,94.329185,315
,2,-1.0,266
,3,-1.0,266
,4,-1.0,266
 ,5,95.0,266
,2,-1.0,131
,3,-1.0,131
,4,-1.0,131
:,5,0.0,5
By,5,87.920517,108
han,5,50.553761,101
rail,5,29.211967,131
