text,level,conf,height
,1,-1.0,620
,2,-1.0,15
,3,-1.0,15
,4,-1.0,15
he,5,88.213806,11
Origin,5,95.151047,15
of,5,96.847565,12
Human,5,94.087532,8
intelligence,5,73.259125,13
,2,-1.0,18
,3,-1.0,18
,4,-1.0,18
Fredric,5,93.238144,14
M.,5,93.017197,12
Menger,5,96.81385,16
,2,-1.0,12
,3,-1.0,12
,4,-1.0,12
Imperial,5,96.095604,12
College,5,96.144104,28
Press,5,88.788696,9
,2,-1.0,146
,3,-1.0,146
,4,-1.0,146
 ,5,95.0,146
