text,level,conf,height
,1,-1.0,1000
,2,-1.0,36
,3,-1.0,36
,4,-1.0,36
FREE,5,96.904015,36
WILL,5,96.986008,36
,2,-1.0,20
,3,-1.0,20
,4,-1.0,20
MARK,5,93.272659,20
BALAGUER,5,91.965202,19
,2,-1.0,324
,3,-1.0,324
,4,-1.0,324
 ,5,95.0,324
,2,-1.0,12
,3,-1.0,12
,4,-1.0,12
THE,5,96.583954,12
MIT,5,96.258781,12
PRESS,5,96.654869,12
ESSENTIAL,5,95.980186,12
KNOWLEDGE,5,96.743584,12
SERIES,5,93.36171,12
