text,level,conf,height
,1,-1.0,792
,2,-1.0,77
,3,-1.0,77
,4,-1.0,77
an,5,0.0,33
gOriLnims,5,0.0,77
,2,-1.0,458
,3,-1.0,458
,4,-1.0,458
 ,5,95.0,458
,2,-1.0,17
,3,-1.0,17
,4,-1.0,17
CODE,5,96.420349,17
LISTINGS,5,95.909256,17
AND,5,95.909256,17
FIGURES.,5,83.013435,17
