text,level,conf,height
,1,-1.0,450
,2,-1.0,54
,3,-1.0,54
,4,-1.0,27
WORLD,5,96.172272,27
,4,-1.0,23
ERAS,5,96.216064,23
,2,-1.0,33
,3,-1.0,33
,4,-1.0,7
VOLUME,5,78.353363,7
1,5,78.733047,28
,4,-1.0,9
EUROPEAN,5,96.490425,8
RENAISSANCE,5,96.290703,9
,4,-1.0,9
‘AND,5,53.873463,8
REFORMATION,5,95.591064,9
,2,-1.0,37
,3,-1.0,37
,4,-1.0,37
 ,5,95.0,37
,2,-1.0,8
,3,-1.0,8
,4,-1.0,8
NORMAN,5,95.370514,8
J.,5,95.080292,7
WILSON,5,96.118172,7
