text,level,conf,height
,1,-1.0,697
,2,-1.0,45
,3,-1.0,45
,4,-1.0,10
The,5,90.766701,10
Blackwell,5,96.305038,10
Guide,5,96.860664,10
to,5,92.849716,7
,4,-1.0,20
Metaphysics,5,95.417274,20
