text,level,conf,height
,1,-1.0,792
,2,-1.0,65
,3,-1.0,65
,4,-1.0,23
ARTS,5,92.76722,23
&,5,90.323013,20
HUMANITIES,5,96.195923,23
,4,-1.0,33
Through,5,95.864067,33
the,5,96.314651,24
Eras,5,95.358788,23
