text,level,conf,height
,1,-1.0,684
,2,-1.0,62
,3,-1.0,62
,4,-1.0,27
What,5,96.581947,21
is,5,94.49778,21
this,5,96.591209,21
thing,5,96.810837,27
called,5,94.929367,21
,4,-1.0,26
metaphysics?,5,66.659203,26
,2,-1.0,65
,3,-1.0,65
,4,-1.0,65
ayy,5,66.22049,65
,2,-1.0,17
,3,-1.0,17
,4,-1.0,17
Brian,5,96.41452,17
Garrett,5,96.266624,17
