text,level,conf,height
,1,-1.0,648
,2,-1.0,10
,3,-1.0,10
,4,-1.0,10
-pey,5,6.542053,5
JON,5,93.132301,10
L.,5,70.185814,9
GIBSON,5,92.73127,9
ano,5,77.301308,6
PHILIP,5,96.368217,9
J.,5,87.72522,28
CARR,5,77.981316,9
,2,-1.0,648
,3,-1.0,648
,4,-1.0,648
 ,5,95.0,648
