text,level,conf,height
,1,-1.0,381
,2,-1.0,32
,3,-1.0,32
,4,-1.0,12
DAILY,5,96.922539,12
LIFE,5,96.344429,12
IN,5,96.344429,12
RENAISSANCE,5,96.411598,12
,4,-1.0,11
ITALY,5,90.274887,11
,2,-1.0,9
,3,-1.0,9
,4,-1.0,9
Elizabeth,5,72.297447,8
s.,5,65.180908,28
"Cohen,",5,16.987228,9
Thomas,5,85.454063,8
V.,5,78.676895,28
Cohen,5,78.676895,8
