text,level,conf,height
,1,-1.0,432
,2,-1.0,10
,3,-1.0,10
,4,-1.0,10
 ,5,95.0,10
,2,-1.0,46
,3,-1.0,46
,4,-1.0,18
Artists,5,96.825592,18
of,5,96.825592,17
the,5,96.97271,17
Renaissance:,5,96.470627,18
,4,-1.0,18
Artists,5,96.35405,18
of,5,96.927956,17
an,5,96.951744,13
Era,5,96.773987,17
,2,-1.0,12
,3,-1.0,12
,4,-1.0,12
IRENE,5,90.6129,12
EARLS,5,95.275169,12
,2,-1.0,11
,3,-1.0,11
,4,-1.0,11
GREENWOOD,5,96.531334,11
PRESS,5,85.695892,11
