text,level,conf,height
,1,-1.0,627
,2,-1.0,43
,3,-1.0,43
,4,-1.0,43
 ,5,95.0,43
,2,-1.0,179
,3,-1.0,179
,4,-1.0,69
SPONTANEOUS,5,96.718132,69
,4,-1.0,49
HEALING,5,96.303535,49
,4,-1.0,48
or,5,70.158875,23
BELIEF,5,96.950485,48
