text,level,conf,height
,1,-1.0,653
,2,-1.0,81
,3,-1.0,81
,4,-1.0,36
The,5,96.799461,21
LIMITS,5,96.791626,30
of,5,96.890312,28
,4,-1.0,31
MATHEMATICS,5,96.52919,31
