text,level,conf,height
,1,-1.0,495
,2,-1.0,17
,3,-1.0,17
,4,-1.0,17
BRIDGING,5,96.801605,17
"TIME,",5,93.018387,15
"SPACE,",5,93.769821,15
"MIRACLES,",5,95.925659,16
AND,5,96.815842,15
BELIEF,5,96.760056,15
,2,-1.0,69
,3,-1.0,69
,4,-1.0,69
GREGG,5,93.256439,69
BRADEN,5,93.197029,83
