text,level,conf,height
,1,-1.0,377
,2,-1.0,35
,3,-1.0,35
,4,-1.0,12
‘The,5,92.798157,12
Universe,5,95.436989,12
ina,5,94.314499,12
,4,-1.0,16
Helium,5,95.567665,12
Droplet,5,96.883621,16
,2,-1.0,8
,3,-1.0,8
,4,-1.0,8
GRIGORY,5,84.055679,8
E.,5,42.366127,7
VOLOVIK,5,92.189644,8
,2,-1.0,6
,3,-1.0,6
,4,-1.0,6
 ,5,95.0,6
,2,-1.0,8
,3,-1.0,8
,4,-1.0,8
D,5,62.641777,7
SCIENCE,5,93.974724,7
PUBLICATIONS,5,95.475266,8
