text,level,conf,height
,1,-1.0,500
,2,-1.0,57
,3,-1.0,57
,4,-1.0,57
algorithms,5,95.710922,57
,2,-1.0,15
,3,-1.0,15
,4,-1.0,15
illustrated,5,94.537064,12
guide,5,96.907593,15
,2,-1.0,372
,3,-1.0,372
,4,-1.0,372
 ,5,95.0,372
