text,level,conf,height
,1,-1.0,381
,2,-1.0,33
,3,-1.0,33
,4,-1.0,33
The,5,96.881416,29
Higher,5,96.917976,33
Arithmetic,5,95.90432,18
,2,-1.0,11
,3,-1.0,11
,4,-1.0,11
Eighth,5,89.043564,11
Edition,5,79.842575,9
,2,-1.0,225
,3,-1.0,225
,4,-1.0,225
  ,5,95.0,225
