text,level,conf,height
,1,-1.0,595
,2,-1.0,98
,3,-1.0,98
,4,-1.0,98
Y,5,0.0,36
OE,5,47.279209,93
tHE,5,45.002129,97
,2,-1.0,192
,3,-1.0,192
,4,-1.0,192
COMET,5,95.861328,192
,2,-1.0,323
,3,-1.0,323
,4,-1.0,323
 ,5,95.0,323
,2,-1.0,70
,3,-1.0,70
,4,-1.0,70
H.,5,85.332451,67
G.,5,85.332451,70
WELLS,5,96.723412,70
