text,level,conf,height
,1,-1.0,666
,2,-1.0,249
,3,-1.0,205
,4,-1.0,53
Genetic,5,96.721405,53
,4,-1.0,64
Algorithms,5,96.86039,64
,4,-1.0,113
with,5,96.773033,73
Python,5,96.889816,106
,2,-1.0,13
,3,-1.0,13
,4,-1.0,13
Applying,5,66.111954,26
ge,5,85.597122,23
ins,5,69.245445,39
bo,5,30.131996,9
sole,5,77.723221,26
tal,5,53.659203,10
world,5,19.048309,26
deen,5,55.776993,39
leaning,5,36.472458,13
,2,-1.0,51
,3,-1.0,51
,4,-1.0,51
 ,5,95.0,51
,2,-1.0,28
,3,-1.0,28
,4,-1.0,28
ipacktcom,5,0.0,28
