text,level,conf,height
,1,-1.0,847
,2,-1.0,376
,3,-1.0,376
,4,-1.0,376
 ,5,95.0,376
,2,-1.0,86
,3,-1.0,86
,4,-1.0,27
Joseph,5,95.721268,27
Olive,5,96.993141,21
,4,-1.0,21
Caitlin,5,96.241341,21
Christianson,5,93.365059,21
,4,-1.0,27
John,5,90.685822,21
McCary,5,90.685822,26
Editors,5,95.633766,21
,2,-1.0,268
,3,-1.0,291
,4,-1.0,53
Handbook,5,96.801735,53
of,5,96.963409,53
,4,-1.0,68
Natural,5,96.254074,53
Language,5,96.129265,67
,4,-1.0,68
Processing,5,94.487122,66
and,5,96.613274,53
,4,-1.0,53
Machine,5,96.95153,53
Translation,5,96.823578,53
,2,-1.0,56
,3,-1.0,56
,4,-1.0,21
DARPA,5,96.938736,20
Global,5,94.608398,21
Autonomous,5,96.479813,20
,4,-1.0,26
Language,5,96.767532,26
Exploitation,5,96.554901,26
,2,-1.0,39
,3,-1.0,39
,4,-1.0,39
cay,5,41.322449,39
Springer,5,95.825867,32
