text,level,conf,height
,1,-1.0,246
,2,-1.0,19
,3,-1.0,19
,4,-1.0,8
‘LUEDRINT,5,0.0,8
FOR,5,46.266815,28
,4,-1.0,9
IMMORTALITY,5,90.379013,9
,2,-1.0,94
,3,-1.0,94
,4,-1.0,94
 ,5,95.0,94
