text,level,conf,height
,1,-1.0,666
,2,-1.0,47
,3,-1.0,47
,4,-1.0,47
D\\\s,5,0.0,47
,2,-1.0,33
,3,-1.0,33
,4,-1.0,33
Se,5,25.699051,33
,4,-1.0,8
.,5,13.082596,8
,2,-1.0,187
,3,-1.0,187
,4,-1.0,187
aI,5,30.584511,156
©,5,34.768478,6
si,5,11.147392,25
hal,5,16.102379,28
,2,-1.0,97
,3,-1.0,97
,4,-1.0,97
Sihe,5,0.0,39
H/ee,5,0.0,28
Fs,5,30.818169,17
,2,-1.0,22
,3,-1.0,22
,4,-1.0,22
e,5,0.0,22
,2,-1.0,43
,3,-1.0,43
,4,-1.0,43
Ye,5,52.316437,43
,2,-1.0,666
,3,-1.0,666
,4,-1.0,666
 ,5,95.0,666
