text,level,conf,height
,1,-1.0,684
,2,-1.0,143
,3,-1.0,143
,4,-1.0,17
WRITING,5,95.820869,17
,4,-1.0,17
HISTORY,5,95.44735,17
IN,5,95.44735,17
,4,-1.0,17
RENAISSANCE,5,96.829376,17
,4,-1.0,17
ITALY,5,96.097748,17
,2,-1.0,438
,3,-1.0,438
,4,-1.0,438
 ,5,95.0,438
