text,level,conf,height
,1,-1.0,684
,2,-1.0,8
,3,-1.0,8
,4,-1.0,8
STEPHEN,5,92.871346,8
D.,5,33.763123,8
BOWD,5,90.714478,8
,2,-1.0,432
,3,-1.0,432
,4,-1.0,432
 ,5,95.0,432
,2,-1.0,35
,3,-1.0,35
,4,-1.0,35
Venice’s,5,89.789345,24
Most,5,96.891624,23
Loyal,5,96.916176,35
City,5,96.964188,33
,2,-1.0,8
,3,-1.0,8
,4,-1.0,8
CIVIC,5,95.038704,8
IDENTITY,5,96.14325,8
IN,5,96.222382,8
,2,-1.0,8
,3,-1.0,8
,4,-1.0,8
RENAISSANCE,5,94.93161,8
BRESCIA,5,96.934555,8
