text,level,conf,height
,1,-1.0,720
,2,-1.0,60
,3,-1.0,60
,4,-1.0,20
ISAAC,5,92.799667,16
"CASAUBON,",5,91.552361,20
THE,5,96.479431,16
"JEWS,",5,96.552368,20
,4,-1.0,16
AND,5,96.685768,16
A,5,96.199364,15
FORGOTTEN,5,96.07695,16
CHAPTER,5,95.593803,16
,2,-1.0,16
,3,-1.0,16
,4,-1.0,16
IN,5,96.643959,16
RENAISSANCE,5,96.323418,16
SCHOLARSHIP,5,95.827507,16
,2,-1.0,622
,3,-1.0,622
,4,-1.0,622
 ,5,95.0,622
,2,-1.0,2
,3,-1.0,2
,4,-1.0,2
 ,5,95.0,2
,2,-1.0,720
,3,-1.0,720
,4,-1.0,720
 ,5,95.0,720
