text,level,conf,height
,1,-1.0,577
,2,-1.0,70
,3,-1.0,70
,4,-1.0,70
  ,5,95.0,70
  ,5,95.0,70
,2,-1.0,8
,3,-1.0,8
,4,-1.0,8
TRANSLATED,5,64.879181,8
BY,5,96.639328,8
,2,-1.0,14
,3,-1.0,14
,4,-1.0,14
DAVID,5,95.929443,14
MARSH,5,95.929443,14
,2,-1.0,577
,3,-1.0,577
,4,-1.0,577
 ,5,95.0,577
