text,level,conf,height
,1,-1.0,842
,2,-1.0,29
,3,-1.0,29
,4,-1.0,29
The,5,95.377785,19
HUTCHINSON,5,95.167854,29
,2,-1.0,76
,3,-1.0,76
,4,-1.0,35
Encyclopedia,5,96.749588,35
of,5,96.72876,27
the,5,96.497101,27
,4,-1.0,31
Renaissance,5,96.725479,31
,2,-1.0,52
,3,-1.0,52
,4,-1.0,52
 ,5,95.0,52
,2,-1.0,451
,3,-1.0,451
,4,-1.0,451
 ,5,95.0,451
,2,-1.0,451
,3,-1.0,451
,4,-1.0,451
 ,5,95.0,451
,2,-1.0,297
,3,-1.0,297
,4,-1.0,297
 ,5,95.0,297
,2,-1.0,2
,3,-1.0,2
,4,-1.0,2
 ,5,95.0,2
