text,level,conf,height
,1,-1.0,380
,2,-1.0,57
,3,-1.0,57
,4,-1.0,29
Language,5,96.771408,29
,4,-1.0,24
in,5,96.942642,23
the,5,96.942642,24
Brain,5,96.772369,23
,2,-1.0,10
,3,-1.0,10
,4,-1.0,10
Helmut,5,44.237041,10
Schnelle,5,44.237041,10
,2,-1.0,172
,3,-1.0,172
,4,-1.0,172
 ,5,95.0,172
,2,-1.0,11
,3,-1.0,11
,4,-1.0,11
wowcambridge.org/9780521515498,5,12.292397,11
