text,level,conf,height
,1,-1.0,331
,2,-1.0,42
,3,-1.0,42
,4,-1.0,42
 ,5,95.0,42
,2,-1.0,10
,3,-1.0,10
,4,-1.0,10
HENRY,5,96.116844,8
DAVID,5,96.249519,8
THOREAU,5,96.049149,10
,2,-1.0,34
,3,-1.0,34
,4,-1.0,34
WALDEN,5,96.224899,34
,2,-1.0,189
,3,-1.0,189
,4,-1.0,189
 ,5,95.0,189
