text,level,conf,height
,1,-1.0,500
,2,-1.0,102
,3,-1.0,102
,4,-1.0,102
HOLLOW,5,47.13242,100
CITY,5,55.526749,92
,2,-1.0,18
,3,-1.0,18
,4,-1.0,18
|,5,15.910027,2
==,5,0.0,18
THE,5,0.0,11
SECOND,5,96.844162,11
NOVEL,5,96.721405,11
OF,5,83.866234,11
,2,-1.0,2
,3,-1.0,2
,4,-1.0,2
 ,5,95.0,2
,2,-1.0,2
,3,-1.0,2
,4,-1.0,2
 ,5,95.0,2
,2,-1.0,364
,3,-1.0,364
,4,-1.0,364
   ,5,95.0,364
