text,level,conf,height
,1,-1.0,250
,2,-1.0,250
,3,-1.0,250
,4,-1.0,66
 ,5,95.0,66
,4,-1.0,108
 ,5,95.0,108
,2,-1.0,35
,3,-1.0,35
,4,-1.0,12
Lik,5,45.710342,12
,4,-1.0,15
and,5,92.352966,12
the,5,96.922417,12
Philosopher's,5,0.0,15
Stone,5,92.912956,12
,2,-1.0,21
,3,-1.0,21
,4,-1.0,21
 ,5,95.0,21
 ,5,95.0,21
