text,level,conf,height
,1,-1.0,293
,2,-1.0,89
,3,-1.0,89
,4,-1.0,41
HARRY,5,96.210983,41
,4,-1.0,41
POTTER,5,96.081001,41
,2,-1.0,155
,3,-1.0,155
,4,-1.0,155
   ,5,95.0,155
