text,level,conf,height
,1,-1.0,331
,2,-1.0,89
,3,-1.0,89
,4,-1.0,39
HARRY,5,96.578674,39
,4,-1.0,41
POTTER,5,96.423447,41
,2,-1.0,17
,3,-1.0,17
,4,-1.0,17
and,5,94.797836,14
the,5,95.681404,13
Goblet,5,96.330963,14
of,5,96.891945,13
Fire,5,96.318359,13
,2,-1.0,201
,3,-1.0,201
,4,-1.0,201
 ,5,95.0,201
