text,level,conf,height
,1,-1.0,308
,2,-1.0,110
,3,-1.0,110
,4,-1.0,40
HARRY,5,96.620804,40
,4,-1.0,61
POTTER,5,96.275391,61
,2,-1.0,192
,3,-1.0,192
,4,-1.0,95
 ,5,95.0,66
  ,5,95.0,95
,4,-1.0,97
 ,5,95.0,97
