text,level,conf,height
,1,-1.0,335
,2,-1.0,40
,3,-1.0,40
,4,-1.0,40
POTTER,5,96.34066,40
,2,-1.0,16
,3,-1.0,16
,4,-1.0,16
and,5,91.379395,12
the,5,95.876648,12
Deathly,5,95.876648,16
Hallows,5,95.022049,12
,2,-1.0,205
,3,-1.0,205
,4,-1.0,205
 ,5,95.0,205
