text,level,conf,height
,1,-1.0,684
,2,-1.0,42
,3,-1.0,42
,4,-1.0,42
"Qg2,9",5,0.0,42
,2,-1.0,53
,3,-1.0,53
,4,-1.0,19
Saurabh,5,95.335678,19
Prasad,5,96.98822,19
,4,-1.0,25
Jocelyn,5,93.239594,25
Chanussot,5,93.048996,19
Editors,5,93.357941,19
,2,-1.0,218
,3,-1.0,218
,4,-1.0,72
Hyperspectral,5,96.514465,72
,4,-1.0,70
Image,5,69.705238,70
,4,-1.0,72
Analysis,5,96.247498,72
,2,-1.0,38
,3,-1.0,38
,4,-1.0,38
(ay,5,43.877068,37
Springer,5,96.575935,31
