text,level,conf,height
,1,-1.0,249
,2,-1.0,19
,3,-1.0,19
,4,-1.0,19
SWIFTER,5,91.57386,19
,2,-1.0,13
,3,-1.0,13
,4,-1.0,13
THANSTHE,5,62.077362,13
,2,-1.0,172
,3,-1.0,172
,4,-1.0,172
 ,5,95.0,172
