text,level,conf,height
,1,-1.0,738
,2,-1.0,336
,3,-1.0,336
,4,-1.0,336
 ,5,95.0,336
,2,-1.0,89
,3,-1.0,89
,4,-1.0,29
Modelling,5,96.070442,29
Distributed,5,96.303818,23
,4,-1.0,29
Energy,5,96.743622,27
Resources,5,96.246674,21
in,5,96.415985,22
,4,-1.0,29
Energy,5,96.461853,27
Service,5,96.611816,23
Networks,5,96.926872,23
