text,level,conf,height
,1,-1.0,792
,2,-1.0,46
,3,-1.0,46
,4,-1.0,23
The,5,96.914696,17
Scientific,5,96.935043,17
Conquest,5,96.96431,22
,4,-1.0,17
of,5,96.276443,17
Death,5,96.720421,17
,2,-1.0,30
,3,-1.0,30
,4,-1.0,30
®,5,41.276817,30
