text,level,conf,height
,1,-1.0,800
,2,-1.0,84
,3,-1.0,84
,4,-1.0,29
INFORMATION,5,96.296333,29
,4,-1.0,29
AND,5,96.369492,29
SOCIETY,5,96.073166,29
,2,-1.0,17
,3,-1.0,17
,4,-1.0,17
MICHAEL,5,95.766434,17
BUCKLAND,5,96.148354,17
,2,-1.0,95
,3,-1.0,90
,4,-1.0,49
A,5,63.776329,45
a,5,8.206314,46
,4,-1.0,57
(py),5,39.263763,46
att,5,31.474716,54
,2,-1.0,69
,3,-1.0,69
,4,-1.0,69
ES,5,4.169678,46
aN,5,0.0,53
AM,5,31.410965,69
,2,-1.0,379
,3,-1.0,379
,4,-1.0,379
 ,5,95.0,379
