text,level,conf,height
,1,-1.0,666
,2,-1.0,20
,3,-1.0,20
,4,-1.0,11
=,5,79.396973,11
,4,-1.0,20
=,5,96.419388,20
,2,-1.0,324
,3,-1.0,324
,4,-1.0,324
 ,5,95.0,324
