text,level,conf,height
,1,-1.0,578
,2,-1.0,266
,3,-1.0,266
,4,-1.0,65
  ,5,95.0,65
,4,-1.0,123
    ,5,95.0,123
,4,-1.0,78
  ,5,95.0,78
,2,-1.0,76
,3,-1.0,76
,4,-1.0,34
“\,5,72.065392,8
a,5,61.378044,23
Stupy,5,79.264717,33
,4,-1.0,33
7,5,45.197258,8
IN,5,66.400513,23
MAGIC,5,88.963066,33
|,5,53.234772,3
,2,-1.0,71
,3,-1.0,71
,4,-1.0,30
ISRAEL,5,89.715836,30
,4,-1.0,30
REGARDIE,5,91.554329,30
