text,level,conf,height
,1,-1.0,246
,2,-1.0,52
,3,-1.0,52
,4,-1.0,13
A,5,81.379532,13
BRIEF,5,81.379532,13
TOUR,5,96.333382,13
OF,5,94.979187,11
,4,-1.0,13
HIGHER,5,96.438522,13
,4,-1.0,15
CONSCIOUSNESS,5,96.650803,15
,2,-1.0,174
,3,-1.0,174
,4,-1.0,174
   ,5,95.0,174
