text,level,conf,height
,1,-1.0,331
,2,-1.0,331
,3,-1.0,331
,4,-1.0,331
 ,5,95.0,331
,2,-1.0,11
,3,-1.0,11
,4,-1.0,11
JACK,5,92.880936,11
KEROUAC,5,51.055447,11
,2,-1.0,10
,3,-1.0,10
,4,-1.0,10
 ,5,95.0,10
