text,level,conf,height
,1,-1.0,842
,2,-1.0,53
,3,-1.0,53
,4,-1.0,12
Dimensions:,5,94.693604,12
A,5,96.894424,12
Casebook,5,96.919746,12
of,5,97.009048,12
Alien,5,96.92421,12
Contact,5,96.661293,12
,4,-1.0,13
by,5,96.25013,13
,2,-1.0,13
,3,-1.0,13
,4,-1.0,13
Jacques,5,87.020958,13
Vallee,5,95.548691,10
