text,level,conf,height
,1,-1.0,587
,2,-1.0,1
,3,-1.0,1
,4,-1.0,1
 ,5,95.0,1
,2,-1.0,587
,3,-1.0,587
,4,-1.0,587
 ,5,95.0,587
,2,-1.0,55
,3,-1.0,55
,4,-1.0,55
Vijnanabhairava,5,88.610275,55
,2,-1.0,18
,3,-1.0,18
,4,-1.0,18
Divine,5,96.557945,16
Consciousness,5,96.683228,18
,2,-1.0,381
,3,-1.0,381
,4,-1.0,381
 ,5,95.0,381
,2,-1.0,587
,3,-1.0,587
,4,-1.0,587
 ,5,95.0,587
