text,level,conf,height
,1,-1.0,609
,2,-1.0,49
,3,-1.0,49
,4,-1.0,49
JAMES,5,96.523415,40
GLEICK,5,71.193939,42
_,5,71.193939,4
,2,-1.0,255
,3,-1.0,144
,4,-1.0,144
TAS,5,33.341194,144
,3,-1.0,253
,4,-1.0,140
*,5,0.0,135
LEAN,5,37.699333,66
,4,-1.0,31
MAKING,5,96.403679,31
A,5,96.56134,27
NEW,5,96.157433,27
SCIENCE,5,94.812721,28
,4,-1.0,31
(Tin,5,45.754009,31
,2,-1.0,2
,3,-1.0,2
,4,-1.0,2
 ,5,95.0,2
,2,-1.0,2
,3,-1.0,2
,4,-1.0,2
 ,5,95.0,2
,2,-1.0,306
,3,-1.0,306
,4,-1.0,306
  ,5,95.0,306
