text,level,conf,height
,1,-1.0,488
,2,-1.0,9
,3,-1.0,9
,4,-1.0,9
James,5,95.919113,9
Fulcher,5,96.448471,9
,2,-1.0,23
,3,-1.0,23
,4,-1.0,23
CAPITALISM,5,94.642838,23
,2,-1.0,13
,3,-1.0,13
,4,-1.0,13
‘A,5,71.245026,10
Very,5,85.074341,13
Short,5,95.926788,10
Introduction,5,57.456879,10
,2,-1.0,10
,3,-1.0,10
,4,-1.0,10
OXFORD,5,96.757545,10
