text,level,conf,height
,1,-1.0,649
,2,-1.0,97
,3,-1.0,97
,4,-1.0,97
DNA,5,96.586792,97
,2,-1.0,40
,3,-1.0,40
,4,-1.0,40
JAMES,5,93.240723,24
D.,5,91.582558,24
WATSON,5,95.904709,40
,2,-1.0,486
,3,-1.0,486
,4,-1.0,486
 ,5,95.0,486
