text,level,conf,height
,1,-1.0,648
,2,-1.0,6
,3,-1.0,6
,4,-1.0,6
 ,5,95.0,6
,2,-1.0,60
,3,-1.0,60
,4,-1.0,17
Zen,5,96.30172,17
and,5,95.885132,17
the,5,96.895065,17
Meditative,5,96.404259,17
,4,-1.0,25
Transformations,5,96.625343,25
,2,-1.0,25
,3,-1.0,25
,4,-1.0,25
of,5,96.739586,25
Consciousness,5,96.839973,18
,2,-1.0,156
,3,-1.0,156
,4,-1.0,156
 ,5,95.0,156
,2,-1.0,25
,3,-1.0,25
,4,-1.0,25
James,5,93.197823,25
H.,5,93.17923,19
"Austin,",5,96.501724,23
M.D.,5,95.896034,19
