text,level,conf,height
,1,-1.0,360
,2,-1.0,318
,3,-1.0,318
,4,-1.0,318
 ,5,95.0,318
,2,-1.0,55
,3,-1.0,55
,4,-1.0,55
15,5,33.614059,20
Ga,5,42.343422,55
