text,level,conf,height
,1,-1.0,246
,2,-1.0,55
,3,-1.0,55
,4,-1.0,10
Te,5,59.316673,10
,4,-1.0,13
NATURE,5,96.5755,13
,4,-1.0,21
hi,5,27.958122,21
,2,-1.0,2
,3,-1.0,2
,4,-1.0,2
 ,5,95.0,2
,2,-1.0,137
,3,-1.0,137
,4,-1.0,137
 ,5,95.0,137
