text,level,conf,height
,1,-1.0,792
,2,-1.0,445
,3,-1.0,445
,4,-1.0,445
 ,5,95.0,445
,2,-1.0,119
,3,-1.0,119
,4,-1.0,35
PRANIC,5,91.063034,35
NOURISHMENT,5,96.300163,35
,4,-1.0,38
Nutrition,5,96.58107,24
for,5,96.867668,38
the,5,96.183212,34
New,5,96.183212,20
Millennium,5,92.304161,30
,4,-1.0,38
Living,5,96.733803,32
on,5,96.173744,16
Light,5,96.853378,38
Series,5,96.760178,24
