text,level,conf,height
,1,-1.0,792
,2,-1.0,21
,3,-1.0,21
,4,-1.0,21
‘THE,5,27.146446,16
MADONNA,5,95.667259,16
FREQUENCY’,5,95.066093,21
,2,-1.0,133
,3,-1.0,133
,4,-1.0,133
UAE,5,39.403896,113
pu,5,49.021599,122
,2,-1.0,15
,3,-1.0,15
,4,-1.0,15
Biofields,5,92.368462,12
and,5,96.644096,12
Bliss,5,96.75325,12
Book,5,96.562134,12
3,5,91.635643,12
,2,-1.0,378
,3,-1.0,378
,4,-1.0,378
 ,5,95.0,378
,2,-1.0,36
,3,-1.0,36
,4,-1.0,36
jasmuheen,5,91.72834,36
