text,level,conf,height
,1,-1.0,450
,2,-1.0,17
,3,-1.0,17
,4,-1.0,17
METADATA,5,96.390411,17
,2,-1.0,10
,3,-1.0,10
,4,-1.0,10
JEFFREY,5,93.262718,10
POMERANTZ,5,93.056984,10
,2,-1.0,60
,3,-1.0,60
,4,-1.0,60
<>,5,96.004456,60
,2,-1.0,52
,3,-1.0,52
,4,-1.0,52
 ,5,95.0,52
