text,level,conf,height
,1,-1.0,917
,2,-1.0,80
,3,-1.0,80
,4,-1.0,80
TESLA’S,5,74.647507,80
ENGINE,5,74.647507,78
,2,-1.0,81
,3,-1.0,81
,4,-1.0,31
A,5,96.437927,26
NEW,5,96.18261,28
DIMENSION,5,96.137413,26
FOR,5,91.452072,25
POWE,5,91.452072,27
,4,-1.0,24
Compiled,5,96.628571,23
by,5,96.869789,23
Jeffery,5,96.771805,22
A.,5,96.215286,17
Hayes,5,96.215286,22
,2,-1.0,917
,3,-1.0,917
,4,-1.0,917
 ,5,95.0,917
