text,level,conf,height
,1,-1.0,612
,2,-1.0,68
,3,-1.0,68
,4,-1.0,24
The,5,96.925415,24
Link,5,96.603355,23
Between,5,96.371597,24
Nutrition,5,90.716774,24
,4,-1.0,30
&,5,93.184631,24
Agriculture,5,96.620697,30
,2,-1.0,40
,3,-1.0,40
,4,-1.0,40
By,5,96.8134,30
Jerry,5,96.150009,30
Brunetti,5,95.543579,35
"ee,",5,23.462097,34
2007,5,96.266975,11
,2,-1.0,15
,3,-1.0,15
,4,-1.0,15
State,5,96.821281,12
"College,",5,96.729965,15
PA,5,96.966064,12
,2,-1.0,612
,3,-1.0,612
,4,-1.0,612
 ,5,95.0,612
