text,level,conf,height
,1,-1.0,594
,2,-1.0,63
,3,-1.0,63
,4,-1.0,19
MICROCOSMOLOGY,5,90.620255,19
,4,-1.0,16
ATOM,5,96.822945,13
IN,5,92.960075,12
JAIN,5,92.960075,15
PHILOSOPHY,5,95.483032,14
,4,-1.0,12
&,5,92.737839,12
,2,-1.0,15
,3,-1.0,15
,4,-1.0,15
MODERN,5,96.060432,14
SCIENCE,5,96.546234,13
,2,-1.0,252
,3,-1.0,252
,4,-1.0,252
 ,5,95.0,252
,2,-1.0,16
,3,-1.0,16
,4,-1.0,16
 ,5,95.0,16
