text,level,conf,height
,1,-1.0,596
,2,-1.0,33
,3,-1.0,33
,4,-1.0,33
Floatation,5,96.419075,32
Tank,5,95.61454,33
Talks,5,95.627396,33
,2,-1.0,596
,3,-1.0,596
,4,-1.0,596
 ,5,95.0,596
,2,-1.0,32
,3,-1.0,32
,4,-1.0,32
Dr.,5,43.385883,25
John,5,93.254875,31
C.,5,88.042564,25
Lilly,5,93.233124,32
&,5,92.354286,23
E.).,5,69.188622,30
Gold,5,96.843941,25
