text,level,conf,height
,1,-1.0,445
,2,-1.0,17
,3,-1.0,17
,4,-1.0,17
DEEP,5,95.176147,16
LEARNING,5,95.176147,17
,2,-1.0,10
,3,-1.0,10
,4,-1.0,10
JOHN,5,93.17218,9
D.,5,89.869308,10
KELLEHER,5,85.548225,10
,2,-1.0,147
,3,-1.0,147
,4,-1.0,59
     ,5,95.0,59
,4,-1.0,88
 ,5,95.0,88
,2,-1.0,49
,3,-1.0,49
,4,-1.0,49
Ks,5,52.845345,49
K,5,78.589371,7
