text,level,conf,height
,1,-1.0,503
,2,-1.0,251
,3,-1.0,251
,4,-1.0,251
 ,5,95.0,251
,2,-1.0,12
,3,-1.0,12
,4,-1.0,12
LAURO,5,90.698044,11
MARTINES,5,91.894028,12
,2,-1.0,14
,3,-1.0,14
,4,-1.0,14
 ,5,95.0,14
,2,-1.0,35
,3,-1.0,35
,4,-1.0,35
 ,5,95.0,35
