text,level,conf,height
,1,-1.0,648
,2,-1.0,648
,3,-1.0,648
,4,-1.0,648
 ,5,95.0,648
,2,-1.0,137
,3,-1.0,137
,4,-1.0,25
MARX’S,5,88.077881,25
,4,-1.0,39
ECOLOGY,5,95.969902,39
,4,-1.0,19
materialism,5,95.528206,18
and,5,95.528206,16
nature,5,96.783722,12
,2,-1.0,63
,3,-1.0,63
,4,-1.0,27
JOHN,5,96.564758,22
BELLAMY,5,96.55439,27
,4,-1.0,25
FOSTER,5,96.139893,25
,2,-1.0,648
,3,-1.0,648
,4,-1.0,648
 ,5,95.0,648
