text,level,conf,height
,1,-1.0,500
,2,-1.0,500
,3,-1.0,500
,4,-1.0,500
 ,5,95.0,500
,2,-1.0,1
,3,-1.0,1
,4,-1.0,1
 ,5,95.0,1
,2,-1.0,135
,3,-1.0,135
,4,-1.0,135
 ,5,95.0,135
,2,-1.0,8
,3,-1.0,8
,4,-1.0,8
i,5,41.104187,8
,4,-1.0,5
:,5,26.787178,5
,2,-1.0,325
,3,-1.0,325
,4,-1.0,325
ied,5,42.618065,104
»/,5,44.2537,53
=,5,22.96109,52
,4,-1.0,110
<_<,5,20.460236,120
,2,-1.0,500
,3,-1.0,500
,4,-1.0,500
 ,5,95.0,500
,2,-1.0,0
,3,-1.0,0
,4,-1.0,0
 ,5,95.0,0
