text,level,conf,height
,1,-1.0,480
,2,-1.0,206
,3,-1.0,47
,4,-1.0,47
Religious,5,92.44043,47
,3,-1.0,152
,4,-1.0,48
ALuthoritu,5,1.301437,48
,4,-1.0,47
intne,5,66.263756,22
Spanish,5,95.76265,47
,4,-1.0,44
Renaissance,5,92.062836,44
,2,-1.0,105
,3,-1.0,107
,4,-1.0,105
ke,5,31.668213,105
