text,level,conf,height
,1,-1.0,339
,2,-1.0,69
,3,-1.0,69
,4,-1.0,22
THE,5,93.069077,22
ANTHROPIC,5,90.73674,22
,4,-1.0,21
COSMOLOGICAL,5,96.112663,21
,4,-1.0,22
—PRINCIPLE—,5,0.0,22
,2,-1.0,229
,3,-1.0,229
,4,-1.0,229
 ,5,95.0,229
,2,-1.0,8
,3,-1.0,8
,4,-1.0,8
JOHN,5,70.567947,8
D.BARROW,5,71.886406,8
&,5,84.126503,28
FRANK,5,84.409874,8
LTIPLER-,5,56.450394,8
