text,level,conf,height
,1,-1.0,642
,2,-1.0,156
,3,-1.0,156
,4,-1.0,156
 ,5,95.0,156
,2,-1.0,452
,3,-1.0,452
,4,-1.0,452
   ,5,95.0,452
,2,-1.0,39
,3,-1.0,39
,4,-1.0,39
Dr,5,96.218208,28
Jonny,5,18.74633,34
Mumford,5,96.332153,39
