text,level,conf,height
,1,-1.0,733
,2,-1.0,728
,3,-1.0,728
,4,-1.0,728
   ,5,95.0,728
,2,-1.0,28
,3,-1.0,28
,4,-1.0,28
Authorof,5,21.636993,28
The,5,96.486938,15
Mayan,5,96.391197,23
Factor,5,85.828323,14
