text,level,conf,height
,1,-1.0,500
,2,-1.0,13
,3,-1.0,13
,4,-1.0,13
‘Tue,5,70.792511,12
Horus,5,93.283966,13
HerEsy*,5,5.736961,13
,2,-1.0,21
,3,-1.0,21
,4,-1.0,21
BLACKSHIELDS,5,92.191704,21
,2,-1.0,39
,3,-1.0,39
,4,-1.0,14
THE,5,96.715622,14
BROKEN,5,96.007484,14
CHAIN,5,96.489204,14
,4,-1.0,15
Josh,5,96.66703,13
Reynolds,5,96.20195,15
,2,-1.0,442
,3,-1.0,442
,4,-1.0,442
 ,5,95.0,442
