text,level,conf,height
,1,-1.0,661
,2,-1.0,15
,3,-1.0,15
,4,-1.0,15
JULES,5,96.609665,15
PRETTY,5,96.228241,12
,2,-1.0,503
,3,-1.0,503
,4,-1.0,503
 ,5,95.0,503
