text,level,conf,height
,1,-1.0,792
,2,-1.0,27
,3,-1.0,27
,4,-1.0,27
Ken,5,96.608131,27
Wilber,5,96.38649,27
,2,-1.0,630
,3,-1.0,630
,4,-1.0,630
 ,5,95.0,630
