text,level,conf,height
,1,-1.0,860
,2,-1.0,114
,3,-1.0,114
,4,-1.0,65
Lady,5,92.988403,65
Chatterley's,5,66.218567,65
,4,-1.0,47
Lover,5,96.401321,47
,2,-1.0,411
,3,-1.0,411
,4,-1.0,411
 ,5,95.0,411
,2,-1.0,50
,3,-1.0,50
,4,-1.0,50
D,5,83.314041,49
H,5,83.314041,30
LAWRENCE,5,96.921028,42
,2,-1.0,165
,3,-1.0,165
,4,-1.0,165
 ,5,95.0,165
