text,level,conf,height
,1,-1.0,750
,2,-1.0,212
,3,-1.0,234
,4,-1.0,92
Bernard,5,95.994316,92
,4,-1.0,133
Cornwell,5,95.285835,155
,2,-1.0,105
,3,-1.0,105
,4,-1.0,105
Thelast,5,52.995354,105
\,5,0.0,33
,2,-1.0,210
,3,-1.0,210
,4,-1.0,210
  ,5,95.0,210
,2,-1.0,190
,3,-1.0,190
,4,-1.0,190
 ,5,95.0,190
