text,level,conf,height
,1,-1.0,842
,2,-1.0,286
,3,-1.0,208
,4,-1.0,46
Principles,5,96.58931,46
of,5,96.930611,36
,4,-1.0,76
Object-Oriented,5,96.468445,76
,4,-1.0,75
Programming,5,96.28495,75
,3,-1.0,75
,4,-1.0,75
in,5,96.241173,58
JavaScript,5,96.196136,75
,2,-1.0,388
,3,-1.0,388
,4,-1.0,388
 ,5,95.0,388
,2,-1.0,6
,3,-1.0,6
,4,-1.0,6
 ,5,95.0,6
,2,-1.0,30
,3,-1.0,30
,4,-1.0,30
Nicholas,5,92.327446,30
C.,5,92.136093,29
Zakas,5,91.57354,30
