text,level,conf,height
,1,-1.0,842
,2,-1.0,266
,3,-1.0,266
,4,-1.0,114
Scaling,5,96.786018,114
PHP,5,96.753006,87
,4,-1.0,113
Applications,5,95.97934,113
