text,level,conf,height
,1,-1.0,792
,2,-1.0,143
,3,-1.0,143
,4,-1.0,40
BUILDING,5,96.271378,40
,4,-1.0,39
BACKBONE,5,96.724617,39
PLUGINS,5,96.099037,39
,2,-1.0,322
,3,-1.0,322
,4,-1.0,322
 ,5,95.0,322
,2,-1.0,22
,3,-1.0,22
,4,-1.0,22
Eliminate,5,96.799934,17
The,5,96.590385,17
Boilerplate,5,96.590385,22
In,5,93.297318,16
Backbone.js,5,91.768768,22
Apps,5,96.554092,21
