text,level,conf,height
,1,-1.0,792
,2,-1.0,93
,3,-1.0,93
,4,-1.0,93
1,5,67.983185,5
EXPRESS.JS,5,70.265213,93
,2,-1.0,103
,3,-1.0,263
,4,-1.0,103
aaa,5,15.706299,103
,2,-1.0,22
,3,-1.0,22
,4,-1.0,22
AZAT,5,93.24192,22
MARDAN,5,92.869537,22
,2,-1.0,792
,3,-1.0,792
,4,-1.0,792
 ,5,95.0,792
