text,level,conf,height
,1,-1.0,792
,2,-1.0,64
,3,-1.0,64
,4,-1.0,64
JavaScript,5,96.13765,64
,2,-1.0,159
,3,-1.0,159
,4,-1.0,159
',5,0.650681,159
,2,-1.0,490
,3,-1.0,490
,4,-1.0,490
  ,5,95.0,490
