text,level,conf,height
,1,-1.0,378
,2,-1.0,71
,3,-1.0,71
,4,-1.0,17
The,5,96.978035,17
SCI,5,87.988029,16
,4,-1.0,27
MARIJUANA,5,96.589317,27
,2,-1.0,104
,3,-1.0,104
,4,-1.0,104
 ,5,95.0,104
