text,level,conf,height
,1,-1.0,860
,2,-1.0,63
,3,-1.0,63
,4,-1.0,63
Little,5,96.018814,63
Women,5,96.018814,61
,2,-1.0,418
,3,-1.0,418
,4,-1.0,418
 ,5,95.0,418
,2,-1.0,50
,3,-1.0,50
,4,-1.0,50
LOUISA,5,91.914902,50
MAY,5,92.355125,33
ALCOTT,5,91.7033,42
,2,-1.0,182
,3,-1.0,182
,4,-1.0,182
 ,5,95.0,182
