text,level,conf,height
,1,-1.0,680
,2,-1.0,242
,3,-1.0,242
,4,-1.0,242
 ,5,95.0,242
,2,-1.0,49
,3,-1.0,49
,4,-1.0,12
In,5,96.055939,9
the,5,96.653099,9
right,5,96.79306,12
"hands,",5,96.952339,11
,4,-1.0,13
ancient,5,96.886459,9
knowledge,5,96.709595,13
can,5,94.975479,7
,4,-1.0,12
save,5,81.283249,7
a,5,96.760719,7
struggling,5,96.420197,12
planet...,5,88.885719,12
,2,-1.0,348
,3,-1.0,348
,4,-1.0,348
 ,5,95.0,348
