text,level,conf,height
,1,-1.0,500
,2,-1.0,174
,3,-1.0,174
,4,-1.0,32
Machine,5,95.309669,32
,4,-1.0,41
Learning,5,96.795944,41
for,5,96.797234,33
,4,-1.0,41
Speaker,5,96.659134,41
,4,-1.0,40
Recognition,5,96.363884,40
,2,-1.0,15
,3,-1.0,15
,4,-1.0,15
Man-Wai,5,92.593445,12
Mak,5,96.690987,12
and,5,92.400063,11
Jen-Tzung,5,92.400063,14
Chien,5,93.390747,12
,2,-1.0,120
,3,-1.0,120
,4,-1.0,120
 ,5,95.0,120
