text,level,conf,height
,1,-1.0,680
,2,-1.0,9
,3,-1.0,9
,4,-1.0,9
CAMBRIDGE,5,63.663876,9
,2,-1.0,608
,3,-1.0,608
,4,-1.0,608
 ,5,95.0,608
,2,-1.0,13
,3,-1.0,13
,4,-1.0,13
more,5,69.145409,8
information-,5,80.632416,28
www.camebridge.com/9781,5,34.668892,28
107096304,5,34.668892,8
