text,level,conf,height
,1,-1.0,322
,2,-1.0,108
,3,-1.0,108
,4,-1.0,43
a,5,30.334961,43
,4,-1.0,60
€,5,66.980621,60
,2,-1.0,87
,3,-1.0,87
,4,-1.0,37
|,5,86.28756,33
Machine,5,96.936211,17
Learning,5,96.791237,21
,4,-1.0,22
and,5,96.8265,17
Data,5,96.600594,16
Mining,5,96.498466,21
for,5,96.910637,17
,4,-1.0,22
Computer,5,96.868584,22
Security,5,96.134132,21
,2,-1.0,15
,3,-1.0,15
,4,-1.0,15
D,5,51.20314,14
springer,5,51.20314,12
