text,level,conf,height
,1,-1.0,666
,2,-1.0,666
,3,-1.0,666
,4,-1.0,364
  ,5,95.0,364
,4,-1.0,302
 ,5,95.0,302
,2,-1.0,49
,3,-1.0,49
,4,-1.0,49
IN,5,88.306671,48
ACTIC,5,85.093269,49
,2,-1.0,57
,3,-1.0,57
,4,-1.0,15
Timothy,5,93.305672,14
Binkley-Jones,5,78.833069,15
,4,-1.0,17
Massimo,5,93.282372,13
Perga,5,89.868813,17
,4,-1.0,17
Michael,5,94.026802,14
Sync,5,94.893288,17
,2,-1.0,10
,3,-1.0,10
,4,-1.0,10
MANHING,5,48.031124,10
,2,-1.0,28
,3,-1.0,28
,4,-1.0,28
 ,5,95.0,28
