text,level,conf,height
,1,-1.0,644
,2,-1.0,17
,3,-1.0,17
,4,-1.0,17
Kenneth,5,93.883728,17
A.,5,92.200676,17
Kousen,5,92.200676,17
,2,-1.0,14
,3,-1.0,14
,4,-1.0,14
Foreworo,5,35.815742,12
BY,5,67.449005,24
Guillaume,5,93.300148,12
Laforge,5,91.760445,14
,2,-1.0,644
,3,-1.0,644
,4,-1.0,644
 ,5,95.0,644
,2,-1.0,20
,3,-1.0,20
,4,-1.0,20
MMB,5,58.210854,20
anniv,5,0.0,10
