text,level,conf,height
,1,-1.0,669
,2,-1.0,427
,3,-1.0,423
,4,-1.0,20
Functional,5,42.51392,16
Programming,5,42.51392,20
,4,-1.0,130
co,5,26.478745,130
,2,-1.0,33
,3,-1.0,33
,4,-1.0,12
Paul,5,92.98024,12
Chiusano,5,87.405869,12
,4,-1.0,15
Riinar,5,81.775749,32
Bjarnason,5,88.493347,15
,2,-1.0,24
,3,-1.0,24
,4,-1.0,24
MBB,5,31.264603,23
sanninc,5,0.0,9
Foreword,5,62.218399,12
by,5,62.218399,39
Martin,5,65.466316,12
ders,5,0.0,11
