text,level,conf,height
,1,-1.0,666
,2,-1.0,21
,3,-1.0,21
,4,-1.0,21
MMB,5,44.781189,21
anniv,5,0.0,10
,2,-1.0,53
,3,-1.0,53
,4,-1.0,53
FOR,5,60.075527,53
J,5,60.075527,79
,2,-1.0,41
,3,-1.0,41
,4,-1.0,15
Nicolas,5,96.907738,15
Leroux,5,94.085701,15
,4,-1.0,18
Sietse,5,92.75956,15
de,5,96.590073,15
Kaper,5,96.463036,18
,2,-1.0,12
,3,-1.0,12
,4,-1.0,12
Fonewoeo,5,30.596054,12
ay,5,23.755463,28
James,5,96.142647,11
Ward,5,91.849472,11
,2,-1.0,666
,3,-1.0,666
,4,-1.0,666
 ,5,95.0,666
