text,level,conf,height
,1,-1.0,666
,2,-1.0,666
,3,-1.0,666
,4,-1.0,404
    ,5,95.0,404
,4,-1.0,262
 ,5,95.0,262
,2,-1.0,41
,3,-1.0,41
,4,-1.0,15
Nick,5,93.201378,15
Dimiduk,5,92.380981,15
,4,-1.0,18
Amandeep,5,86.174614,18
Khurana,5,96.707916,15
,2,-1.0,30
,3,-1.0,30
,4,-1.0,12
Foreworo,5,61.378227,12
BY,5,61.473133,24
,4,-1.0,12
Michael,5,96.599487,12
Stack,5,96.913696,12
,2,-1.0,10
,3,-1.0,10
,4,-1.0,10
MANHING,5,51.47884,10
