text,level,conf,height
,1,-1.0,645
,2,-1.0,21
,3,-1.0,21
,4,-1.0,21
MBB,5,51.311722,20
vannins,5,0.0,10
,2,-1.0,50
,3,-1.0,50
,4,-1.0,50
FOR,5,85.125938,50
SC,5,85.125938,50
,2,-1.0,14
,3,-1.0,14
,4,-1.0,14
Peter,5,95.861137,14
Hilton,5,95.861137,14
,2,-1.0,645
,3,-1.0,645
,4,-1.0,645
  ,5,95.0,645
