text,level,conf,height
,1,-1.0,666
,2,-1.0,16
,3,-1.0,16
,4,-1.0,16
Learn,5,96.472321,16
,2,-1.0,37
,3,-1.0,37
,4,-1.0,37
WINDOWS,5,96.225975,37
IIS,5,95.104523,37
,2,-1.0,19
,3,-1.0,19
,4,-1.0,19
IN,5,96.564072,19
A,5,96.627472,19
MONTH,5,96.347809,19
OF,5,96.810654,19
LUNCHES,5,95.39299,19
,2,-1.0,332
,3,-1.0,332
,4,-1.0,332
 ,5,95.0,332
,2,-1.0,21
,3,-1.0,21
,4,-1.0,21
JASON,5,93.272659,21
HELMICK,5,90.35704,17
,2,-1.0,19
,3,-1.0,19
,4,-1.0,19
MMB,5,60.153877,34
Mannina,5,0.0,10
