text,level,conf,height
,1,-1.0,792
,2,-1.0,19
,3,-1.0,19
,4,-1.0,19
Functional,5,96.844559,14
Programming,5,95.962151,19
in,5,95.962151,10
,2,-1.0,43
,3,-1.0,43
,4,-1.0,15
Paul,5,93.215637,15
Chiusano,5,90.381927,15
,4,-1.0,19
Ranar,5,14.943474,14
Bjarnason,5,90.938454,19
,2,-1.0,792
,3,-1.0,792
,4,-1.0,792
 ,5,95.0,792
