text,level,conf,height
,1,-1.0,666
,2,-1.0,17
,3,-1.0,17
,4,-1.0,17
Jos,5,96.801155,17
Dirksen,5,95.175278,17
,2,-1.0,666
,3,-1.0,666
,4,-1.0,666
 ,5,95.0,666
,2,-1.0,20
,3,-1.0,20
,4,-1.0,20
ABB,5,48.749802,20
annine,5,7.619064,10
