text,level,conf,height
,1,-1.0,668
,2,-1.0,40
,3,-1.0,40
,4,-1.0,21
How,5,96.935127,15
to,5,94.32814,12
"find,",5,90.173477,17
organizeyf®,5,0.0,21
,4,-1.0,18
and,5,96.704575,15
manipulate,5,95.345886,18
it,5,96.354675,27
,2,-1.0,12
,3,-1.0,12
,4,-1.0,12
MANNING,5,73.441376,12
,2,-1.0,668
,3,-1.0,668
,4,-1.0,668
 ,5,95.0,668
