text,level,conf,height
,1,-1.0,648
,2,-1.0,23
,3,-1.0,23
,4,-1.0,23
Understanding,5,96.181595,23
,2,-1.0,16
,3,-1.0,16
,4,-1.0,16
Consciousne,5,90.89547,16
,2,-1.0,626
,3,-1.0,626
,4,-1.0,626
 ,5,95.0,626
,2,-1.0,14
,3,-1.0,14
,4,-1.0,14
see,5,91.291977,11
title,5,95.934532,14
verso,5,96.28698,11
for,5,96.28698,14
ISBN,5,96.768616,14
details,5,87.718025,14
