text,level,conf,height
,1,-1.0,860
,2,-1.0,178
,3,-1.0,178
,4,-1.0,45
The,5,96.690079,45
,4,-1.0,60
Mayor,5,96.91452,58
of,5,96.931282,45
,4,-1.0,59
Casterbridge,5,92.655121,59
,2,-1.0,860
,3,-1.0,860
,4,-1.0,860
 ,5,95.0,860
