text,level,conf,height
,1,-1.0,648
,2,-1.0,199
,3,-1.0,199
,4,-1.0,58
Computer,5,96.456818,58
,4,-1.0,57
Network,5,96.754539,46
Security,5,96.74839,57
,4,-1.0,63
-,5,34.288841,4
and,5,88.659828,46
Cyber,5,43.441002,71
Ethics,5,91.045822,59
.,5,22.206848,4
,2,-1.0,262
,3,-1.0,262
,4,-1.0,262
 ,5,95.0,262
,2,-1.0,33
,3,-1.0,33
,4,-1.0,33
Joseph,5,65.641663,33
Migga,5,74.532356,33
Kizza,5,76.518532,27
