text,level,conf,height
,1,-1.0,720
,2,-1.0,13
,3,-1.0,13
,4,-1.0,13
SECOND,5,96.512779,13
EDITION,5,95.908112,13
,2,-1.0,113
,3,-1.0,113
,4,-1.0,42
MECHANICS,5,96.06115,42
OF,5,96.874619,42
,4,-1.0,56
MATERIALS,5,96.530006,56
,2,-1.0,460
,3,-1.0,460
,4,-1.0,460
 ,5,95.0,460
