text,level,conf,height
,1,-1.0,1000
,2,-1.0,36
,3,-1.0,36
,4,-1.0,36
METADATA,5,96.701202,36
,2,-1.0,20
,3,-1.0,20
,4,-1.0,20
JEFFREY,5,92.611862,20
POMERANTZ,5,91.591225,20
,2,-1.0,135
,3,-1.0,135
,4,-1.0,135
<>,5,95.092178,135
,2,-1.0,102
,3,-1.0,102
,4,-1.0,102
 ,5,95.0,102
