text,level,conf,height
,1,-1.0,554
,2,-1.0,124
,3,-1.0,124
,4,-1.0,55
THE,5,95.338402,24
HOLOGRAPHIC,5,96.6549,53
,4,-1.0,54
U,5,89.47406,30
N,5,91.810471,50
|,5,82.112007,30
V,5,60.145271,50
EO,5,42.68869,30
Res,5,19.255226,32
,2,-1.0,313
,3,-1.0,313
,4,-1.0,313
   ,5,95.0,313
  ,5,95.0,45
,2,-1.0,65
,3,-1.0,65
,4,-1.0,65
 ,5,95.0,65
