text,level,conf,height
,1,-1.0,299
,2,-1.0,47
,3,-1.0,47
,4,-1.0,9
conracr,5,24.311333,9
,4,-1.0,8
wm,5,49.448009,5
ALTE,5,0.0,8
,4,-1.0,8
CIVILIZATIONS,5,64.895767,8
,2,-1.0,7
,3,-1.0,7
,4,-1.0,7
renee,5,0.0,6
KE,5,59.787258,7
te),5,0.0,7
,2,-1.0,5
,3,-1.0,5
,4,-1.0,5
 ,5,95.0,5
