text,level,conf,height
,1,-1.0,531
,2,-1.0,85
,3,-1.0,85
,4,-1.0,85
©,5,88.330505,72
Plain&Simple,5,88.330505,82
,2,-1.0,190
,3,-1.0,190
,4,-1.0,54
Microsoft,5,96.652786,54
,4,-1.0,53
SharePoint,5,96.549812,53
,4,-1.0,51
2013,5,96.924408,51
,2,-1.0,19
,3,-1.0,19
,4,-1.0,19
lohnathan,5,59.610046,14
"Lightfoot,",5,96.865074,19
Michelle,5,96.958107,14
"Lopez,",5,96.225449,18
and,5,96.225449,14
Scott,5,92.68956,14
Metker,5,92.68956,14
