text,level,conf,height
,1,-1.0,531
,2,-1.0,85
,3,-1.0,85
,4,-1.0,85
©,5,78.059273,73
Plain&Simple,5,78.059273,82
,2,-1.0,164
,3,-1.0,164
,4,-1.0,63
Microsoft,5,96.606239,63
,4,-1.0,79
Project,5,96.829506,79
2013,5,96.815239,60
