text,level,conf,height
,1,-1.0,648
,2,-1.0,194
,3,-1.0,194
,4,-1.0,70
Exploring,5,96.728516,70
,4,-1.0,55
Microsoft,5,95.914024,55
,4,-1.0,54
SharePoint,5,95.749977,54
2013,5,95.749977,53
,2,-1.0,22
,3,-1.0,22
,4,-1.0,22
Penelope,5,96.577614,22
Coventry,5,96.755608,22
,2,-1.0,136
,3,-1.0,136
,4,-1.0,136
 ,5,95.0,136
