text,level,conf,height
,1,-1.0,648
,2,-1.0,648
,3,-1.0,648
,4,-1.0,299
 ,5,95.0,65
     ,5,95.0,299
,4,-1.0,349
 ,5,95.0,349
,2,-1.0,27
,3,-1.0,27
,4,-1.0,27
_»,5,8.070824,27
Microsoft,5,96.411118,18
,2,-1.0,169
,3,-1.0,169
,4,-1.0,93
Configuring,5,89.563583,93
,4,-1.0,71
Windows,5,96.532143,71
8,5,42.53627,49
,2,-1.0,46
,3,-1.0,46
,4,-1.0,21
Mi,5,25.10881,2
iahiy,5,0.122498,21
,4,-1.0,46
iii,5,25.203011,46
