text,level,conf,height
,1,-1.0,648
,2,-1.0,27
,3,-1.0,27
,4,-1.0,27
“EE,5,0.0,27
Microsoft,5,92.599358,18
,2,-1.0,117
,3,-1.0,117
,4,-1.0,55
Microsoft,5,96.636856,55
,4,-1.0,54
Excel,5,96.19812,53
2013,5,96.523659,52
,2,-1.0,103
,3,-1.0,103
,4,-1.0,52
Data,5,96.683578,37
Analysis,5,19.710358,52
and,5,19.710358,40
,4,-1.0,51
Business,5,96.554916,39
Modeling,5,96.264084,51
|,5,82.224998,2
,2,-1.0,181
,3,-1.0,181
,4,-1.0,181
4,5,66.658432,181
