text,level,conf,height
,1,-1.0,648
,2,-1.0,11
,3,-1.0,11
,4,-1.0,11
Moving,5,91.449593,11
without,5,96.741791,8
a,5,96.591042,6
Body,5,93.190804,11
