text,level,conf,height
,1,-1.0,648
,2,-1.0,11
,3,-1.0,11
,4,-1.0,11
Playing,5,96.384499,11
with,5,96.681709,8
Sound,5,96.768654,8
