text,level,conf,height
,1,-1.0,576
,2,-1.0,14
,3,-1.0,14
,4,-1.0,14
Ambient,5,96.394127,13
Commons,5,92.616821,14
