text,level,conf,height
,1,-1.0,325
,2,-1.0,10
,3,-1.0,10
,4,-1.0,10
Handbook,5,96.358917,10
,2,-1.0,30
,3,-1.0,30
,4,-1.0,11
f,5,58.509235,9
Plant,5,94.326004,11
anc,5,75.630035,7
,4,-1.0,13
Crop,5,77.493774,13
Phu,5,95.151367,4
,2,-1.0,11
,3,-1.0,11
,4,-1.0,11
 ,5,95.0,11
,2,-1.0,7
,3,-1.0,7
,4,-1.0,7
  ,5,95.0,7
,2,-1.0,23
,3,-1.0,23
,4,-1.0,7
aiton,5,7.250916,7
,4,-1.0,7
Revised,5,25.543266,7
and,5,71.041199,7
,2,-1.0,102
,3,-1.0,102
,4,-1.0,102
 ,5,95.0,102
