text,level,conf,height
,1,-1.0,667
,2,-1.0,235
,3,-1.0,235
,4,-1.0,235
  ,5,95.0,235
,2,-1.0,235
,3,-1.0,235
,4,-1.0,28
ae,5,32.41703,31
,4,-1.0,57
Beginning,5,96.549896,57
,4,-1.0,45
Machine,5,96.67424,45
,4,-1.0,57
Learning,5,96.503853,57
in,5,96.433357,43
iOS,5,68.557457,44
,2,-1.0,19
,3,-1.0,19
,4,-1.0,19
CoreML,5,92.131256,18
Framework,5,96.749725,19
,2,-1.0,18
,3,-1.0,18
,4,-1.0,18
Mohit,5,96.397667,18
Thakkar,5,94.845848,18
,2,-1.0,605
,3,-1.0,605
,4,-1.0,605
 ,5,95.0,605
