text,level,conf,height
,1,-1.0,792
,2,-1.0,12
,3,-1.0,12
,4,-1.0,12
"mature,",5,96.540771,10
and,5,96.994377,11
sometimes,5,96.84256,9
droll,5,94.211639,11
,2,-1.0,52
,3,-1.0,52
,4,-1.0,15
exploration,5,95.394791,15
of,5,93.941032,11
a,5,93.941032,31
profoundly,5,96.747475,15
,4,-1.0,13
"liberated,",5,96.749977,12
"adventuresome,",5,93.586685,13
,4,-1.0,15
and,5,97.005669,12
driven,5,96.571602,12
personality.”,5,85.370911,15
,2,-1.0,792
,3,-1.0,792
,4,-1.0,792
 ,5,95.0,792
