text,level,conf,height
,1,-1.0,667
,2,-1.0,247
,3,-1.0,247
,4,-1.0,65
TRAE,5,22.46109,65
,4,-1.0,67
DIGITAL,5,95.746338,67
,4,-1.0,68
CROWN,5,95.768265,68
,2,-1.0,53
,3,-1.0,53
,4,-1.0,53
2),5,60.843418,53
,2,-1.0,53
,3,-1.0,53
,4,-1.0,53
Oe},5,57.834213,53
,2,-1.0,29
,3,-1.0,29
,4,-1.0,29
AHAVA,5,90.868378,28
LEIBTAG,5,91.73069,29
,2,-1.0,667
,3,-1.0,667
,4,-1.0,667
 ,5,95.0,667
