text,level,conf,height
,1,-1.0,663
,2,-1.0,158
,3,-1.0,158
,4,-1.0,69
EYE,5,96.843697,69
,4,-1.0,72
TRACKING,5,95.637718,72
,2,-1.0,58
,3,-1.0,58
,4,-1.0,17
IN,5,94.696106,15
USER,5,94.696106,17
EXPERIENCE,5,96.487556,17
DESIGN,5,95.77832,17
,4,-1.0,13
JENNIFER,5,96.423836,11
ROMANO,5,96.534134,12
"BERGSTROM,",5,96.428391,13
PH.D.,5,93.211136,11
&,5,93.211136,12
,4,-1.0,12
ANDREW,5,96.437485,11
JONATHAN,5,93.285507,12
SCHALL,5,92.679245,12
,2,-1.0,354
,3,-1.0,354
,4,-1.0,354
 ,5,95.0,354
