text,level,conf,height
,1,-1.0,648
,2,-1.0,48
,3,-1.0,48
,4,-1.0,22
Computational,5,96.362831,22
Network,5,96.970276,17
Science,5,96.824593,17
,4,-1.0,19
An,5,93.750969,14
Algorithmic,5,93.825325,19
Approach,5,96.652191,27
,2,-1.0,15
,3,-1.0,15
,4,-1.0,15
Henry,5,93.255966,15
Hexmoor,5,77.63958,12
,2,-1.0,71
,3,-1.0,71
,4,-1.0,71
   ,5,95.0,71
,2,-1.0,9
,3,-1.0,9
,4,-1.0,9
ELSEVIER,5,96.46431,9
