text,level,conf,height
,1,-1.0,667
,2,-1.0,64
,3,-1.0,64
,4,-1.0,64
Bitemporal,5,92.167717,64
Data,5,97.015465,51
,2,-1.0,364
,3,-1.0,364
,4,-1.0,364
 ,5,95.0,364
,2,-1.0,26
,3,-1.0,26
,4,-1.0,26
M<,5,86.750069,26
Tom,5,96.54837,16
Johnston,5,96.54837,16
