text,level,conf,height
,1,-1.0,666
,2,-1.0,185
,3,-1.0,185
,4,-1.0,56
BUSINESS,5,96.879875,56
,4,-1.0,55
PROCESS,5,96.202148,55
,4,-1.0,56
GE,5,96.513596,56
,2,-1.0,354
,3,-1.0,354
,4,-1.0,354
 ,5,95.0,354
,2,-1.0,581
,3,-1.0,581
,4,-1.0,581
 ,5,95.0,581
,2,-1.0,33
,3,-1.0,33
,4,-1.0,33
M<,5,82.321671,26
|,5,86.337524,47
Paul,5,93.111801,33
Harmon,5,96.599304,32
