text,level,conf,height
,1,-1.0,648
,2,-1.0,22
,3,-1.0,22
,4,-1.0,22
Process,5,96.899094,17
Modeling,5,96.789131,22
Style,5,96.974258,22
