text,level,conf,height
,1,-1.0,666
,2,-1.0,19
,3,-1.0,19
,4,-1.0,19
Bridging,5,96.889862,19
UX,5,96.98111,15
and,5,96.485611,15
Web,5,96.582306,15
Development,5,96.383377,19
