text,level,conf,height
,1,-1.0,666
,2,-1.0,31
,3,-1.0,31
,4,-1.0,31
Information,5,95.977303,31
Visualization,5,95.881477,30
,2,-1.0,14
,3,-1.0,14
,4,-1.0,14
PERCEPTION,5,96.012337,14
FOR,5,96.012337,14
DESIGN,5,96.326897,14
,2,-1.0,12
,3,-1.0,12
,4,-1.0,12
Third,5,96.352852,12
Edition,5,92.286736,12
,2,-1.0,366
,3,-1.0,366
,4,-1.0,366
 ,5,95.0,366
,2,-1.0,24
,3,-1.0,24
,4,-1.0,24
"°,",5,44.151287,24
Colin,5,96.793015,18
Ware,5,96.793015,17
,2,-1.0,72
,3,-1.0,72
,4,-1.0,72
 ,5,95.0,72
