text,level,conf,height
,1,-1.0,666
,2,-1.0,95
,3,-1.0,95
,4,-1.0,95
TOTAL,5,95.850929,95
,2,-1.0,86
,3,-1.0,86
,4,-1.0,41
INFORMATION,5,95.903656,41
,4,-1.0,30
RISK,5,96.164131,30
MANAGEMENT,5,96.164131,30
,2,-1.0,48
,3,-1.0,48
,4,-1.0,24
Maximizing,5,95.636421,24
the,5,96.74939,18
Value,5,96.269058,18
of,5,96.897629,18
,4,-1.0,19
Data,5,95.613518,18
and,5,95.613518,19
Information,5,95.920441,19
Assets,5,96.77829,18
,2,-1.0,268
,3,-1.0,268
,4,-1.0,268
 ,5,95.0,268
