text,level,conf,height
,1,-1.0,648
,2,-1.0,14
,3,-1.0,14
,4,-1.0,14
Service,5,96.990562,11
Orchestration,5,96.900932,11
as,5,96.597885,8
Organization,5,96.668816,14
