text,level,conf,height
,1,-1.0,666
,2,-1.0,57
,3,-1.0,57
,4,-1.0,32
Modeling,5,91.97287,32
Enterpris,5,91.54631,25
,4,-1.0,25
Architecture,5,96.573166,25
with,5,92.978455,25
TOGAF,5,91.6166,25
