text,level,conf,height
,1,-1.0,648
,2,-1.0,117
,3,-1.0,117
,4,-1.0,45
The,5,96.910515,45
UX,5,92.914368,44
Five-Second,5,92.161774,45
,4,-1.0,45
Rules,5,96.145073,45
,2,-1.0,63
,3,-1.0,63
,4,-1.0,27
Guidelines,5,95.603981,21
for,5,88.152626,21
User,5,95.680817,21
Experience,5,96.878159,26
Design's,5,46.188988,27
,4,-1.0,27
Simplest,5,96.814598,26
Testing,5,96.364746,27
Technique,5,96.364746,26
,2,-1.0,26
,3,-1.0,26
,4,-1.0,26
oa,5,36.411327,3
Paul,5,96.747879,26
Doncaster,5,96.568924,25
