text,level,conf,height
,1,-1.0,667
,2,-1.0,192
,3,-1.0,167
,4,-1.0,43
Intel®,5,94.920258,43
Xeon,5,92.647202,39
Phi™,5,89.892006,42
,4,-1.0,51
Coprocessor,5,91.666412,51
,4,-1.0,76
High,5,96.888489,76
Performance,5,96.257744,41
,2,-1.0,667
,3,-1.0,667
,4,-1.0,667
 ,5,95.0,667
