text,level,conf,height
,1,-1.0,666
,2,-1.0,25
,3,-1.0,25
,4,-1.0,25
Software,5,96.641174,25
Defined,5,96.508957,25
Networks,5,96.655998,25
