text,level,conf,height
,1,-1.0,648
,2,-1.0,19
,3,-1.0,19
,4,-1.0,19
 ,5,95.0,19
,2,-1.0,11
,3,-1.0,11
,4,-1.0,11
and,5,77.175354,9
lifestyle,5,78.099174,11
