text,level,conf,height
,1,-1.0,648
,2,-1.0,94
,3,-1.0,94
,4,-1.0,23
NaruraL,5,61.123058,23
LANGUAGE,5,95.351418,22
PROCESSING,5,0.0,22
,4,-1.0,21
AND,5,96.283661,15
MACHINE,5,95.918945,21
LEARNING,5,96.457092,21
,4,-1.0,22
FOR,5,96.611099,15
DEVELOPERS,5,96.531845,22
,2,-1.0,2
,3,-1.0,2
,4,-1.0,2
 ,5,95.0,2
,2,-1.0,447
,3,-1.0,447
,4,-1.0,447
 ,5,95.0,447
