text,level,conf,height
,1,-1.0,790
,2,-1.0,39
,3,-1.0,39
,4,-1.0,39
Neurosurgery,5,96.423836,37
of,5,96.403702,32
Complex,5,96.34832,39
,2,-1.0,31
,3,-1.0,31
,4,-1.0,31
Vascular,5,95.840775,31
Lesions,5,96.438423,31
and,5,96.767059,31
Tumors,5,96.759285,29
,2,-1.0,184
,3,-1.0,184
,4,-1.0,184
 ,5,95.0,184
,2,-1.0,17
,3,-1.0,17
,4,-1.0,17
Shigeaki,5,91.576241,17
Kobayashi,5,96.805054,17
,2,-1.0,460
,3,-1.0,460
,4,-1.0,460
 ,5,95.0,460
,2,-1.0,33
,3,-1.0,33
,4,-1.0,33
®Thieme,5,69.629898,33
