text,level,conf,height
,1,-1.0,667
,2,-1.0,223
,3,-1.0,223
,4,-1.0,223
 ,5,95.0,223
,2,-1.0,52
,3,-1.0,52
,4,-1.0,23
Learn,5,95.733498,17
Best,5,95.733498,17
Practices,5,96.396019,17
of,5,96.942108,18
Deep,5,96.428307,22
,4,-1.0,24
Learning,5,95.823212,23
Models,5,95.843285,18
with,5,93.306221,18
PyTorch,5,92.753296,24
,2,-1.0,18
,3,-1.0,18
,4,-1.0,18
Second,5,96.275116,18
Edition,5,96.406326,18
,2,-1.0,13
,3,-1.0,13
,4,-1.0,13
 ,5,95.0,13
,2,-1.0,443
,3,-1.0,443
,4,-1.0,443
 ,5,95.0,443
