text,level,conf,height
,1,-1.0,667
,2,-1.0,98
,3,-1.0,98
,4,-1.0,35
ABSOLUTE,5,96.311127,35
,4,-1.0,49
OPENBSD,5,90.30146,49
,2,-1.0,491
,3,-1.0,491
,4,-1.0,491
 ,5,95.0,491
