text,level,conf,height
,1,-1.0,666
,2,-1.0,11
,3,-1.0,11
,4,-1.0,11
ee,5,33.021492,11
,2,-1.0,44
,3,-1.0,44
,4,-1.0,21
simple,5,96.473122,21
ways,5,96.406166,16
to,5,96.606094,15
"tweak,",5,96.745941,19
,4,-1.0,19
"customize,",5,96.44136,18
and,5,96.887276,16
secure,5,96.127777,11
os,5,96.390167,11
x,5,96.90786,10
,2,-1.0,666
,3,-1.0,666
,4,-1.0,666
 ,5,95.0,666
