text,level,conf,height
,1,-1.0,666
,2,-1.0,52
,3,-1.0,52
,4,-1.0,52
 ,5,95.0,52
,2,-1.0,118
,3,-1.0,93
,4,-1.0,43
ARDUINO,5,95.920433,43
,4,-1.0,62
WORKSHOP,5,96.26107,62
,2,-1.0,500
,3,-1.0,500
,4,-1.0,500
 ,5,95.0,500
