text,level,conf,height
,1,-1.0,721
,2,-1.0,54
,3,-1.0,54
,4,-1.0,54
&,5,14.088814,54
,2,-1.0,16
,3,-1.0,16
,4,-1.0,16
Pawet,5,91.312592,15
“Sariel”,5,89.474869,15
Kmie¢,5,54.366035,16
,2,-1.0,280
,3,-1.0,280
,4,-1.0,280
 ,5,95.0,280
