text,level,conf,height
,1,-1.0,400
,2,-1.0,15
,3,-1.0,15
,4,-1.0,15
NIHILISM,5,95.851463,15
,2,-1.0,8
,3,-1.0,8
,4,-1.0,8
NOLEN,5,93.2995,8
GERTZ,5,87.060135,8
,2,-1.0,130
,3,-1.0,130
,4,-1.0,45
ACA),5,5.749283,45
,4,-1.0,42
ono,5,33.566658,46
mnennn,5,0.0,46
