text,level,conf,height
,1,-1.0,800
,2,-1.0,44
,3,-1.0,44
,4,-1.0,44
Number,5,15.182076,44
the,5,96.868118,44
Stars,5,96.764015,37
,2,-1.0,28
,3,-1.0,28
,4,-1.0,28
LOIS,5,96.488083,28
LOWRY,5,96.722267,28
,2,-1.0,86
,3,-1.0,86
,4,-1.0,86
 ,5,95.0,86
