text,level,conf,height
,1,-1.0,662
,2,-1.0,193
,3,-1.0,193
,4,-1.0,53
Active,5,46.669521,53
,4,-1.0,70
Directory,5,96.162895,70
,4,-1.0,58
Cookbook,5,96.504227,58
,2,-1.0,516
,3,-1.0,516
,4,-1.0,516
 ,5,95.0,516
,2,-1.0,30
,3,-1.0,30
,4,-1.0,30
O’REILLY*,5,41.975372,30
Brian,5,93.275948,11
Svidergol,5,92.603203,15
&,5,93.202866,10
Robbie,5,93.533348,12
Allen,5,96.593384,12
