text,level,conf,height
,1,-1.0,662
,2,-1.0,286
,3,-1.0,286
,4,-1.0,286
 ,5,95.0,286
,2,-1.0,10
,3,-1.0,10
,4,-1.0,10
‘The,5,78.911713,10
book,5,96.038589,10
that,5,96.879555,9
should,5,96.867744,10
have,5,96.67865,9
been,5,94.334183,9
in,5,96.89978,7
the,5,96.912277,10
box,5,96.384575,10
,2,-1.0,15
,3,-1.0,15
,4,-1.0,15
Jessica,5,93.202194,12
Thornsby,5,92.396309,15
&,5,93.271797,12
Josh,5,96.864456,12
Clark,5,95.836456,12
