text,level,conf,height
,1,-1.0,648
,2,-1.0,34
,3,-1.0,34
,4,-1.0,34
Cindy,5,96.294937,34
Alvarez,5,95.82032,27
,2,-1.0,164
,3,-1.0,164
,4,-1.0,80
CUSTOMER,5,75.285736,80
,4,-1.0,80
DEVELOPMENT,5,95.016098,80
,2,-1.0,36
,3,-1.0,36
,4,-1.0,36
Build,5,96.607903,36
Products,5,96.764206,36
