text,level,conf,height
,1,-1.0,662
,2,-1.0,263
,3,-1.0,263
,4,-1.0,53
Web,5,96.659218,76
,4,-1.0,107
Development,5,96.361557,107
,4,-1.0,55
with,5,96.1521,53
Node,5,93.040565,53
&,5,93.040565,55
,4,-1.0,66
Express,5,83.034775,66
,2,-1.0,572
,3,-1.0,572
,4,-1.0,572
 ,5,95.0,572
,2,-1.0,17
,3,-1.0,17
,4,-1.0,17
Ethan,5,97.005249,17
Brown,5,96.6343,16
