text,level,conf,height
,1,-1.0,662
,2,-1.0,253
,3,-1.0,205
,4,-1.0,56
Efficient,5,84.551559,56
,4,-1.0,55
Android,5,95.565643,55
,4,-1.0,116
Threading,5,86.35054,116
,2,-1.0,662
,3,-1.0,662
,4,-1.0,662
 ,5,95.0,662
,2,-1.0,17
,3,-1.0,17
,4,-1.0,17
Anders,5,93.26651,17
Géransson,5,32.54847,17
