text,level,conf,height
,1,-1.0,662
,2,-1.0,18
,3,-1.0,18
,4,-1.0,18
O'REILLY,5,56.759052,18
,2,-1.0,55
,3,-1.0,55
,4,-1.0,55
Essentials,5,51.480034,55
,2,-1.0,10
,3,-1.0,10
,4,-1.0,10
INTEGRATING,5,93.280128,10
IPV6,5,89.894997,10
INTO,5,96.877235,10
YOUR,5,90.638344,10
IPV4,5,90.638344,10
NETWORK,5,96.582748,10
,2,-1.0,534
,3,-1.0,534
,4,-1.0,534
 ,5,95.0,534
,2,-1.0,20
,3,-1.0,20
,4,-1.0,20
Silvia,5,96.807526,16
Hagen,5,96.260941,20
