text,level,conf,height
,1,-1.0,662
,2,-1.0,141
,3,-1.0,141
,4,-1.0,141
   ,5,95.0,141
,2,-1.0,11
,3,-1.0,11
,4,-1.0,11
From,5,95.545494,10
Hardware,5,96.562935,11
to,5,96.6418,9
Data,5,92.328888,10
to,5,92.328888,9
Visualization’,5,63.675644,11
,2,-1.0,12
,3,-1.0,12
,4,-1.0,12
Alasdair,5,96.679298,12
Allan,5,96.539429,12
,2,-1.0,22
,3,-1.0,22
,4,-1.0,22
O’REILLY*,5,49.198357,18
&,5,45.349655,11
Kipp,5,95.710381,15
Bradford,5,95.710381,15
