text,level,conf,height
,1,-1.0,648
,2,-1.0,314
,3,-1.0,314
,4,-1.0,314
 ,5,95.0,314
,2,-1.0,65
,3,-1.0,65
,4,-1.0,65
STATISTICS,5,96.274033,65
,2,-1.0,18
,3,-1.0,18
,4,-1.0,18
A,5,95.835335,13
Desktop,5,95.594681,18
Quick,5,96.263092,18
Reference,5,96.434235,18
,2,-1.0,21
,3,-1.0,21
,4,-1.0,21
O’REILLY*,5,22.516205,18
Sarah,5,41.625771,12
Boslaugh,5,70.653503,16
