text,level,conf,height
,1,-1.0,648
,2,-1.0,18
,3,-1.0,18
,4,-1.0,18
O'REILLY,5,78.863174,18
,2,-1.0,124
,3,-1.0,113
,4,-1.0,55
Building,5,96.960594,55
,4,-1.0,65
Applic,5,95.840439,65
ations,5,95.652916,43
,2,-1.0,25
,3,-1.0,25
,4,-1.0,10
PROXIMITY,5,94.920082,10
,4,-1.0,10
WITH,5,94.828278,10
BLU,5,76.573524,10
,2,-1.0,428
,3,-1.0,428
,4,-1.0,428
 ,5,95.0,428
,2,-1.0,16
,3,-1.0,16
,4,-1.0,16
Matthew,5,93.236343,16
S.Gast,5,91.117485,16
