text,level,conf,height
,1,-1.0,662
,2,-1.0,404
,3,-1.0,404
,4,-1.0,404
 ,5,95.0,404
,2,-1.0,15
,3,-1.0,15
,4,-1.0,15
Jeroen,5,96.708328,15
Janssens,5,96.365715,15
