text,level,conf,height
,1,-1.0,662
,2,-1.0,195
,3,-1.0,195
,4,-1.0,80
Becoming,5,95.954086,80
,4,-1.0,53
a,5,96.438568,38
Better,5,96.438568,53
,4,-1.0,53
Programmer,5,96.502312,53
,2,-1.0,548
,3,-1.0,548
,4,-1.0,548
 ,5,95.0,548
,2,-1.0,662
,3,-1.0,662
,4,-1.0,662
 ,5,95.0,662
,2,-1.0,17
,3,-1.0,17
,4,-1.0,17
Pete,5,93.24765,15
Goodliffe,5,88.373779,17
,2,-1.0,662
,3,-1.0,662
,4,-1.0,662
 ,5,95.0,662
,2,-1.0,1
,3,-1.0,1
,4,-1.0,1
 ,5,95.0,1
