text,level,conf,height
,1,-1.0,662
,2,-1.0,15
,3,-1.0,15
,4,-1.0,15
From,5,95.04525,10
Library,5,96.586609,12
User,5,96.888741,10
to,5,96.956627,8
JavaScript,5,94.632881,14
Developer,5,96.917366,14
,2,-1.0,143
,3,-1.0,143
,4,-1.0,75
JavaScript,5,96.343658,75
,4,-1.0,62
Enlightenment,5,95.726913,62
,2,-1.0,504
,3,-1.0,504
,4,-1.0,504
 ,5,95.0,504
,2,-1.0,32
,3,-1.0,32
,4,-1.0,32
O'REILLY,5,52.323498,32
Cody,5,95.689934,13
Lindley,5,96.934662,13
