text,level,conf,height
,1,-1.0,662
,2,-1.0,33
,3,-1.0,33
,4,-1.0,15
Fundamentals,5,95.473343,12
of,5,92.519638,14
"iPhone,",5,71.767853,13
"iPad,",5,89.099213,12
,4,-1.0,15
and,5,95.261063,10
iPod,5,89.373566,11
touch,5,96.833458,11
Development,5,96.694908,14
,2,-1.0,488
,3,-1.0,488
,4,-1.0,488
 ,5,95.0,488
,2,-1.0,32
,3,-1.0,32
,4,-1.0,32
O’REILLY*,5,57.756287,32
Matt,5,96.174789,13
Neuburg,5,96.743393,18
