text,level,conf,height
,1,-1.0,648
,2,-1.0,18
,3,-1.0,18
,4,-1.0,18
O'REILLY,5,53.693436,18
,2,-1.0,164
,3,-1.0,164
,4,-1.0,51
Learning,5,0.0,42
_,5,39.221046,6
,4,-1.0,68
Responsive,5,96.447266,68
,4,-1.0,58
Web,5,95.981041,47
Design,5,93.680031,58
,2,-1.0,10
,3,-1.0,10
,4,-1.0,10
A,5,90.221428,9
BEGINNER'S,5,69.348145,10
GUIDE,5,94.893005,10
,2,-1.0,62
,3,-1.0,62
,4,-1.0,62
  ,5,95.0,62
 ,5,95.0,36
,2,-1.0,18
,3,-1.0,18
,4,-1.0,18
Clarissa,5,95.856247,18
Peterson,5,96.961136,17
