text,level,conf,height
,1,-1.0,662
,2,-1.0,42
,3,-1.0,42
,4,-1.0,42
 ,5,95.0,42
,2,-1.0,64
,3,-1.0,64
,4,-1.0,64
Excel,5,95.92791,64
2013,5,95.990997,62
,2,-1.0,36
,3,-1.0,36
,4,-1.0,36
the,5,96.802963,28
missing,5,95.923714,36
manual’,5,72.202179,28
,2,-1.0,88
,3,-1.0,88
,4,-1.0,88
 ,5,95.0,88
,2,-1.0,74
,3,-1.0,74
,4,-1.0,74
 ,5,95.0,74
