text,level,conf,height
,1,-1.0,648
,2,-1.0,61
,3,-1.0,61
,4,-1.0,61
 ,5,95.0,61
,2,-1.0,23
,3,-1.0,23
,4,-1.0,23
KYLE,5,96.919449,22
SIMPSON,5,96.59565,23
,2,-1.0,136
,3,-1.0,136
,4,-1.0,60
this,5,92.794296,60
&,5,69.063988,40
OBJECT,5,92.550034,56
,4,-1.0,56
PROTOTYPES,5,96.285019,56
,2,-1.0,236
,3,-1.0,236
,4,-1.0,236
 ,5,95.0,236
