text,level,conf,height
,1,-1.0,662
,2,-1.0,18
,3,-1.0,18
,4,-1.0,18
O'REILLY,5,64.960312,18
,2,-1.0,133
,3,-1.0,133
,4,-1.0,74
Becoming,5,96.153191,74
,4,-1.0,59
Functional,5,96.45813,59
,2,-1.0,9
,3,-1.0,9
,4,-1.0,9
STEPS,5,96.971092,9
FOR,5,96.924805,9
TRANSFORMING,5,95.602295,9
INTO,5,95.599762,9
A,5,96.556671,8
FUNCTIONAL,5,95.960068,9
PROGRAMMER,5,92.859688,9
,2,-1.0,530
,3,-1.0,530
,4,-1.0,530
 ,5,95.0,530
,2,-1.0,17
,3,-1.0,17
,4,-1.0,17
Joshua,5,91.435768,17
Backfield,5,91.435768,17
