text,level,conf,height
,1,-1.0,648
,2,-1.0,28
,3,-1.0,28
,4,-1.0,15
 ,5,95.0,15
,4,-1.0,13
 ,5,95.0,13
,2,-1.0,21
,3,-1.0,21
,4,-1.0,8
series,5,36.253376,5
of,5,90.659836,7
guidebooks,5,73.06414,7
,4,-1.0,7
CO-FOUNDER,5,63.227516,19
OF,5,95.595306,7
WIRED,5,15.609833,6
,2,-1.0,492
,3,-1.0,492
,4,-1.0,492
 ,5,95.0,492
,2,-1.0,13
,3,-1.0,13
,4,-1.0,13
OREILLY*,5,21.762299,13
J.D.,5,92.997803,10
Biersdorfer,5,90.90255,10
