text,level,conf,height
,1,-1.0,662
,2,-1.0,29
,3,-1.0,29
,4,-1.0,29
8,5,1.572998,29
,2,-1.0,173
,3,-1.0,173
,4,-1.0,103
Functional,5,93.30571,103
¥,5,37.859936,32
,4,-1.0,79
Thinking,5,95.276695,79
,2,-1.0,518
,3,-1.0,518
,4,-1.0,518
 ,5,95.0,518
,2,-1.0,17
,3,-1.0,17
,4,-1.0,17
Neal,5,96.326035,17
Ford,5,96.936867,17
