text,level,conf,height
,1,-1.0,648
,2,-1.0,23
,3,-1.0,23
,4,-1.0,23
Stephen,5,96.690926,23
O'Grady,5,83.551262,23
,2,-1.0,160
,3,-1.0,160
,4,-1.0,68
The,5,96.760536,68
New,5,96.924614,68
,4,-1.0,85
Kingmakers,5,91.70108,85
,2,-1.0,63
,3,-1.0,63
,4,-1.0,30
How,5,96.983177,24
Developers,5,96.939209,30
,4,-1.0,30
Conquered,5,96.579636,30
the,5,96.833275,24
World,5,96.952263,24
,2,-1.0,16
,3,-1.0,16
,4,-1.0,16
O'REILLY”,5,60.968433,16
