text,level,conf,height
,1,-1.0,662
,2,-1.0,370
,3,-1.0,370
,4,-1.0,370
 ,5,95.0,370
,2,-1.0,37
,3,-1.0,37
,4,-1.0,16
Theresa,5,96.954002,16
Neil,5,96.693451,16
,4,-1.0,14
Foreword,5,96.548164,14
by,5,96.548164,25
Jenifer,5,96.641403,14
Tidwell,5,94.326225,13
