text,level,conf,height
,1,-1.0,662
,2,-1.0,556
,3,-1.0,556
,4,-1.0,556
 ,5,95.0,556
,2,-1.0,23
,3,-1.0,23
,4,-1.0,23
Programming,5,95.658249,23
,2,-1.0,32
,3,-1.0,32
,4,-1.0,32
O’REILLY*,5,59.143608,32
Alasdair,5,93.693207,14
Allan,5,93.693207,14
