text,level,conf,height
,1,-1.0,648
,2,-1.0,567
,3,-1.0,567
,4,-1.0,567
 ,5,95.0,567
,2,-1.0,13
,3,-1.0,13
,4,-1.0,13
OREILLY*,5,21.458115,13
Preston,5,96.481194,10
Gralla,5,94.685326,10
