text,level,conf,height
,1,-1.0,662
,2,-1.0,18
,3,-1.0,18
,4,-1.0,18
O'REILLY,5,85.041672,18
,2,-1.0,162
,3,-1.0,162
,4,-1.0,99
Developing,5,96.85891,99
,4,-1.0,57
with,5,96.41687,57
PDF,5,96.244553,56
,2,-1.0,10
,3,-1.0,10
,4,-1.0,10
DIVE,5,95.135017,9
INTO,5,95.135017,9
THE,5,96.119019,9
PORTABLE,5,96.568199,10
DOCUMENT,5,96.022751,10
FORMAT,5,94.196381,9
,2,-1.0,432
,3,-1.0,432
,4,-1.0,432
 ,5,95.0,432
,2,-1.0,16
,3,-1.0,16
,4,-1.0,16
Leonard,5,93.290779,16
Rosenthol,5,90.819962,16
