text,level,conf,height
,1,-1.0,662
,2,-1.0,30
,3,-1.0,30
,4,-1.0,9
a,5,17.414055,9
0,5,52.022747,19
,4,-1.0,15
Designing,5,95.069061,14
with,5,96.991768,11
Details,5,94.485626,11
,2,-1.0,406
,3,-1.0,406
,4,-1.0,406
 ,5,95.0,406
,2,-1.0,17
,3,-1.0,17
,4,-1.0,17
Dan,5,93.208809,11
Saffer,5,72.822586,17
,2,-1.0,19
,3,-1.0,19
,4,-1.0,19
O'REILLY*,5,0.0,18
Foreword,5,96.071831,10
by,5,95.440376,11
Don,5,96.857086,9
Norman,5,96.601349,9
