text,level,conf,height
,1,-1.0,662
,2,-1.0,175
,3,-1.0,175
,4,-1.0,96
Windows,5,96.263,96
,4,-1.0,59
Server,5,96.333763,57
2012,5,96.719383,59
,2,-1.0,25
,3,-1.0,25
,4,-1.0,25
Up,5,94.242363,23
and,5,96.731979,19
Running,5,96.616524,23
,2,-1.0,568
,3,-1.0,568
,4,-1.0,568
   ,5,95.0,568
,2,-1.0,32
,3,-1.0,32
,4,-1.0,32
O’REILLY®,5,26.335533,32
Samara,5,96.254265,9
Lynn,5,91.151955,12
