text,level,conf,height
,1,-1.0,648
,2,-1.0,17
,3,-1.0,17
,4,-1.0,17
O'REILLY,5,83.826584,17
,2,-1.0,167
,3,-1.0,167
,4,-1.0,41
Designing,5,96.347908,41
,4,-1.0,67
Multi-Device,5,87.171951,67
,4,-1.0,58
Experiences,5,96.116203,58
,2,-1.0,25
,3,-1.0,25
,4,-1.0,10
AN,5,91.825974,10
Et,5,79.799759,10
,4,-1.0,10
EXP!,5,51.256374,10
,2,-1.0,62
,3,-1.0,62
,4,-1.0,62
  ,5,95.0,62
 ,5,95.0,36
,2,-1.0,18
,3,-1.0,18
,4,-1.0,18
Michal,5,96.365746,18
Levin,5,96.365746,16
