text,level,conf,height
,1,-1.0,662
,2,-1.0,1
,3,-1.0,1
,4,-1.0,1
 ,5,95.0,1
,2,-1.0,662
,3,-1.0,662
,4,-1.0,662
 ,5,95.0,662
,2,-1.0,372
,3,-1.0,372
,4,-1.0,372
 ,5,95.0,372
,2,-1.0,17
,3,-1.0,17
,4,-1.0,17
Simon,5,96.899483,16
Monk,5,96.856178,17
