text,level,conf,height
,1,-1.0,648
,2,-1.0,322
,3,-1.0,322
,4,-1.0,322
 ,5,95.0,322
,2,-1.0,20
,3,-1.0,20
,4,-1.0,20
Benjamin,5,96.906509,20
J.,5,96.307259,15
Evans,5,93.26384,15
&,5,93.26384,15
David,5,97.011116,16
Flanagan,5,96.684311,20
