text,level,conf,height
,1,-1.0,384
,2,-1.0,11
,3,-1.0,11
,4,-1.0,11
The,5,56.585068,11
,2,-1.0,24
,3,-1.0,24
,4,-1.0,24
TRIUMPH,5,96.225731,24
,2,-1.0,320
,3,-1.0,320
,4,-1.0,320
 ,5,95.0,320
