text,level,conf,height
,1,-1.0,432
,2,-1.0,77
,3,-1.0,77
,4,-1.0,17
Thomas,5,96.685875,16
East,5,96.62146,16
and,5,96.20414,16
Music,5,96.805801,17
,4,-1.0,22
Publishing,5,96.494942,22
in,5,96.321114,17
,4,-1.0,22
Renaissance,5,96.349464,17
England,5,96.434853,21
,2,-1.0,12
,3,-1.0,12
,4,-1.0,12
JEREMY,5,93.277435,12
L.,5,91.003136,12
SMITH,5,96.558655,12
,2,-1.0,10
,3,-1.0,10
,4,-1.0,10
OXFORD,5,96.569427,10
UNIVERSITY,5,96.316849,10
PRESS,5,96.495804,10
