text,level,conf,height
,1,-1.0,400
,2,-1.0,34
,3,-1.0,34
,4,-1.0,11
Jerry,5,69.919968,30
Brotton,5,74.150131,30
,4,-1.0,16
THE,5,96.349251,16
RENAISSANCE,5,96.151733,16
,2,-1.0,11
,3,-1.0,11
,4,-1.0,11
‘A,5,58.501987,8
Very,5,58.501987,11
Short,5,60.317833,9
Introduction,5,60.317833,9
,2,-1.0,160
,3,-1.0,160
,4,-1.0,160
 ,5,95.0,160
