text,level,conf,height
,1,-1.0,386
,2,-1.0,296
,3,-1.0,296
,4,-1.0,296
     ,5,95.0,296
,2,-1.0,88
,3,-1.0,88
,4,-1.0,20
’,5,27.379372,2
4,5,88.974113,16
,4,-1.0,18
Weakness,5,93.913376,18
of,5,96.876213,18
Will,5,96.059319,18
,4,-1.0,18
in,5,96.974113,16
Renaissance,5,96.672325,16
and,5,96.672325,18
,4,-1.0,24
Reformation,5,96.823486,18
Thought,5,96.989319,23
,2,-1.0,20
,3,-1.0,20
,4,-1.0,20
 ,5,95.0,20
,2,-1.0,8
,3,-1.0,8
,4,-1.0,8
RISTO,5,89.63147,8
SAARINEN,5,89.63147,8
