text,level,conf,height
,1,-1.0,382
,2,-1.0,160
,3,-1.0,160
,4,-1.0,53
 ,5,95.0,53
,4,-1.0,107
  ,5,95.0,107
,2,-1.0,65
,3,-1.0,65
,4,-1.0,37
Wittgenstein’s,5,84.217484,37
,4,-1.0,40
Tractatus,5,56.108978,40
,2,-1.0,244
,3,-1.0,244
,4,-1.0,244
 ,5,95.0,244
