text,level,conf,height
,1,-1.0,792
,2,-1.0,58
,3,-1.0,58
,4,-1.0,58
SM,5,94.291939,57
U,5,76.211533,58
GGLER,5,87.35997,56
,2,-1.0,58
,3,-1.0,58
,4,-1.0,58
NATION,5,96.04953,58
,2,-1.0,1
,3,-1.0,1
,4,-1.0,1
 ,5,95.0,1
,2,-1.0,450
,3,-1.0,450
,4,-1.0,450
 ,5,95.0,450
,2,-1.0,32
,3,-1.0,32
,4,-1.0,32
HOW,5,96.903175,21
ILLICIT,5,96.755363,21
TRADE,5,96.462486,21
MADE,5,96.475533,20
AMERICA,5,96.659935,31
,2,-1.0,53
,3,-1.0,53
,4,-1.0,53
PETER,5,95.904572,35
ANDREAS,5,95.96698,53
