text,level,conf,height
,1,-1.0,535
,2,-1.0,81
,3,-1.0,81
,4,-1.0,39
MOUNTAINS,5,96.823799,39
,4,-1.0,39
OF,5,96.878357,39
DEBT,5,96.709625,37
,2,-1.0,202
,3,-1.0,202
,4,-1.0,202
 ,5,95.0,202
,2,-1.0,400
,3,-1.0,400
,4,-1.0,400
 ,5,95.0,400
