text,level,conf,height
,1,-1.0,792
,2,-1.0,444
,3,-1.0,444
,4,-1.0,444
 ,5,95.0,444
,2,-1.0,118
,3,-1.0,118
,4,-1.0,54
Creating,5,96.05056,54
E-Learning,5,96.539925,53
,4,-1.0,55
Games,5,96.822289,43
with,5,96.495483,42
Unity,5,96.417496,54
,2,-1.0,34
,3,-1.0,34
,4,-1.0,34
David,5,93.290649,20
Horachek,5,92.377762,20
[,5,84.356537,29
],5,20.469963,29
opensource,5,20.469963,23
