text,level,conf,height
,1,-1.0,648
,2,-1.0,344
,3,-1.0,344
,4,-1.0,344
 ,5,95.0,344
,2,-1.0,90
,3,-1.0,90
,4,-1.0,40
Bioinformatics,5,96.469009,40
,4,-1.0,39
with,5,93.087067,38
R,5,90.403931,38
Cookbook,5,96.27253,39
