text,level,conf,height
,1,-1.0,792
,2,-1.0,334
,3,-1.0,334
,4,-1.0,334
   ,5,95.0,334
,2,-1.0,13
,3,-1.0,13
,4,-1.0,13
Community,5,94.956276,13
Experience,5,95.761528,13
Distilled,5,96.000648,11
,2,-1.0,35
,3,-1.0,35
,4,-1.0,35
Mastering,5,93.102318,35
Clojure,5,92.633919,35
Data,5,96.37146,28
Analysis,5,96.543022,35
,2,-1.0,30
,3,-1.0,30
,4,-1.0,30
Eric,5,96.496246,19
Rochester,5,96.3592,19
[,5,80.043541,30
,2,-1.0,15
,3,-1.0,15
,4,-1.0,15
 ,5,95.0,15
