text,level,conf,height
,1,-1.0,792
,2,-1.0,440
,3,-1.0,440
,4,-1.0,440
 ,5,95.0,440
,2,-1.0,48
,3,-1.0,48
,4,-1.0,48
NGUI,5,91.337532,38
for,5,96.574791,38
Unity,5,96.753609,47
,2,-1.0,30
,3,-1.0,30
,4,-1.0,30
Charles,5,93.074219,18
Bernardoff,5,92.824257,18
[,5,78.553055,30
],5,92.980324,30
