text,level,conf,height
,1,-1.0,648
,2,-1.0,348
,3,-1.0,348
,4,-1.0,348
 ,5,95.0,348
,2,-1.0,31
,3,-1.0,31
,4,-1.0,31
PhantomJS,5,91.593483,31
Cookbook,5,96.984879,31
,2,-1.0,1
,3,-1.0,1
,4,-1.0,1
 ,5,95.0,1
