text,level,conf,height
,1,-1.0,792
,2,-1.0,317
,3,-1.0,317
,4,-1.0,317
 ,5,95.0,317
,2,-1.0,31
,3,-1.0,31
,4,-1.0,9
x,5,13.116516,9
Z,5,18.164146,2
,4,-1.0,13
Community,5,95.188576,13
Experience,5,95.929932,12
Distilled,5,95.728394,10
,2,-1.0,57
,3,-1.0,57
,4,-1.0,57
Mastering,5,93.134109,57
Redmine,5,90.684738,45
,2,-1.0,34
,3,-1.0,34
,4,-1.0,34
Andriy,5,93.298721,25
Lesyuk,5,92.989998,25
[,5,72.353775,29
],5,20.118073,29
opensource,5,20.118073,34
,2,-1.0,5
,3,-1.0,5
,4,-1.0,5
 ,5,95.0,5
