text,level,conf,height
,1,-1.0,792
,2,-1.0,395
,3,-1.0,395
,4,-1.0,395
 ,5,95.0,395
,2,-1.0,81
,3,-1.0,81
,4,-1.0,37
AndEngine,5,90.776154,36
for,5,96.439369,29
Android,5,96.828392,28
,4,-1.0,35
Game,5,96.985847,28
Development,5,96.196739,34
Cookbook,5,96.262863,28
,2,-1.0,1
,3,-1.0,1
,4,-1.0,1
 ,5,95.0,1
