text,level,conf,height
,1,-1.0,792
,2,-1.0,446
,3,-1.0,446
,4,-1.0,446
 ,5,95.0,446
,2,-1.0,101
,3,-1.0,101
,4,-1.0,45
SignalR,5,92.357788,45
Real-time,5,96.6334,35
,4,-1.0,44
Application,5,96.022484,44
Cookbook,5,96.256218,35
,2,-1.0,61
,3,-1.0,61
,4,-1.0,61
 ,5,95.0,61
