text,level,conf,height
,1,-1.0,792
,2,-1.0,441
,3,-1.0,441
,4,-1.0,441
 ,5,95.0,441
,2,-1.0,56
,3,-1.0,56
,4,-1.0,56
Three.js,5,91.335419,56
Essentials,5,96.32785,45
,2,-1.0,41
,3,-1.0,41
,4,-1.0,41
Jos,5,96.639908,18
Dirksen,5,96.706017,18
[,5,89.532303,30
],5,0.0,30
open:,5,0.0,41
source’?,5,24.734985,28
