text,level,conf,height
,1,-1.0,792
,2,-1.0,550
,3,-1.0,550
,4,-1.0,550
 ,5,95.0,550
,2,-1.0,44
,3,-1.0,44
,4,-1.0,44
PACKT,5,70.009262,44
*,5,54.377106,16
