text,level,conf,height
,1,-1.0,792
,2,-1.0,407
,3,-1.0,407
,4,-1.0,407
 ,5,95.0,407
,2,-1.0,90
,3,-1.0,90
,4,-1.0,45
Internet,5,96.352058,35
of,5,96.327995,35
Things,5,96.363281,45
with,5,96.734062,35
,4,-1.0,36
the,5,96.817032,35
Arduino,5,96.33625,35
Yun,5,95.165909,36
,2,-1.0,41
,3,-1.0,41
,4,-1.0,41
Marco,5,96.740448,18
Schwartz,5,96.361542,18
[,5,87.384186,29
],5,2.743484,29
open:,5,2.743484,41
source’?,5,63.698257,29
