text,level,conf,height
,1,-1.0,792
,2,-1.0,456
,3,-1.0,456
,4,-1.0,456
   ,5,95.0,456
,2,-1.0,1
,3,-1.0,1
,4,-1.0,1
 ,5,95.0,1
,2,-1.0,101
,3,-1.0,101
,4,-1.0,39
Practical,5,95.887627,39
Data,5,96.339798,39
,4,-1.0,40
Science,5,96.439369,40
Cookbook,5,96.217201,40
,2,-1.0,1
,3,-1.0,1
,4,-1.0,1
 ,5,95.0,1
