text,level,conf,height
,1,-1.0,792
,2,-1.0,300
,3,-1.0,300
,4,-1.0,300
 ,5,95.0,300
,2,-1.0,13
,3,-1.0,13
,4,-1.0,13
Community,5,95.654205,13
Experience,5,96.204231,12
Distilled,5,95.856834,10
,2,-1.0,91
,3,-1.0,91
,4,-1.0,41
Optimizing,5,93.261215,41
Hadoop,5,91.643669,40
for,5,96.77269,33
,4,-1.0,40
MapReduce,5,91.830589,40
,2,-1.0,42
,3,-1.0,42
,4,-1.0,42
Khaled,5,93.227669,18
Tannir,5,91.812508,17
[,5,75.884979,30
],5,35.241631,30
opensource?,5,35.241631,42
