text,level,conf,height
,1,-1.0,792
,2,-1.0,336
,3,-1.0,336
,4,-1.0,336
 ,5,95.0,336
,2,-1.0,97
,3,-1.0,97
,4,-1.0,38
Kali,5,95.973633,38
Linux,5,95.973633,38
Network,5,96.622993,38
,4,-1.0,49
Scanning,5,95.834503,49
Cookbook,5,96.332695,39
