text,level,conf,height
,1,-1.0,792
,2,-1.0,401
,3,-1.0,401
,4,-1.0,401
 ,5,95.0,401
,2,-1.0,49
,3,-1.0,49
,4,-1.0,49
Minitab,5,96.3508,48
Cookbook,5,95.162201,49
,2,-1.0,35
,3,-1.0,35
,4,-1.0,35
Isaac,5,93.872314,18
Newton,5,96.992859,18
[PACKT],5,91.903748,31
enterprise,5,76.934044,29
®,5,76.934044,43
,2,-1.0,82
,3,-1.0,82
,4,-1.0,82
 ,5,95.0,82
