text,level,conf,height
,1,-1.0,792
,2,-1.0,442
,3,-1.0,442
,4,-1.0,442
 ,5,95.0,442
,2,-1.0,169
,3,-1.0,169
,4,-1.0,120
Getting,5,96.694183,67
Started,5,96.793434,120
,4,-1.0,46
with,5,93.295853,45
Laravel,5,90.539856,45
4,5,96.9524,45
,2,-1.0,34
,3,-1.0,34
,4,-1.0,34
Raphaél,5,86.808685,24
Saunier,5,96.515663,19
[,5,76.066574,29
]open:,5,54.075504,29
source®?,5,85.413277,28
