text,level,conf,height
,1,-1.0,792
,2,-1.0,378
,3,-1.0,378
,4,-1.0,378
 ,5,95.0,378
,2,-1.0,99
,3,-1.0,99
,4,-1.0,51
Learning,5,93.250076,51
Pentesting,5,91.14193,51
,4,-1.0,40
for,5,95.30011,40
Android,5,95.30011,40
Devices,5,96.633644,40
,2,-1.0,39
,3,-1.0,39
,4,-1.0,18
Apractical,5,92.534218,17
guide,5,96.639114,18
to,5,96.825104,13
learning,5,96.533798,18
penetration,5,96.259979,17
testing,5,96.880417,18
for,5,95.971863,14
Android,5,95.971863,14
,4,-1.0,17
devices,5,96.691185,14
and,5,96.969635,14
applications,5,96.816231,17
,2,-1.0,15
,3,-1.0,15
,4,-1.0,15
Foreword,5,96.996391,12
by,5,91.637222,14
Elad,5,91.637222,12
"Shapira,",5,96.866631,15
Mobile,5,90.190506,12
Security,5,96.792877,15
Researcher,5,92.345016,12
,2,-1.0,20
,3,-1.0,20
,4,-1.0,20
PACKT,5,92.535233,20
