text,level,conf,height
,1,-1.0,792
,2,-1.0,31
,3,-1.0,31
,4,-1.0,10
=,5,72.690552,10
,4,-1.0,19
Short,5,95.744026,16
|,5,96.342888,19
Fast,5,96.633987,15
|,5,96.172012,19
Focused,5,96.397949,16
,2,-1.0,48
,3,-1.0,48
,4,-1.0,48
Citrix,5,96.09005,39
Security,5,96.01223,48
How-to,5,96.641983,38
,2,-1.0,300
,3,-1.0,300
,4,-1.0,300
 ,5,95.0,300
,2,-1.0,35
,3,-1.0,35
,4,-1.0,35
Carmel,5,96.127419,15
Jacob,5,96.127419,15
[,5,88.333229,32
LKT,5,45.450714,2
],5,91.167664,32
