text,level,conf,height
,1,-1.0,792
,2,-1.0,432
,3,-1.0,432
,4,-1.0,432
  ,5,95.0,432
,2,-1.0,47
,3,-1.0,47
,4,-1.0,47
Scratch,5,96.386787,47
2.0,5,96.386787,47
,2,-1.0,24
,3,-1.0,24
,4,-1.0,24
Second,5,96.346428,24
Edition,5,95.769852,24
,2,-1.0,34
,3,-1.0,34
,4,-1.0,34
PACKT,5,60.547081,34
