text,level,conf,height
,1,-1.0,792
,2,-1.0,416
,3,-1.0,416
,4,-1.0,416
 ,5,95.0,416
,2,-1.0,13
,3,-1.0,13
,4,-1.0,13
Commun,5,91.778336,11
ity,5,95.671791,12
Experience,5,96.269974,12
Distilled,5,96.397453,11
,2,-1.0,98
,3,-1.0,98
,4,-1.0,51
Backbone.js,5,92.563698,51
Patterns,5,96.52227,40
,4,-1.0,41
and,5,96.555435,40
Best,5,96.649178,41
Practices,5,96.492744,40
,2,-1.0,41
,3,-1.0,41
,4,-1.0,41
Swarnendu,5,91.399643,18
De,5,96.877319,18
[,5,64.190598,29
opensource?,5,0.0,41
