text,level,conf,height
,1,-1.0,792
,2,-1.0,416
,3,-1.0,416
,4,-1.0,416
   ,5,95.0,416
,2,-1.0,90
,3,-1.0,90
,4,-1.0,90
STANT,5,96.843979,90
,2,-1.0,20
,3,-1.0,20
,4,-1.0,20
Short,5,95.650589,15
|,5,95.990372,20
Fast,5,96.22924,15
Focused,5,96.802574,15
,2,-1.0,92
,3,-1.0,92
,4,-1.0,42
PhoneGap,5,90.479546,42
Social,5,96.676712,34
App,5,96.676712,42
,4,-1.0,42
Development,5,96.341278,42
,2,-1.0,33
,3,-1.0,33
,4,-1.0,33
Kerri,5,96.546234,17
Shotts,5,96.786682,18
[,5,87.778633,33
],5,92.763329,33
