text,level,conf,height
,1,-1.0,792
,2,-1.0,91
,3,-1.0,91
,4,-1.0,41
-NET,5,72.649162,31
Framework,5,96.085472,32
4.5,5,96.725632,33
Expert,5,96.552872,40
,4,-1.0,42
Programming,5,96.060318,41
Cookbook,5,96.840996,33
,2,-1.0,724
,3,-1.0,724
,4,-1.0,724
 ,5,95.0,724
,2,-1.0,49
,3,-1.0,49
,4,-1.0,49
A.P.,5,89.201126,19
Rajshekhar,5,91.953087,25
[I,5,66.030106,36
\,5,76.287102,3
cT],5,68.696136,36
enterprise,5,43.66663,49
,2,-1.0,34
,3,-1.0,34
,4,-1.0,34
  ,5,95.0,34
