text,level,conf,height
,1,-1.0,792
,2,-1.0,128
,3,-1.0,117
,4,-1.0,52
Wes,5,31.40799,60
,4,-1.0,92
if,5,61.444729,53
hs,5,1.955788,92
,2,-1.0,438
,3,-1.0,438
,4,-1.0,438
 ,5,95.0,438
,2,-1.0,102
,3,-1.0,102
,4,-1.0,45
Mastering,5,96.239189,45
Unity,5,95.999901,44
2D,5,96.863167,35
,4,-1.0,45
Game,5,96.177406,36
Development,5,96.383568,44
,2,-1.0,37
,3,-1.0,37
,4,-1.0,37
Simon,5,96.840797,18
Jackson,5,95.933075,18
PA,5,52.778835,36
.,5,41.215763,20
],5,90.103828,32
