text,level,conf,height
,1,-1.0,792
,2,-1.0,272
,3,-1.0,272
,4,-1.0,272
 ,5,95.0,272
,2,-1.0,12
,3,-1.0,12
,4,-1.0,12
Community,5,93.761757,12
Experience,5,95.943176,12
Distilled,5,95.939232,10
,2,-1.0,38
,3,-1.0,38
,4,-1.0,38
Unity,5,96.566505,38
2D,5,95.98391,30
Game,5,95.98391,30
Development,5,95.759094,38
,2,-1.0,47
,3,-1.0,47
,4,-1.0,47
Dave,5,96.456749,18
Calabrese,5,96.3116,18
‘PA,5,33.078316,47
,2,-1.0,41
,3,-1.0,41
,4,-1.0,41
 ,5,95.0,41
