text,level,conf,height
,1,-1.0,792
,2,-1.0,315
,3,-1.0,315
,4,-1.0,315
 ,5,95.0,315
,2,-1.0,105
,3,-1.0,105
,4,-1.0,51
Managing,5,96.472542,51
Windows,5,96.321495,40
,4,-1.0,41
Servers,5,96.503059,41
with,5,96.117363,40
Chef,5,96.76506,41
,2,-1.0,34
,3,-1.0,34
,4,-1.0,34
John,5,96.595383,18
Ewart,5,96.344559,18
[,5,52.211246,29
],5,93.179619,29
open,5,84.239113,38
source,5,44.215347,38
