text,level,conf,height
,1,-1.0,648
,2,-1.0,57
,3,-1.0,57
,4,-1.0,27
Jacqueline,5,96.896957,27
Moore,5,96.912811,21
and,5,96.353317,22
,4,-1.0,22
Steven,5,92.99501,22
Sonsino,5,90.336594,22
,2,-1.0,56
,3,-1.0,56
,4,-1.0,56
Leadership,5,96.700447,56
,2,-1.0,484
,3,-1.0,484
,4,-1.0,484
 ,5,95.0,484
