text,level,conf,height
,1,-1.0,792
,2,-1.0,295
,3,-1.0,295
,4,-1.0,295
   ,5,95.0,295
,2,-1.0,19
,3,-1.0,19
,4,-1.0,19
THE,5,77.332817,31
INNOVATION,5,96.363281,32
CAPITAL,5,96.258942,45
OF,5,96.948662,32
THE,5,96.971832,31
WORLD,5,96.136436,32
,2,-1.0,95
,3,-1.0,95
,4,-1.0,54
DEBORAH,5,96.538246,54
PERRY,5,90.307388,51
,4,-1.0,39
PISCIONE,5,92.910866,39
,2,-1.0,230
,3,-1.0,230
,4,-1.0,230
 ,5,95.0,230
