text,level,conf,height
,1,-1.0,620
,2,-1.0,43
,3,-1.0,43
,4,-1.0,43
ABOUTTIME,5,91.048752,43
,2,-1.0,46
,3,-1.0,46
,4,-1.0,17
EINSTEIN'S,5,8.963478,17
,4,-1.0,17
UNFINISHED,5,96.645233,17
REVOLUTION,5,96.262932,17
,2,-1.0,20
,3,-1.0,20
,4,-1.0,20
Paul,5,96.534721,20
Davies,5,96.811897,19
,2,-1.0,35
,3,-1.0,35
,4,-1.0,35
 ,5,95.0,35
