text,level,conf,height
,1,-1.0,680
,2,-1.0,71
,3,-1.0,71
,4,-1.0,71
COLLIDER,5,96.353691,71
,2,-1.0,14
,3,-1.0,14
,4,-1.0,14
the,5,96.072182,14
search,5,96.231171,14
for,5,96.354446,14
the,5,96.379524,11
,2,-1.0,18
,3,-1.0,18
,4,-1.0,18
world’s,5,90.174538,14
smallest,5,95.914322,14
particles,5,96.582405,18
