text,level,conf,height
,1,-1.0,504
,2,-1.0,83
,3,-1.0,83
,4,-1.0,50
The,5,97.006508,17
OS,5,91.229958,50
X,5,90.415314,34
.,5,0.429314,10
,4,-1.0,40
Mountain,5,96.188194,40
Lion,5,96.876823,40
,2,-1.0,283
,3,-1.0,283
,4,-1.0,283
 ,5,95.0,283
,2,-1.0,2
,3,-1.0,2
,4,-1.0,2
 ,5,95.0,2
