text,level,conf,height
,1,-1.0,345
,2,-1.0,158
,3,-1.0,158
,4,-1.0,158
  ,5,95.0,158
 ,5,95.0,65
,2,-1.0,113
,3,-1.0,113
,4,-1.0,47
C,5,0.0,47
raph),5,90.129395,25
,4,-1.0,51
Network,5,4.832001,51
,4,-1.0,33
Security,5,96.028618,33
,2,-1.0,16
,3,-1.0,16
,4,-1.0,16
Wiliam,5,67.115089,13
Stallings,5,93.209923,16
