text,level,conf,height
,1,-1.0,306
,2,-1.0,45
,3,-1.0,45
,4,-1.0,20
Anatomy,5,92.700134,20
&,5,92.700134,17
,4,-1.0,20
Physiology,5,96.578346,20
,2,-1.0,306
,3,-1.0,306
,4,-1.0,306
 ,5,95.0,306
