text,level,conf,height
,1,-1.0,312
,2,-1.0,29
,3,-1.0,29
,4,-1.0,29
  ,5,95.0,29
,2,-1.0,19
,3,-1.0,19
,4,-1.0,19
ABSOLUTE,5,96.658661,19
JAVA,5,96.79805,18
,2,-1.0,53
,3,-1.0,53
,4,-1.0,53
.,5,0.0,17
—,5,6.122482,13
a,5,39.797859,43
