text,level,conf,height
,1,-1.0,617
,2,-1.0,106
,3,-1.0,106
,4,-1.0,52
how,5,96.731331,52
,4,-1.0,36
nature,5,96.234467,36
,2,-1.0,53
,3,-1.0,53
,4,-1.0,53
works,5,96.478851,53
