text,level,conf,height
,1,-1.0,792
,2,-1.0,104
,3,-1.0,104
,4,-1.0,58
The,5,96.909904,40
Free,5,96.908424,57
Energy,5,96.61515,53
Secrets,5,96.918999,40
,4,-1.0,59
of,5,96.427818,50
Cold,5,96.427818,45
Electricity,5,95.465736,58
,2,-1.0,792
,3,-1.0,792
,4,-1.0,792
 ,5,95.0,792
