text,level,conf,height
,1,-1.0,792
,2,-1.0,368
,3,-1.0,368
,4,-1.0,368
 ,5,95.0,368
,2,-1.0,35
,3,-1.0,35
,4,-1.0,35
By,5,96.278358,33
Peter,5,92.503281,27
Goodgame,5,91.343376,35
,2,-1.0,35
,3,-1.0,35
,4,-1.0,28
‘4,5,8.45755,28
s,5,18.073669,12
,4,-1.0,14
7,5,56.727505,14
