text,level,conf,height
,1,-1.0,193
,2,-1.0,52
,3,-1.0,52
,4,-1.0,23
me,5,39.529236,9
,4,-1.0,9
SELF,5,0.0,9
Mane,5,0.0,39
,4,-1.0,9
Tarestny,5,11.50267,9
,2,-1.0,7
,3,-1.0,7
,4,-1.0,7
Pattern,5,74.162506,7
formation,5,28.26725,7
,2,-1.0,162
,3,-1.0,162
,4,-1.0,162
 ,5,95.0,162
