text,level,conf,height
,1,-1.0,665
,2,-1.0,18
,3,-1.0,18
,4,-1.0,18
=,5,51.480824,18
,2,-1.0,21
,3,-1.0,21
,4,-1.0,21
FOR,5,96.761902,21
x86,5,95.25869,21
PROCESSORS,5,96.005035,21
,2,-1.0,351
,3,-1.0,351
,4,-1.0,351
 ,5,95.0,351
