text,level,conf,height
,1,-1.0,350
,2,-1.0,15
,3,-1.0,15
,4,-1.0,15
DIGITAL,5,92.68821,15
DESIGN,5,96.406898,15
,2,-1.0,350
,3,-1.0,350
,4,-1.0,350
 ,5,95.0,350
