text,level,conf,height
,1,-1.0,792
,2,-1.0,45
,3,-1.0,45
,4,-1.0,45
Binstein,5,40.809189,45
Gravity,5,96.220848,26
in,5,94.775314,19
a,5,94.775314,13
Nutshell,5,95.068436,19
,2,-1.0,1
,3,-1.0,1
,4,-1.0,1
 ,5,95.0,1
,2,-1.0,312
,3,-1.0,312
,4,-1.0,312
 ,5,95.0,312
,2,-1.0,1
,3,-1.0,1
,4,-1.0,1
 ,5,95.0,1
