text,level,conf,height
,1,-1.0,500
,2,-1.0,125
,3,-1.0,125
,4,-1.0,73
ROSETTA,5,95.987549,73
,4,-1.0,45
(TONE,5,58.665802,45
,2,-1.0,11
,3,-1.0,11
,4,-1.0,11
AND,5,96.370743,10
THE,5,96.572617,10
REBIRTH,5,96.441559,10
OF,5,96.1922,11
ANCIENT,5,96.1922,10
EGYPT,5,96.256424,10
,2,-1.0,340
,3,-1.0,340
,4,-1.0,340
  ,5,95.0,340
