text,level,conf,height
,1,-1.0,666
,2,-1.0,21
,3,-1.0,21
,4,-1.0,21
John,5,92.004318,16
"Mongan,",5,92.004318,20
Noah,5,96.682503,16
"Kindler,",5,96.892578,19
Eric,5,92.188957,16
Giguere,5,29.678886,21
,2,-1.0,666
,3,-1.0,666
,4,-1.0,666
 ,5,95.0,666
