text,level,conf,height
,1,-1.0,647
,2,-1.0,44
,3,-1.0,44
,4,-1.0,44
PARAD&:XES,5,0.0,44
,2,-1.0,45
,3,-1.0,45
,4,-1.0,19
R.M.,5,82.160995,15
Sainsbury,5,96.604683,19
,4,-1.0,8
D,5,73.964165,8
N,5,0.0,3
,2,-1.0,647
,3,-1.0,647
,4,-1.0,647
 ,5,95.0,647
