text,level,conf,height
,1,-1.0,636
,2,-1.0,15
,3,-1.0,15
,4,-1.0,15
RAMTHA,5,92.350525,15
,2,-1.0,10
,3,-1.0,10
,4,-1.0,10
THE,5,94.861542,9
WHITE,5,96.63887,9
BOOK,5,96.774956,10
