text,level,conf,height
,1,-1.0,842
,2,-1.0,18
,3,-1.0,18
,4,-1.0,18
TOBY,5,96.355247,18
WILKINSON,5,96.306931,18
