text,level,conf,height
,1,-1.0,709
,2,-1.0,53
,3,-1.0,53
,4,-1.0,53
Food,5,96.841019,42
in,5,96.486801,38
Painting,5,96.445786,50
,2,-1.0,10
,3,-1.0,10
,4,-1.0,10
FROM,5,96.331093,10
THE,5,96.331093,10
RENAISSANCE,5,96.604279,10
TO,5,96.315674,10
THE,5,96.970589,10
PRESENT,5,96.863464,10
,2,-1.0,570
,3,-1.0,570
,4,-1.0,570
 ,5,95.0,570
