text,level,conf,height
,1,-1.0,692
,2,-1.0,692
,3,-1.0,692
,4,-1.0,473
    ,5,95.0,473
,4,-1.0,219
 ,5,95.0,219
,2,-1.0,58
,3,-1.0,58
,4,-1.0,15
Henrik,5,90.744476,15
Brink,5,93.514511,15
,4,-1.0,17
Joseph,5,93.290695,17
W.,5,79.233749,28
Richards,5,76.016846,14
,4,-1.0,14
Mark,5,90.074387,14
Fetherolf,5,90.074387,14
,2,-1.0,12
,3,-1.0,12
,4,-1.0,12
Beau,5,93.014328,12
Cronin,5,80.946304,12
,2,-1.0,21
,3,-1.0,21
,4,-1.0,21
ABB,5,51.695526,21
vannins,5,0.0,10
