text,level,conf,height
,1,-1.0,675
,2,-1.0,5
,3,-1.0,5
,4,-1.0,5
 ,5,95.0,5
,2,-1.0,138
,3,-1.0,138
,4,-1.0,138
 ,5,95.0,138
,2,-1.0,16
,3,-1.0,16
,4,-1.0,16
THE,5,96.449783,14
MATRIX,5,95.557663,15
ENERGETICS,5,95.421066,16
EXPERIENCE,5,95.421066,15
,2,-1.0,48
,3,-1.0,48
,4,-1.0,48
 ,5,95.0,48
