text,level,conf,height
,1,-1.0,1155
,2,-1.0,705
,3,-1.0,705
,4,-1.0,98
RICHARD,5,96.049843,98
,4,-1.0,98
DAWKINS,5,96.860001,98
,4,-1.0,97
THE,5,96.519783,97
,4,-1.0,118
ANCESTORS,5,86.542191,118
,4,-1.0,138
TALE,5,77.105988,98
.,5,2.867188,40
i,5,7.753906,65
,2,-1.0,380
,3,-1.0,380
,4,-1.0,380
   ,5,95.0,380
,2,-1.0,70
,3,-1.0,70
,4,-1.0,70
A,5,96.396713,39
Pilgrimage,5,96.732719,60
to,5,96.467102,30
the,5,96.301414,42
Dawn,5,96.301414,39
of,5,96.96492,70
Life,5,96.898453,70
