text,level,conf,height
,1,-1.0,612
,2,-1.0,126
,3,-1.0,126
,4,-1.0,19
THE,5,94.56382,19
,4,-1.0,42
LAST,5,93.120148,42
,4,-1.0,44
SORCERERS,5,93.045433,44
,2,-1.0,48
,3,-1.0,48
,4,-1.0,48
 ,5,95.0,48
