text,level,conf,height
,1,-1.0,648
,2,-1.0,15
,3,-1.0,15
,4,-1.0,15
ROBERT,5,92.598106,14
L.,5,91.718376,12
"THAYER,",5,96.224319,14
JR.,5,96.673332,13
,2,-1.0,358
,3,-1.0,358
,4,-1.0,358
 ,5,95.0,358
,2,-1.0,73
,3,-1.0,73
,4,-1.0,9
BIOREGIONAL,5,92.265305,9
,4,-1.0,9
THOUGHT,5,77.433243,9
,4,-1.0,9
AND,5,87.531418,9
,4,-1.0,9
PRACTICE,5,96.781776,9
