text,level,conf,height
,1,-1.0,380
,2,-1.0,118
,3,-1.0,118
,4,-1.0,118
   ,5,95.0,118
,2,-1.0,65
,3,-1.0,65
,4,-1.0,26
a,5,28.112556,26
,4,-1.0,29
NON-LOCAL,5,89.150024,29
,2,-1.0,35
,3,-1.0,35
,4,-1.0,35
UNIVE,5,95.737389,35
,2,-1.0,86
,3,-1.0,86
,4,-1.0,86
=,5,15.01313,86
