text,level,conf,height
,1,-1.0,648
,2,-1.0,216
,3,-1.0,216
,4,-1.0,216
 ,5,95.0,216
,2,-1.0,38
,3,-1.0,29
,4,-1.0,10
DESIGN,5,96.724487,10
FOR,5,96.706932,10
CARE,5,96.29705,10
,4,-1.0,28
Co,5,0.0,28
al,5,55.647072,28
fm,5,43.611435,28
osenteld,5,24.964806,8
