text,level,conf,height
,1,-1.0,594
,2,-1.0,46
,3,-1.0,46
,4,-1.0,46
R,5,82.23735,46
,2,-1.0,46
,3,-1.0,46
,4,-1.0,16
New,5,96.306694,16
Games:,5,96.61364,16
,4,-1.0,20
Postmodernism,5,96.650261,16
After,5,96.844643,16
Contemporary,5,96.580513,20
Art,5,96.476219,28
,2,-1.0,322
,3,-1.0,322
,4,-1.0,322
 ,5,95.0,322
