text,level,conf,height
,1,-1.0,612
,2,-1.0,384
,3,-1.0,384
,4,-1.0,384
 ,5,95.0,384
,2,-1.0,39
,3,-1.0,39
,4,-1.0,20
Also,5,96.514175,16
available,5,96.732697,16
as,5,96.860771,12
a,5,95.853348,12
printed,5,96.673508,20
book,5,96.163605,16
,4,-1.0,14
see,5,92.578835,11
title,5,96.813454,14
verso,5,96.826027,11
for,5,96.660149,14
ISBN,5,96.660149,14
details,5,96.792236,14
