text,level,conf,height
,1,-1.0,648
,2,-1.0,20
,3,-1.0,20
,4,-1.0,20
THE,5,94.550835,20
,2,-1.0,38
,3,-1.0,38
,4,-1.0,38
EGYPTIAN,5,96.177437,38
,2,-1.0,420
,3,-1.0,420
,4,-1.0,420
 ,5,95.0,420
,2,-1.0,40
,3,-1.0,40
,4,-1.0,21
Also,5,96.4263,17
available,5,96.771439,17
as,5,96.767487,12
a,5,96.936745,12
printed,5,96.126007,20
book,5,96.126007,17
,4,-1.0,14
see,5,93.863533,10
title,5,96.599052,14
verso,5,97.010643,11
for,5,96.651993,14
ISBN,5,96.210129,14
details,5,96.159325,14
