text,level,conf,height
,1,-1.0,648
,2,-1.0,44
,3,-1.0,44
,4,-1.0,18
EXPERIMENTS,5,96.578857,18
IN,5,96.51062,18
,4,-1.0,18
EGYPTIAN,5,96.521721,18
ARCHAEOLOGY,5,95.942108,18
,2,-1.0,36
,3,-1.0,36
,4,-1.0,19
Also,5,96.85556,15
available,5,96.778175,15
as,5,96.43631,11
a,5,96.65284,11
printed,5,96.684273,19
book,5,96.492699,15
,4,-1.0,13
see,5,96.949585,9
title,5,96.870247,12
verso,5,96.595192,9
for,5,96.770004,13
ISBN,5,96.652657,13
details,5,96.885399,12
