text,level,conf,height
,1,-1.0,201
,2,-1.0,38
,3,-1.0,38
,4,-1.0,14
ANCIENT,5,73.683746,14
,4,-1.0,21
EHGYP,5,24.905624,21
,2,-1.0,129
,3,-1.0,129
,4,-1.0,129
 ,5,95.0,129
