text,level,conf,height
,1,-1.0,576
,2,-1.0,354
,3,-1.0,354
,4,-1.0,354
   ,5,95.0,354
,2,-1.0,19
,3,-1.0,19
,4,-1.0,19
Edited,5,96.704498,15
by,5,96.707634,19
Marshall,5,96.276268,15
Grossman,5,96.53183,15
