text,level,conf,height
,1,-1.0,596
,2,-1.0,470
,3,-1.0,470
,4,-1.0,470
 ,5,95.0,470
,2,-1.0,70
,3,-1.0,70
,4,-1.0,21
THE,5,95.84668,20
EXPERIENCE,5,95.922676,20
,4,-1.0,20
OF,5,87.61203,19
ANCIENT,5,28.530212,20
EB,5,12.576912,34
Gyr,5,42.735218,19
a,5,51.057209,34
