text,level,conf,height
,1,-1.0,559
,2,-1.0,34
,3,-1.0,34
,4,-1.0,34
American,5,96.703148,34
,2,-1.0,42
,3,-1.0,42
,4,-1.0,42
Philosophy,5,96.261383,42
,2,-1.0,559
,3,-1.0,559
,4,-1.0,559
 ,5,95.0,559
