text,level,conf,height
,1,-1.0,685
,2,-1.0,28
,3,-1.0,28
,4,-1.0,28
Maulana,5,40.183102,28
Karenga,5,92.910599,19
,2,-1.0,357
,3,-1.0,357
,4,-1.0,357
 ,5,95.0,357
