text,level,conf,height
,1,-1.0,836
,2,-1.0,2
,3,-1.0,2
,4,-1.0,2
 ,5,95.0,2
,2,-1.0,245
,3,-1.0,245
,4,-1.0,53
THE,5,96.054146,52
RIDDLES,5,95.701347,53
,4,-1.0,54
OF,5,96.890266,54
,4,-1.0,54
PHILOSOPHY,5,61.26955,54
,2,-1.0,32
,3,-1.0,32
,4,-1.0,32
RUDOLF,5,96.429443,30
STEINER,5,95.94529,30
