text,level,conf,height
,1,-1.0,271
,2,-1.0,15
,3,-1.0,15
,4,-1.0,15
Sacred,5,93.590469,11
Buildings,5,93.590469,15
,2,-1.0,215
,3,-1.0,215
,4,-1.0,215
 ,5,95.0,215
