text,level,conf,height
,1,-1.0,667
,2,-1.0,35
,3,-1.0,35
,4,-1.0,35
AN,5,96.51873,34
INTRODUCTION,5,96.671127,35
,2,-1.0,84
,3,-1.0,84
,4,-1.0,35
TO,5,95.801956,35
ANALYSIS,5,95.801956,35
OF,5,95.819237,35
,4,-1.0,35
FINANCIAL,5,96.593895,35
DATA,5,95.842285,34
WITH,5,91.920586,34
R,5,91.920586,34
,2,-1.0,324
,3,-1.0,324
,4,-1.0,324
 ,5,95.0,324
,2,-1.0,17
,3,-1.0,17
,4,-1.0,17
@WILEY,5,57.64204,17
www!,5,66.348511,9
