text,level,conf,height
,1,-1.0,792
,2,-1.0,40
,3,-1.0,40
,4,-1.0,13
by,5,96.086143,13
,4,-1.0,23
Ruggero,5,93.040855,23
Maria,5,93.020813,18
Santilli,5,92.120438,18
,2,-1.0,11
,3,-1.0,11
,4,-1.0,11
Kluwer,5,59.211021,28
Academic,5,95.867432,28
Publishers,5,84.312691,28
,2,-1.0,264
,3,-1.0,264
,4,-1.0,264
 ,5,95.0,264
