text,level,conf,height
,1,-1.0,530
,2,-1.0,20
,3,-1.0,20
,4,-1.0,20
A,5,94.622108,15
Brief,5,94.622108,20
History,5,96.54808,20
of,5,96.774239,19
,2,-1.0,40
,3,-1.0,40
,4,-1.0,40
Spirituality,5,61.452694,40
,2,-1.0,424
,3,-1.0,424
,4,-1.0,424
 ,5,95.0,424
,2,-1.0,13
,3,-1.0,13
,4,-1.0,13
PHILIP,5,93.257904,13
SHELDRAKE,5,91.534485,13
,2,-1.0,27
,3,-1.0,27
,4,-1.0,27
Ouss,5,8.906021,27
