text,level,conf,height
,1,-1.0,381
,2,-1.0,32
,3,-1.0,32
,4,-1.0,32
2@50,5,92.11319,32
,2,-1.0,27
,3,-1.0,27
,4,-1.0,8
TECHNOLOGY,5,96.007195,8
,4,-1.0,8
THAT,5,96.438828,7
WILL,5,96.382668,7
CHANGE,5,96.382668,8
,2,-1.0,251
,3,-1.0,251
,4,-1.0,17
  ,5,95.0,17
,4,-1.0,26
   ,5,95.0,26
,4,-1.0,208
  ,5,95.0,208
,2,-1.0,8
,3,-1.0,8
,4,-1.0,8
THE,5,96.869148,8
WORLD,5,94.933533,8
,2,-1.0,3
,3,-1.0,3
,4,-1.0,3
 ,5,95.0,3
