text,level,conf,height
,1,-1.0,612
,2,-1.0,12
,3,-1.0,12
,4,-1.0,12
HISTORICAL,5,96.023659,12
DICTIONARY,5,95.850006,12
OF,5,92.88726,12
,2,-1.0,28
,3,-1.0,28
,4,-1.0,28
RENAISSANCE,5,96.553047,28
,2,-1.0,526
,3,-1.0,526
,4,-1.0,526
  ,5,95.0,62
 ,5,95.0,126
   ,5,95.0,526
,2,-1.0,12
,3,-1.0,12
,4,-1.0,12
LILIAN,5,93.291534,11
H.,5,92.130516,11
ZIRPOLO,5,66.963333,12
