text,level,conf,height
,1,-1.0,511
,2,-1.0,511
,3,-1.0,511
,4,-1.0,511
 ,5,95.0,511
,2,-1.0,20
,3,-1.0,20
,4,-1.0,20
&,5,93.246788,17
THE,5,95.739243,14
OLD,5,95.933815,17
TESTAMENT,5,96.274109,18
