text,level,conf,height
,1,-1.0,982
,2,-1.0,982
,3,-1.0,982
,4,-1.0,982
 ,5,95.0,982
,2,-1.0,675
,3,-1.0,675
,4,-1.0,675
   ,5,95.0,675
,2,-1.0,15
,3,-1.0,15
,4,-1.0,15
SECOND,5,95.376434,15
EDITION,5,95.376434,15
,2,-1.0,173
,3,-1.0,173
,4,-1.0,57
LEARNING,5,96.563782,57
,4,-1.0,18
SERGIOS,5,91.697189,18
THEODORIDIS,5,90.841507,18
