text,level,conf,height
,1,-1.0,750
,2,-1.0,154
,3,-1.0,154
,4,-1.0,69
SHARPE'S,5,0.0,69
,4,-1.0,78
FORTRESS,5,95.617973,106
,2,-1.0,542
,3,-1.0,542
,4,-1.0,542
 ,5,95.0,542
,2,-1.0,210
,3,-1.0,210
,4,-1.0,128
BERNA,5,28.059013,128
D,5,89.025612,96
,4,-1.0,73
CORNWELL,5,96.00956,73
