text,level,conf,height
,1,-1.0,750
,2,-1.0,195
,3,-1.0,195
,4,-1.0,99
SHARPE’S,5,40.877869,99
,4,-1.0,85
RIFLE,5,89.699028,85
,2,-1.0,21
,3,-1.0,21
,4,-1.0,21
A,5,13.788422,21
,2,-1.0,200
,3,-1.0,200
,4,-1.0,117
BBERNARD,5,30.714523,117
,4,-1.0,74
‘CORNWELL,5,62.671844,126
,2,-1.0,722
,3,-1.0,722
,4,-1.0,722
   ,5,95.0,722
