text,level,conf,height
,1,-1.0,792
,2,-1.0,12
,3,-1.0,12
,4,-1.0,12
THE,5,96.632095,12
BOOK,5,96.665825,12
OF,5,96.737289,12
LIFE,5,96.279205,12
,2,-1.0,39
,3,-1.0,39
,4,-1.0,12
ASCENSION,5,96.193237,12
AND,5,96.306908,12
,4,-1.0,12
THE,5,96.368637,12
DIVINE,5,95.806854,12
WORLD,5,96.406914,12
ORDER,5,96.267029,12
,2,-1.0,41
,3,-1.0,41
,4,-1.0,9
By,5,96.408302,9
,4,-1.0,9
Michae!,5,60.594353,7
Sharp,5,72.982765,9
,4,-1.0,9
sw,5,31.700684,5
wmichaesharp.org,5,27.50428,9
