text,level,conf,height
,1,-1.0,750
,2,-1.0,161
,3,-1.0,208
,4,-1.0,69
SHARPE'S,5,0.0,69
,4,-1.0,82
BATTLE,5,96.715141,124
,2,-1.0,536
,3,-1.0,536
,4,-1.0,536
 ,5,95.0,536
,2,-1.0,201
,3,-1.0,201
,4,-1.0,119
BERNARD,5,96.658447,133
,4,-1.0,73
CONNIIOE,5,13.44265,78
