text,level,conf,height
,1,-1.0,750
,2,-1.0,180
,3,-1.0,180
,4,-1.0,69
SHARPE'S,5,20.49382,69
,4,-1.0,104
TRIUMPH,5,70.805817,104
,2,-1.0,542
,3,-1.0,542
,4,-1.0,542
 ,5,95.0,542
,2,-1.0,215
,3,-1.0,204
,4,-1.0,122
BERNARD”,5,62.936615,130
,4,-1.0,147
CORNWELL,5,91.376617,147
