text,level,conf,height
,1,-1.0,507
,2,-1.0,70
,3,-1.0,70
,4,-1.0,31
Principles,5,95.969925,31
and,5,96.066071,25
Labs,5,96.066071,25
,4,-1.0,32
for,5,95.721199,25
Deep,5,95.721199,31
Learning,5,96.624878,32
,2,-1.0,346
,3,-1.0,346
,4,-1.0,346
 ,5,95.0,346
