text,level,conf,height
,1,-1.0,757
,2,-1.0,90
,3,-1.0,90
,4,-1.0,33
Letters,5,95.646957,32
From,5,95.944458,32
Ancient,5,96.56868,33
,4,-1.0,43
Egypt,5,96.862015,43
,2,-1.0,16
,3,-1.0,16
,4,-1.0,16
Edward,5,93.274429,16
Wente,5,92.338646,16
,2,-1.0,37
,3,-1.0,37
,4,-1.0,20
SBL,5,93.261528,15
Writings,5,96.418167,20
from,5,96.962723,19
,4,-1.0,16
the,5,89.409729,15
Ancient,5,96.803406,12
World,5,96.901756,15
Series,5,96.908325,14
,2,-1.0,492
,3,-1.0,492
,4,-1.0,492
 ,5,95.0,492
