text,level,conf,height
,1,-1.0,732
,2,-1.0,101
,3,-1.0,101
,4,-1.0,14
ONLINE,5,96.635986,14
SOLUTIONS,5,95.320648,14
MANUAL,5,95.320648,14
,4,-1.0,14
TO,5,95.097481,14
ACCOMPANY,5,95.097481,14
,4,-1.0,14
SIMULATION,5,96.652565,14
AND,5,95.778282,14
THE,5,96.398491,14
,4,-1.0,16
MONTE,5,96.904678,14
CARLO,5,96.845856,14
"METHOD,",5,96.861038,16
,4,-1.0,14
THIRD,5,96.783554,14
EDITION,5,96.630867,14
