text,level,conf,height
,1,-1.0,860
,2,-1.0,56
,3,-1.0,56
,4,-1.0,56
South,5,96.216003,56
Sea,5,95.995941,55
Tales,5,96.270721,55
,2,-1.0,410
,3,-1.0,410
,4,-1.0,410
 ,5,95.0,410
,2,-1.0,57
,3,-1.0,57
,4,-1.0,57
INGQRONIDON,5,29.752815,57
,2,-1.0,182
,3,-1.0,182
,4,-1.0,182
 ,5,95.0,182
