text,level,conf,height
,1,-1.0,684
,2,-1.0,49
,3,-1.0,49
,4,-1.0,20
Gerard,5,96.35157,20
Alberts,5,96.35157,20
,4,-1.0,21
Ruth,5,93.124344,20
Oldenziel,5,91.043968,20
Editors,5,77.903397,21
,2,-1.0,216
,3,-1.0,216
,4,-1.0,216
 ,5,95.0,216
,2,-1.0,24
,3,-1.0,24
,4,-1.0,24
From,5,96.835159,19
Computer,5,96.55648,24
Cultures,5,96.898094,19
to,5,93.203156,16
Demoscenes,5,92.820175,19
