text,level,conf,height
,1,-1.0,667
,2,-1.0,15
,3,-1.0,15
,4,-1.0,15
Managing,5,96.763214,15
and,5,96.66642,11
Mining,5,89.485176,15
Sensor,5,89.485176,11
Data,5,96.759781,11
