text,level,conf,height
,1,-1.0,666
,2,-1.0,47
,3,-1.0,47
,4,-1.0,19
Jérome,5,72.907066,19
Euzenat,5,92.594109,19
,4,-1.0,19
Pavel,5,93.19857,19
Shvaiko,5,93.115654,19
,2,-1.0,179
,3,-1.0,179
,4,-1.0,90
Ontology,5,96.823738,90
,4,-1.0,89
Matching,5,96.356232,89
,2,-1.0,19
,3,-1.0,19
,4,-1.0,19
Second,5,96.944,19
Edition,5,96.462608,19
,2,-1.0,34
,3,-1.0,34
,4,-1.0,34
a,5,87.267982,29
Springer,5,96.241913,31
