text,level,conf,height
,1,-1.0,684
,2,-1.0,81
,3,-1.0,81
,4,-1.0,25
Sheng,5,96.976997,25
Xiao,5,96.818916,19
,4,-1.0,25
Weibo,5,92.85556,19
Gong,5,96.714493,25
,4,-1.0,25
Don,5,96.808731,19
Towsley,5,96.808731,25
,2,-1.0,165
,3,-1.0,165
,4,-1.0,53
Dynamic,5,96.903969,53
Secrets,5,96.860123,41
,4,-1.0,42
in,5,92.711472,40
Communication,5,92.711472,42
,4,-1.0,53
Security,5,96.941277,53
,2,-1.0,34
,3,-1.0,34
,4,-1.0,34
a,5,87.181473,29
Springer,5,96.594124,31
