text,level,conf,height
,1,-1.0,792
,2,-1.0,192
,3,-1.0,192
,4,-1.0,63
Lie,5,93.957291,48
Theory,5,93.957291,63
and,5,95.314476,49
Its,5,94.430084,48
,4,-1.0,61
Applications,5,96.618736,61
in,5,96.618736,46
,4,-1.0,62
Physics,5,96.674965,62
,2,-1.0,43
,3,-1.0,43
,4,-1.0,43
ral,5,41.431366,43
Springer,5,96.075653,35
