text,level,conf,height
,1,-1.0,684
,2,-1.0,376
,3,-1.0,376
,4,-1.0,376
 ,5,95.0,376
,2,-1.0,52
,3,-1.0,52
,4,-1.0,26
An,5,95.847984,19
Exploration,5,96.64653,26
of,5,96.947357,20
Biogeography,5,94.750343,26
,4,-1.0,20
and,5,95.241623,20
Evolution,5,95.241623,20
,2,-1.0,37
,3,-1.0,37
,4,-1.0,37
cay,5,45.407757,37
Springer,5,96.714203,22
