text,level,conf,height
,1,-1.0,667
,2,-1.0,15
,3,-1.0,15
,4,-1.0,15
Undergraduate,5,95.594849,15
Lecture,5,96.92865,11
Notes,5,96.786636,11
in,5,96.267708,7
Physics,5,76.526108,15
,2,-1.0,18
,3,-1.0,18
,4,-1.0,18
pion,5,33.194984,16
sprigs,5,0.0,18
917,5,0.0,30
