text,level,conf,height
,1,-1.0,667
,2,-1.0,33
,3,-1.0,33
,4,-1.0,15
SpringerBriefs,5,92.266319,15
in,5,93.389275,11
Applied,5,92.594734,15
Sciences,5,92.594734,11
,4,-1.0,15
and,5,96.860428,11
Technology,5,96.704895,15
