text,level,conf,height
,1,-1.0,720
,2,-1.0,74
,3,-1.0,74
,4,-1.0,19
Alberto,5,96.961182,19
Rosenblatt,5,86.358894,19
,4,-1.0,25
Homero,5,93.000603,20
Gustavo,5,96.887993,20
de,5,96.887993,19
Campos,5,96.937027,25
Guidi,5,96.923233,19
,4,-1.0,20
Walter,5,93.18,20
Belda,5,92.967941,20
Jr.,5,94.919617,19
,2,-1.0,318
,3,-1.0,318
,4,-1.0,318
 ,5,95.0,318
,2,-1.0,29
,3,-1.0,29
,4,-1.0,29
®,5,57.124752,28
Springer,5,96.986702,22
