text,level,conf,height
,1,-1.0,667
,2,-1.0,15
,3,-1.0,15
,4,-1.0,15
Springer,5,96.055534,15
Series,5,96.113861,11
in,5,96.366112,11
Transitional,5,96.366112,11
Just,5,93.496513,11
,2,-1.0,9
,3,-1.0,9
,4,-1.0,9
 ,5,95.0,9
,2,-1.0,7
,3,-1.0,7
,4,-1.0,7
ice,5,70.349823,7
,2,-1.0,19
,3,-1.0,19
,4,-1.0,7
Series,5,91.190605,7
Eator:,5,33.756409,7
,4,-1.0,7
Olivers,5,63.555168,7
Simic,5,75.594177,7
