text,level,conf,height
,1,-1.0,667
,2,-1.0,14
,3,-1.0,14
,4,-1.0,14
Undergraduate,5,95.993431,14
Topics,5,93.684181,14
in,5,95.230774,11
Computer,5,96.73484,14
Science,5,95.39399,11
