text,level,conf,height
,1,-1.0,667
,2,-1.0,15
,3,-1.0,15
,4,-1.0,15
Marine,5,96.48674,11
Robot,5,96.751099,11
Autonomy,5,96.574928,15
