text,level,conf,height
,1,-1.0,299
,2,-1.0,299
,3,-1.0,299
,4,-1.0,132
   ,5,95.0,132
,4,-1.0,167
 ,5,95.0,167
,2,-1.0,103
,3,-1.0,103
,4,-1.0,22
Aristotle,5,94.420479,21
and,5,96.549576,20
the,5,96.746185,18
,4,-1.0,24
Philosophy,5,96.875427,24
of,5,96.875427,32
Law:,5,96.795555,19
,4,-1.0,26
"Theory,",5,96.62719,24
Practice,5,96.872696,22
,4,-1.0,27
and,5,96.820763,27
Justice,5,96.820763,19
