text,level,conf,height
,1,-1.0,791
,2,-1.0,1
,3,-1.0,1
,4,-1.0,1
 ,5,95.0,1
,2,-1.0,17
,3,-1.0,17
,4,-1.0,17
Encyclopedia,5,95.805962,17
of,5,96.927773,13
Finance,5,95.461845,12
