text,level,conf,height
,1,-1.0,596
,2,-1.0,83
,3,-1.0,83
,4,-1.0,83
HOYvaSaY,5,0.0,83
,2,-1.0,19
,3,-1.0,19
,4,-1.0,19
Martin,5,96.569427,18
Schmuck,5,95.84137,19
,2,-1.0,155
,3,-1.0,155
,4,-1.0,43
Financial,5,96.892982,43
Distress,5,96.912971,41
,4,-1.0,54
and,5,96.904129,42
Corporate,5,96.783791,53
,4,-1.0,42
Turnaround,5,94.052719,42
,2,-1.0,29
,3,-1.0,29
,4,-1.0,29
a,5,84.402771,28
Springer,5,96.337997,22
Gabler,5,96.337997,16
