text,level,conf,height
,1,-1.0,792
,2,-1.0,215
,3,-1.0,215
,4,-1.0,215
Eric,5,94.499542,23
Lord,5,94.499542,24
&,5,83.547325,215
,2,-1.0,365
,3,-1.0,365
,4,-1.0,117
],5,0.0,113
Symmetry,5,96.570435,97
,4,-1.0,67
and,5,95.660278,67
Pattern,5,95.660278,65
in,5,96.669769,63
,4,-1.0,84
Projective,5,93.235428,84
,4,-1.0,84
Geometry,5,96.599365,84
,2,-1.0,216
,3,-1.0,216
,4,-1.0,216
 ,5,95.0,216
,2,-1.0,36
,3,-1.0,36
,4,-1.0,36
®,5,20.539215,34
Springer,5,96.864967,28
