text,level,conf,height
,1,-1.0,792
,2,-1.0,246
,3,-1.0,246
,4,-1.0,246
  ,5,95.0,246
,2,-1.0,241
,3,-1.0,241
,4,-1.0,47
Attractors,5,92.100166,45
for,5,96.970932,47
,4,-1.0,46
infinite-dimensional,5,92.576004,46
,4,-1.0,39
non-autonomous,5,91.330437,39
,4,-1.0,60
dynamical,5,96.179695,60
systems,5,96.226494,53
,2,-1.0,39
,3,-1.0,39
,4,-1.0,39
D,5,58.935734,34
Springer,5,96.306503,34
