text,level,conf,height
,1,-1.0,667
,2,-1.0,15
,3,-1.0,15
,4,-1.0,15
Proton,5,96.823471,11
Beam,5,96.901665,11
Therapy,5,96.929993,15
