text,level,conf,height
,1,-1.0,684
,2,-1.0,83
,3,-1.0,83
,4,-1.0,83
L,5,9.103958,83
,2,-1.0,26
,3,-1.0,26
,4,-1.0,26
Cheng-Chi,5,90.499039,26
Wong,5,93.290039,25
-,5,82.065887,3
Hsie-Chia,5,88.4021,20
Chang,5,96.725243,26
,2,-1.0,2
,3,-1.0,2
,4,-1.0,2
 ,5,95.0,2
,2,-1.0,116
,3,-1.0,116
,4,-1.0,51
Turbo,5,96.523247,51
Decoder,5,96.715622,51
,4,-1.0,51
Architecture,5,96.430923,51
,2,-1.0,328
,3,-1.0,328
,4,-1.0,328
 ,5,95.0,328
,2,-1.0,323
,3,-1.0,323
,4,-1.0,323
 ,5,95.0,323
