text,level,conf,height
,1,-1.0,667
,2,-1.0,15
,3,-1.0,15
,4,-1.0,15
Structural,5,96.767731,11
Interfaces,5,96.268097,11
and,5,96.268097,11
Attachments,5,96.609734,11
in,5,96.468185,7
Biology,5,95.383484,15
