text,level,conf,height
,1,-1.0,667
,2,-1.0,15
,3,-1.0,15
,4,-1.0,15
R,5,91.960785,28
for,5,96.582054,11
Business,5,96.803825,11
Analytics,5,96.856804,15
