text,level,conf,height
,1,-1.0,792
,2,-1.0,191
,3,-1.0,191
,4,-1.0,49
Recent,5,96.593575,48
Advances,5,96.629471,49
in,5,96.837463,46
,4,-1.0,63
Harmonic,5,96.873642,47
Analysis,5,95.921097,63
,4,-1.0,61
and,5,96.974709,48
Applications,5,96.883621,61
,2,-1.0,43
,3,-1.0,43
,4,-1.0,43
ral,5,41.431366,43
Springer,5,96.075653,35
