text,level,conf,height
,1,-1.0,667
,2,-1.0,15
,3,-1.0,15
,4,-1.0,15
Indoor,5,91.022659,11
Location,5,92.096375,11
Technologies,5,95.812386,15
