text,level,conf,height
,1,-1.0,684
,2,-1.0,47
,3,-1.0,47
,4,-1.0,19
Friedematin'Wenzel,5,0.0,19
,4,-1.0,19
Jochety,5,38.779121,19
Zschaus,5,37.293476,19
Editors,5,90.525192,19
,2,-1.0,282
,3,-1.0,282
,4,-1.0,282
 ,5,95.0,282
,2,-1.0,29
,3,-1.0,29
,4,-1.0,29
€,5,35.27861,29
,2,-1.0,30
,3,-1.0,30
,4,-1.0,30
GEOTECHNOLOGIEN,5,79.620438,11
a,5,88.272888,29
Springer,5,96.295555,23
,2,-1.0,22
,3,-1.0,22
,4,-1.0,22
 ,5,95.0,22
