text,level,conf,height
,1,-1.0,684
,2,-1.0,53
,3,-1.0,53
,4,-1.0,19
Jun-Bao,5,91.384361,19
Li,5,92.9375,33
-,5,82.101952,3
Shu-Chuan,5,91.819321,19
Chu,5,96.987038,19
,4,-1.0,25
Jeng-Shyang,5,92.984833,25
Pan,5,96.997841,19
,2,-1.0,42
,3,-1.0,42
,4,-1.0,42
Face,5,96.471825,42
Re,5,96.945259,29
,2,-1.0,218
,3,-1.0,218
,4,-1.0,218
 ,5,95.0,218
,2,-1.0,34
,3,-1.0,34
,4,-1.0,34
a,5,87.394836,29
Springer,5,96.174133,31
