text,level,conf,height
,1,-1.0,667
,2,-1.0,33
,3,-1.0,33
,4,-1.0,11
Automotive,5,96.898178,11
Radar,5,96.958946,11
Sensors,5,96.843239,11
,4,-1.0,15
in,5,96.124947,11
Silicon,5,96.298668,11
Technologies,5,96.843651,15
