text,level,conf,height
,1,-1.0,298
,2,-1.0,80
,3,-1.0,80
,4,-1.0,80
 ,5,95.0,80
,2,-1.0,48
,3,-1.0,48
,4,-1.0,48
Finite,5,72.056503,48
Frames,5,96.910515,38
,2,-1.0,8
,3,-1.0,8
,4,-1.0,8
‘Theory,5,50.057045,8
and,5,50.057045,28
Applications,5,60.40839,8
