text,level,conf,height
,1,-1.0,684
,2,-1.0,214
,3,-1.0,214
,4,-1.0,214
   ,5,95.0,214
 ,5,95.0,72
,2,-1.0,684
,3,-1.0,41
,4,-1.0,684
om,5,15.783882,16
,2,-1.0,126
,3,-1.0,126
,4,-1.0,81
Data,5,96.997803,42
Mining,5,96.801735,81
for,5,96.969299,68
,4,-1.0,43
Geoinformatics,5,96.876801,43
,2,-1.0,24
,3,-1.0,24
,4,-1.0,24
Methods,5,94.223663,19
and,5,94.223663,19
Applications,5,96.644188,24
,2,-1.0,29
,3,-1.0,29
,4,-1.0,29
®,5,19.83551,28
Springer,5,96.76741,22
