text,level,conf,height
,1,-1.0,684
,2,-1.0,19
,3,-1.0,19
,4,-1.0,19
M.,5,92.443329,19
Scott,5,90.157944,19
Osborne,5,95.970711,19
,2,-1.0,240
,3,-1.0,240
,4,-1.0,79
Locally,5,96.167,79
,4,-1.0,61
Convex,5,96.805725,61
,4,-1.0,77
Spaces,5,96.252586,77
,2,-1.0,34
,3,-1.0,34
,4,-1.0,34
a,5,74.516373,29
Springer,5,96.464485,31
