text,level,conf,height
,1,-1.0,667
,2,-1.0,33
,3,-1.0,33
,4,-1.0,15
Creating,5,96.314331,15
Shared,5,93.372253,11
Understanding,5,96.918686,15
in,5,96.71595,11
Product,5,56.60199,11
,4,-1.0,15
Development,5,96.903831,15
Teams,5,96.875977,11
