text,level,conf,height
,1,-1.0,667
,2,-1.0,33
,3,-1.0,33
,4,-1.0,15
"Resistance,",5,96.902802,13
Liberation,5,96.633797,11
Technology,5,94.26152,15
,4,-1.0,15
and,5,96.541809,11
Human,5,96.835846,11
Rights,5,93.463242,15
in,5,93.463242,11
the,5,96.864235,11
Digital,5,95.541672,15
Age,5,96.692116,14
