text,level,conf,height
,1,-1.0,648
,2,-1.0,10
,3,-1.0,10
,4,-1.0,10
DARIUSZ,5,93.073845,10
JEMIELNIAK,5,90.517471,10
,2,-1.0,15
,3,-1.0,15
,4,-1.0,15
OF,5,90.378593,15
WIKIPEDI,5,88.845978,15
,2,-1.0,252
,3,-1.0,252
,4,-1.0,252
 ,5,95.0,252
