text,level,conf,height
,1,-1.0,595
,2,-1.0,28
,3,-1.0,28
,4,-1.0,28
 ,5,95.0,28
,2,-1.0,87
,3,-1.0,87
,4,-1.0,38
LSD,5,79.444733,38
|,5,41.073345,56
,4,-1.0,39
°SYCHOTHERAP',5,0.0,39
,2,-1.0,540
,3,-1.0,540
,4,-1.0,540
   ,5,95.0,540
