text,level,conf,height
,1,-1.0,594
,2,-1.0,21
,3,-1.0,21
,4,-1.0,21
©,5,47.561768,8
HarperCollins,5,95.357918,21
ebooks,5,96.126045,16
,2,-1.0,41
,3,-1.0,41
,4,-1.0,41
The,5,92.976974,30
Holotropic,5,91.892044,41
Mind,5,96.086937,30
,2,-1.0,535
,3,-1.0,535
,4,-1.0,535
 ,5,95.0,535
,2,-1.0,80
,3,-1.0,80
,4,-1.0,38
Grofi,5,0.0,58
MD),5,8.366631,58
,4,-1.0,38
HalfZina)BennettypniDs,5,0.0,38
