text,level,conf,height
,1,-1.0,614
,2,-1.0,84
,3,-1.0,84
,4,-1.0,34
MARIJUANA,5,96.349289,34
,4,-1.0,35
CHEMISTRY,5,96.227798,35
,2,-1.0,17
,3,-1.0,17
,4,-1.0,17
"Genetics,",5,96.980255,14
Processing,5,93.222061,17
&,5,93.222061,12
Potency,5,96.724426,16
,2,-1.0,13
,3,-1.0,13
,4,-1.0,13
by,5,96.419182,13
Michael,5,96.844658,10
Starks,5,96.844658,10
,2,-1.0,426
,3,-1.0,426
,4,-1.0,426
 ,5,95.0,426
