text,level,conf,height
,1,-1.0,775
,2,-1.0,9
,3,-1.0,9
,4,-1.0,9
‘THE,5,65.661728,7
ZERO,5,92.247803,8
VECTOR:,5,75.978561,8
,2,-1.0,9
,3,-1.0,9
,4,-1.0,9
BY,5,93.36158,7
STEVEN,5,91.835838,8
L.,5,76.349861,7
GIBBS,5,29.563316,8
,2,-1.0,775
,3,-1.0,775
,4,-1.0,775
 ,5,95.0,775
