text,level,conf,height
,1,-1.0,381
,2,-1.0,6
,3,-1.0,6
,4,-1.0,6
 ,5,95.0,6
,2,-1.0,24
,3,-1.0,24
,4,-1.0,24
ZEN,5,91.149269,24
RITUAL,5,91.149269,24
,2,-1.0,28
,3,-1.0,28
,4,-1.0,9
Stupits,5,32.640129,8
oF,5,94.952309,7
ZEN,5,42.38966,9
BUDDHIST,5,87.627213,9
,4,-1.0,9
THEORY,5,79.280472,9
IN,5,94.848221,7
PRACTICE,5,94.848221,9
,2,-1.0,299
,3,-1.0,299
,4,-1.0,299
 ,5,95.0,299
