text,level,conf,height
,1,-1.0,612
,2,-1.0,436
,3,-1.0,436
,4,-1.0,436
 ,5,95.0,436
,2,-1.0,24
,3,-1.0,24
,4,-1.0,24
Structures,5,95.119247,24
in,5,94.492996,24
Architecture,5,63.42474,24
G,5,90.514633,23
G,5,89.136032,23
Schierle,5,90.283783,23
