text,level,conf,height
,1,-1.0,907
,2,-1.0,546
,3,-1.0,546
,4,-1.0,546
 ,5,95.0,546
,2,-1.0,37
,3,-1.0,37
,4,-1.0,37
Susan,5,95.81105,37
Blackmore,5,96.358429,36
,2,-1.0,98
,3,-1.0,98
,4,-1.0,26
With,5,95.357468,21
a,5,95.150864,15
Foreword,5,95.150864,21
by,5,96.658333,26
,4,-1.0,28
Richard,5,96.332443,28
Dawkins,5,95.839317,28
,4,-1.0,21
author,5,96.668808,20
of,5,96.993111,20
The,5,96.783073,20
Selfish,5,94.056366,21
Gene,5,96.673218,21
