text,level,conf,height
,1,-1.0,648
,2,-1.0,212
,3,-1.0,212
,4,-1.0,108
SUPER,5,96.433846,61
ENERGY,5,95.880661,108
,4,-1.0,81
SACRED,5,93.731628,48
SYMBOLS,5,93.731628,81
,2,-1.0,419
,3,-1.0,419
,4,-1.0,419
 ,5,95.0,419
