text,level,conf,height
,1,-1.0,500
,2,-1.0,408
,3,-1.0,408
,4,-1.0,408
 ,5,95.0,408
,2,-1.0,22
,3,-1.0,22
,4,-1.0,22
MG,5,95.762077,22
MARTIN,5,95.762077,22
