text,level,conf,height
,1,-1.0,675
,2,-1.0,459
,3,-1.0,459
,4,-1.0,459
 ,5,95.0,459
,2,-1.0,84
,3,-1.0,84
,4,-1.0,39
Introducing,5,96.256638,39
,4,-1.0,38
Autodesk,5,96.438316,31
Maya,5,83.196686,38
2015,5,83.196686,30
