text,level,conf,height
,1,-1.0,666
,2,-1.0,64
,3,-1.0,64
,4,-1.0,35
Applied,5,96.344368,35
Network,5,96.820984,25
,4,-1.0,32
Security,5,96.424469,31
Monitoring,5,96.53643,32
