text,level,conf,height
,1,-1.0,648
,2,-1.0,22
,3,-1.0,22
,4,-1.0,22
Targeted,5,96.457115,22
Cyber,5,95.787811,22
Attacks,5,95.787811,17
