text,level,conf,height
,1,-1.0,667
,2,-1.0,20
,3,-1.0,20
,4,-1.0,20
THE,5,96.483498,19
BASICS,5,96.375267,20
OF,5,96.652641,20
,2,-1.0,39
,3,-1.0,39
,4,-1.0,17
Understanding,5,96.89621,17
the,5,96.932922,13
Fundamentals,5,95.779602,13
of,5,94.663712,13
,4,-1.0,17
Cloud,5,96.823029,14
Computing,5,96.350533,17
in,5,96.953926,10
Theory,5,95.392273,16
and,5,96.91684,12
Practice,5,95.341454,14
,2,-1.0,667
,3,-1.0,667
,4,-1.0,667
 ,5,95.0,667
