text,level,conf,height
,1,-1.0,666
,2,-1.0,110
,3,-1.0,110
,4,-1.0,110
SYNGRESS,5,86.423958,110
,2,-1.0,95
,3,-1.0,95
,4,-1.0,43
FEDERAL,5,93.280769,41
GLoup,5,42.189026,43
,4,-1.0,42
CompuTinc,5,46.268993,42
,2,-1.0,14
,3,-1.0,14
,4,-1.0,14
The,5,96.997559,14
Definitive,5,92.28627,14
Guide,5,92.28627,14
for,5,96.777565,14
Cloud,5,96.984413,14
Service,5,96.322128,14
Providers,5,96.183334,14
,2,-1.0,18
,3,-1.0,18
,4,-1.0,18
Matthew,5,96.989769,15
Metheny,5,96.703102,18
