text,level,conf,height
,1,-1.0,666
,2,-1.0,64
,3,-1.0,64
,4,-1.0,25
Collaboration,5,96.696434,25
with,5,96.707993,25
,4,-1.0,32
Cloud,5,96.541214,25
Computing,5,95.501175,32
