text,level,conf,height
,1,-1.0,666
,2,-1.0,25
,3,-1.0,25
,4,-1.0,25
The,5,96.890717,25
Basics,5,95.640488,25
of,5,95.640488,25
IT,5,95.666428,25
Audit,5,96.710052,25
