text,level,conf,height
,1,-1.0,792
,2,-1.0,71
,3,-1.0,71
,4,-1.0,71
Plant,5,96.682205,53
Physiology,5,96.086914,71
,2,-1.0,11
,3,-1.0,11
,4,-1.0,11
=p,5,37.448483,11
,2,-1.0,667
,3,-1.0,667
,4,-1.0,667
 ,5,95.0,667
,2,-1.0,39
,3,-1.0,39
,4,-1.0,29
ve,5,35.151794,22
®,5,17.403114,27
Taiz’,5,34.479652,22
Zeiger,5,95.692406,28
,4,-1.0,10
»,5,0.0,4
%,5,38.255001,10
,2,-1.0,32
,3,-1.0,38
,4,-1.0,32
Ge?,5,32.652199,28
+s,5,0.0,24
ae,5,39.779999,25
