text,level,conf,height
,1,-1.0,667
,2,-1.0,222
,3,-1.0,222
,4,-1.0,222
 ,5,95.0,222
,2,-1.0,52
,3,-1.0,52
,4,-1.0,24
Make,5,96.992172,18
Your,5,96.196495,17
Machine,5,96.613914,18
Learning,5,96.490547,23
and,5,96.490547,18
,4,-1.0,24
Deep,5,96.98484,22
Learning,5,96.883957,23
Models,5,96.885269,18
More,5,96.889343,17
Efficient,5,95.807228,18
,2,-1.0,10
,3,-1.0,10
,4,-1.0,10
 ,5,95.0,10
,2,-1.0,442
,3,-1.0,442
,4,-1.0,442
 ,5,95.0,442
