text,level,conf,height
,1,-1.0,381
,2,-1.0,7
,3,-1.0,7
,4,-1.0,7
OXFORD,5,96.418243,7
WORLD'S,5,89.220428,7
CLASSICS,5,96.662643,7
,2,-1.0,361
,3,-1.0,361
,4,-1.0,361
 ,5,95.0,361
