text,level,conf,height
,1,-1.0,480
,2,-1.0,12
,3,-1.0,12
,4,-1.0,12
‘Tue,5,58.431244,12
Honus,5,45.227737,11
Herasy”,5,0.0,11
,2,-1.0,75
,3,-1.0,75
,4,-1.0,22
THE,5,94.604286,22
HORUS,5,94.604286,22
HERESY,5,95.879341,22
,4,-1.0,48
ane,5,20.319817,47
ieee,5,1.410034,48
,2,-1.0,21
,3,-1.0,21
,4,-1.0,21
JUME,5,77.863281,21
2,5,96.951294,37
,2,-1.0,434
,3,-1.0,434
,4,-1.0,434
 ,5,95.0,434
