text,level,conf,height
,1,-1.0,600
,2,-1.0,15
,3,-1.0,15
,4,-1.0,15
THE,5,95.818092,14
WHALE,5,96.273964,14
ROAD,5,95.810074,14
CHRONICLES,5,96.10321,15
,2,-1.0,561
,3,-1.0,561
,4,-1.0,561
 ,5,95.0,561
,2,-1.0,50
,3,-1.0,50
,4,-1.0,50
~TIM-HODKINSON,5,30.86998,50
