text,level,conf,height
,1,-1.0,283
,2,-1.0,20
,3,-1.0,20
,4,-1.0,10
iaracter,5,0.0,9
of,5,95.934814,24
Physical,5,95.934814,10
Law,5,92.491951,9
,4,-1.0,10
Risruteyensn,5,0.0,20
