text,level,conf,height
,1,-1.0,480
,2,-1.0,277
,3,-1.0,277
,4,-1.0,277
 ,5,95.0,277
,2,-1.0,67
,3,-1.0,67
,4,-1.0,20
THE,5,97.000351,20
,4,-1.0,38
SPACE,5,93.255173,37
WOLVE,5,92.177544,38
,2,-1.0,32
,3,-1.0,32
,4,-1.0,32
AUDIO,5,83.298859,23
COLLECTION,5,20.570366,23
