text,level,conf,height
,1,-1.0,500
,2,-1.0,83
,3,-1.0,83
,4,-1.0,38
THE,5,95.239151,36
SHAPE,5,95.239151,37
OF,5,96.687843,38
,4,-1.0,37
THE,5,95.410217,36
HUNT,5,93.166222,46
\,5,91.4347,57
,2,-1.0,16
,3,-1.0,16
,4,-1.0,16
JOEPARRINO,5,71.151009,16
,2,-1.0,302
,3,-1.0,302
,4,-1.0,302
 ,5,95.0,302
