text,level,conf,height
,1,-1.0,480
,2,-1.0,48
,3,-1.0,48
,4,-1.0,48
“WARHAMMER:,5,24.30452,48
,2,-1.0,17
,3,-1.0,17
,4,-1.0,17
_,5,32.265327,2
780.000).,5,41.153214,17
,2,-1.0,208
,3,-1.0,208
,4,-1.0,208
 ,5,95.0,208
,2,-1.0,37
,3,-1.0,37
,4,-1.0,37
DARK,5,96.965904,37
ANGELS,5,96.901382,37
,2,-1.0,23
,3,-1.0,23
,4,-1.0,23
AUDIO,5,95.133354,23
COLLECTION,5,95.133354,22
