text,level,conf,height
,1,-1.0,680
,2,-1.0,17
,3,-1.0,17
,4,-1.0,17
THE,5,96.133972,16
NEW,5,95.452812,16
YORK,5,95.452812,17
TIMES,5,96.127319,17
BESTSELLER,5,96.39595,17
,2,-1.0,94
,3,-1.0,94
,4,-1.0,94
 ,5,95.0,94
,2,-1.0,14
,3,-1.0,14
,4,-1.0,14
AUTHOR,5,96.24659,13
OF,5,96.674919,12
ICON,5,66.944046,13
