text,level,conf,height
,1,-1.0,500
,2,-1.0,284
,3,-1.0,284
,4,-1.0,284
   ,5,95.0,284
,2,-1.0,69
,3,-1.0,69
,4,-1.0,25
THE,5,96.98658,20
,4,-1.0,40
FLESH,5,93.29715,39
TEARERS,5,91.298393,40
,2,-1.0,33
,3,-1.0,33
,4,-1.0,33
AUDIO,5,93.521881,23
COLLECTION,5,81.574005,23
—,5,53.895248,2
