text,level,conf,height
,1,-1.0,500
,2,-1.0,305
,3,-1.0,305
,4,-1.0,305
   ,5,95.0,305
,2,-1.0,133
,3,-1.0,133
,4,-1.0,72
THE,5,93.292641,71
WAAAGH!,5,19.521835,45
FAKER,5,93.146851,51
,4,-1.0,71
v,5,28.752228,66
ee,5,25.460701,34
ev,5,6.287109,62
unred,5,0.0,62
PART,5,95.226089,21
Ill,5,83.379929,21
