text,level,conf,height
,1,-1.0,842
,2,-1.0,12
,3,-1.0,12
,4,-1.0,12
CR],5,43.76804,12
S.,5,70.312759,24
Gone,5,4.031006,12
S.,5,66.001129,8
RH,5,19.304672,11
a,5,26.203964,12
,2,-1.0,13
,3,-1.0,13
,4,-1.0,13
Hee,5,40.308498,12
mR,5,40.501972,13
