text,level,conf,height
,1,-1.0,278
,2,-1.0,17
,3,-1.0,17
,4,-1.0,17
 ,5,95.0,17
,2,-1.0,10
,3,-1.0,10
,4,-1.0,10
Theory,5,70.245079,10
of,5,90.039734,10
,2,-1.0,54
,3,-1.0,41
,4,-1.0,17
Financial,5,82.808708,17
Risk,5,95.412933,17
ana,5,90.902145,9
,4,-1.0,37
Derivative,5,96.424599,37
Pricing,5,96.537056,29
,2,-1.0,163
,3,-1.0,163
,4,-1.0,163
 ,5,95.0,163
