text,level,conf,height
,1,-1.0,582
,2,-1.0,88
,3,-1.0,88
,4,-1.0,88
.,5,7.081413,1
Thich,5,86.775894,69
Nhat,5,94.209938,84
Hanh,5,94.340096,71
2,5,52.120861,11
,2,-1.0,579
,3,-1.0,579
,4,-1.0,169
  ,5,95.0,169
,4,-1.0,410
  ,5,95.0,410
,2,-1.0,96
,3,-1.0,96
,4,-1.0,96
 ,5,95.0,96
