text,level,conf,height
,1,-1.0,860
,2,-1.0,106
,3,-1.0,106
,4,-1.0,46
The,5,96.227882,46
,4,-1.0,46
Three,5,95.713799,45
Musketeers,5,96.639725,46
,2,-1.0,404
,3,-1.0,404
,4,-1.0,404
 ,5,95.0,404
,2,-1.0,50
,3,-1.0,50
,4,-1.0,50
ALEXANDRE,5,93.192741,49
DUMAS,5,90.566414,42
,2,-1.0,172
,3,-1.0,172
,4,-1.0,172
 ,5,95.0,172
