text,level,conf,height
,1,-1.0,658
,2,-1.0,110
,3,-1.0,110
,4,-1.0,31
Lost,5,96.661247,29
Journals,5,96.343864,31
,4,-1.0,27
of,5,96.57486,27
,4,-1.0,32
Nikola,5,91.025589,32
T,5,91.025589,28
,2,-1.0,658
,3,-1.0,658
,4,-1.0,658
 ,5,95.0,658
