text,level,conf,height
,1,-1.0,672
,2,-1.0,116
,3,-1.0,116
,4,-1.0,35
THARNESSING,5,48.388123,35
THE,5,93.301559,33
WHEELWURIG,5,0.0,32
,4,-1.0,42
madlia,5,0.0,44
OF,5,66.521027,34
AT,5,23.248421,34
Raia,5,21.233734,42
,4,-1.0,47
BBO,5,15.970146,37
TESTA,5,55.519264,32
stience,5,66.584457,48
oF,5,94.497055,26
ENERGY],5,50.976517,37
,2,-1.0,454
,3,-1.0,454
,4,-1.0,454
 ,5,95.0,454
