text,level,conf,height
,1,-1.0,792
,2,-1.0,37
,3,-1.0,37
,4,-1.0,14
MATTHEW,5,93.223602,14
B,5,91.725563,14
,4,-1.0,13
CHRISTENSEN,5,95.956787,13
,2,-1.0,750
,3,-1.0,750
,4,-1.0,750
 ,5,95.0,750
