text,level,conf,height
,1,-1.0,860
,2,-1.0,152
,3,-1.0,152
,4,-1.0,63
Twent,5,91.560493,63
,4,-1.0,64
Years,5,96.347519,64
After,5,96.898293,64
