text,level,conf,height
,1,-1.0,507
,2,-1.0,10
,3,-1.0,10
,4,-1.0,10
Muhammad,5,96.557816,10
Abdel,5,93.259239,10
Haleem,5,80.185684,10
,2,-1.0,22
,3,-1.0,22
,4,-1.0,22
UNDERSTANDING,5,96.160461,22
,2,-1.0,67
,3,-1.0,67
,4,-1.0,67
@UR'AN,5,57.986969,67
,2,-1.0,16
,3,-1.0,16
,4,-1.0,16
THEMES,5,96.823753,16
AND,5,94.981773,16
STYLE,5,95.621918,16
,2,-1.0,227
,3,-1.0,227
,4,-1.0,227
 ,5,95.0,227
