text,level,conf,height
,1,-1.0,613
,2,-1.0,217
,3,-1.0,217
,4,-1.0,217
ttanen,5,0.0,217
,2,-1.0,21
,3,-1.0,21
,4,-1.0,21
Sanford.,5,77.052208,21
Tweedie,5,92.793228,16
,2,-1.0,265
,3,-1.0,265
,4,-1.0,265
 ,5,95.0,265
