text,level,conf,height
,1,-1.0,842
,2,-1.0,83
,3,-1.0,83
,4,-1.0,30
HISTORIANS,5,96.022789,30
AND,5,96.402756,29
,4,-1.0,30
HISTORIOGRAPHY,5,95.852341,30
,2,-1.0,20
,3,-1.0,20
,4,-1.0,20
IN,5,96.201584,18
THE,5,96.027985,18
ITALIAN,5,96.027985,19
RENAISSANCE,5,96.692162,19
