text,level,conf,height
,1,-1.0,814
,2,-1.0,13
,3,-1.0,13
,4,-1.0,13
ANCIENT,5,96.047043,12
RECORDS,5,96.047043,13
OF,5,96.180832,13
EGYPT,5,96.488274,13
