text,level,conf,height
,1,-1.0,792
,2,-1.0,63
,3,-1.0,63
,4,-1.0,27
EROS,5,95.927277,27
AND,5,95.613731,25
MAGIC,5,96.74028,26
,4,-1.0,18
IN,5,95.439331,18
THE,5,96.527107,18
,2,-1.0,27
,3,-1.0,27
,4,-1.0,27
RENAISSANCE,5,96.254341,27
,2,-1.0,24
,3,-1.0,24
,4,-1.0,24
Ioan,5,88.259438,23
P,5,83.359596,23
Couliano,5,89.722443,24
,2,-1.0,655
,3,-1.0,655
,4,-1.0,655
 ,5,95.0,655
