text,level,conf,height
,1,-1.0,792
,2,-1.0,29
,3,-1.0,29
,4,-1.0,12
om,5,47.259705,5
932,5,72.048065,11
one,5,0.0,12
,4,-1.0,15
Libeary,5,20.996025,10
of,5,96.792816,8
Adelbert,5,66.014206,8
College,5,55.255741,11
4,5,6.014359,8
,2,-1.0,148
,3,-1.0,148
,4,-1.0,148
 ,5,95.0,148
