text,level,conf,height
,1,-1.0,860
,2,-1.0,104
,3,-1.0,104
,4,-1.0,45
The,5,96.096367,45
,4,-1.0,43
Vicomte,5,91.951134,43
De,5,96.659912,43
,2,-1.0,60
,3,-1.0,60
,4,-1.0,60
Bragelonne,5,91.751099,60
,2,-1.0,380
,3,-1.0,380
,4,-1.0,380
   ,5,95.0,380
,2,-1.0,50
,3,-1.0,50
,4,-1.0,50
ALEXANDRE,5,93.192741,49
DUMAS,5,90.566414,42
,2,-1.0,182
,3,-1.0,182
,4,-1.0,182
 ,5,95.0,182
