text,level,conf,height
,1,-1.0,314
,2,-1.0,18
,3,-1.0,18
,4,-1.0,18
 ,5,95.0,18
,2,-1.0,10
,3,-1.0,10
,4,-1.0,10
The,5,96.978798,10
Official,5,93.306816,10
,2,-1.0,21
,3,-1.0,21
,4,-1.0,21
VCPS,5,85.947121,21
,2,-1.0,12
,3,-1.0,12
,4,-1.0,12
Certification,5,96.53241,12
Guide,5,95.261566,12
,2,-1.0,194
,3,-1.0,194
,4,-1.0,194
 ,5,95.0,194
