text,level,conf,height
,1,-1.0,328
,2,-1.0,1
,3,-1.0,1
,4,-1.0,1
 ,5,95.0,1
,2,-1.0,328
,3,-1.0,328
,4,-1.0,328
 ,5,95.0,328
,2,-1.0,11
,3,-1.0,11
,4,-1.0,11
Official,5,96.852425,11
,2,-1.0,18
,3,-1.0,18
,4,-1.0,18
VCAPS-DCD,5,86.107346,18
,2,-1.0,207
,3,-1.0,207
,4,-1.0,207
 ,5,95.0,207
,2,-1.0,328
,3,-1.0,328
,4,-1.0,328
 ,5,95.0,328
