text,level,conf,height
,1,-1.0,792
,2,-1.0,792
,3,-1.0,792
,4,-1.0,464
    ,5,95.0,464
,4,-1.0,328
   ,5,95.0,328
 ,5,95.0,65
,2,-1.0,111
,3,-1.0,94
,4,-1.0,28
|,5,30.758858,3
GREATEST,5,93.08046,28
SURVIVAL,5,96.075806,17
,4,-1.0,21
STORY,5,66.297882,19
IN,5,58.547585,50
THE,5,96.832825,17
HISTORY,5,88.398438,28
,4,-1.0,50
OF,5,90.008781,20
EXPLORATION,5,41.847424,50
,2,-1.0,103
,3,-1.0,103
,4,-1.0,103
DAVID,5,96.018425,22
‘ROBERTS,5,50.417713,37
4,5,81.414093,99
