text,level,conf,height
,1,-1.0,611
,2,-1.0,178
,3,-1.0,178
,4,-1.0,178
 ,5,95.0,178
,2,-1.0,6
,3,-1.0,6
,4,-1.0,6
 ,5,95.0,6
,2,-1.0,111
,3,-1.0,111
,4,-1.0,22
The,5,96.961037,17
Emerging,5,96.32695,21
,4,-1.0,15
Science,5,96.775642,15
,4,-1.0,22
at,5,96.577263,14
the,5,96.577263,17
Edge,5,96.87748,21
,2,-1.0,18
,3,-1.0,18
,4,-1.0,18
of,5,96.684349,18
Order,5,96.172035,18
,2,-1.0,18
,3,-1.0,18
,4,-1.0,18
and,5,96.859909,18
Chaos,5,96.472809,18
,2,-1.0,377
,3,-1.0,377
,4,-1.0,377
 ,5,95.0,377
