text,level,conf,height
,1,-1.0,1165
,2,-1.0,156
,3,-1.0,156
,4,-1.0,92
Schrodinger,5,93.812424,92
,4,-1.0,46
What,5,38.315369,45
is,5,93.27462,46
Lifee,5,37.592278,46
,2,-1.0,533
,3,-1.0,533
,4,-1.0,533
 ,5,95.0,533
