text,level,conf,height
,1,-1.0,719
,2,-1.0,31
,3,-1.0,31
,4,-1.0,31
Bea,5,0.0,31
Fundamentals,5,81.360336,20
of,5,83.446747,12
Microelectronics,5,96.46801,20
,2,-1.0,342
,3,-1.0,342
,4,-1.0,342
 ,5,95.0,342
,2,-1.0,13
,3,-1.0,13
,4,-1.0,13
SECOND,5,96.231331,13
EDITION,5,96.231331,13
,2,-1.0,16
,3,-1.0,16
,4,-1.0,16
WILEY,5,96.690536,16
