text,level,conf,height
,1,-1.0,692
,2,-1.0,2
,3,-1.0,2
,4,-1.0,2
 ,5,95.0,2
,2,-1.0,692
,3,-1.0,692
,4,-1.0,692
 ,5,95.0,692
,2,-1.0,21
,3,-1.0,21
,4,-1.0,21
Rory,5,96.523361,21
Burke,5,93.141342,17
anp,5,78.148109,12
Steve,5,96.691986,17
Barron,5,96.248665,17
,2,-1.0,168
,3,-1.0,168
,4,-1.0,46
PROJECT,5,96.782501,46
,4,-1.0,46
MANAGEMENT,5,96.609123,46
,4,-1.0,47
LEADERSHIP,5,96.299088,47
,2,-1.0,2
,3,-1.0,2
,4,-1.0,2
 ,5,95.0,2
,2,-1.0,689
,3,-1.0,689
,4,-1.0,689
 ,5,95.0,689
