text,level,conf,height
,1,-1.0,662
,2,-1.0,56
,3,-1.0,56
,4,-1.0,31
Teach,5,37.635582,23
Yourself,5,37.635582,31
,4,-1.0,24
X\,5,0.0,24
,2,-1.0,78
,3,-1.0,78
,4,-1.0,78
LinkedIn,5,96.062363,78
,2,-1.0,350
,3,-1.0,350
,4,-1.0,350
   ,5,95.0,350
