text,level,conf,height
,1,-1.0,666
,2,-1.0,16
,3,-1.0,16
,4,-1.0,16
3rd,5,45.111496,14
Edition,5,92.753487,14
,2,-1.0,146
,3,-1.0,146
,4,-1.0,80
Excel,5,95.443504,63
Formulas,5,96.417946,83
,4,-1.0,74
and,5,96.921005,61
Functions,5,96.601288,65
,2,-1.0,324
,3,-1.0,324
,4,-1.0,324
 ,5,95.0,324
