text,level,conf,height
,1,-1.0,720
,2,-1.0,54
,3,-1.0,54
,4,-1.0,54
COMPUTER,5,96.164597,54
,2,-1.0,144
,3,-1.0,144
,4,-1.0,54
SECURITY,5,96.249977,54
,4,-1.0,54
HANDBOOK,5,96.684654,54
,2,-1.0,394
,3,-1.0,394
,4,-1.0,394
 ,5,95.0,394
,2,-1.0,19
,3,-1.0,19
,4,-1.0,19
Edited,5,96.941254,14
by,5,96.891144,19
