text,level,conf,height
,1,-1.0,720
,2,-1.0,91
,3,-1.0,91
,4,-1.0,38
CAY,5,89.939575,38
HORSTMANN,5,96.423546,38
,4,-1.0,38
RANCE,5,91.593262,38
D.,5,92.960732,36
NECAISE,5,92.19175,38
,2,-1.0,169
,3,-1.0,169
,4,-1.0,79
ia,5,68.25399,79
,4,-1.0,74
PYTHON,5,96.858643,74
,2,-1.0,15
,3,-1.0,15
,4,-1.0,15
FOR,5,96.610451,15
EVERYONE,5,96.645103,15
,2,-1.0,318
,3,-1.0,318
,4,-1.0,168
   ,5,95.0,168
 ,5,95.0,7
,4,-1.0,150
 ,5,95.0,150
