text,level,conf,height
,1,-1.0,733
,2,-1.0,2
,3,-1.0,2
,4,-1.0,2
 ,5,95.0,2
,2,-1.0,38
,3,-1.0,38
,4,-1.0,18
"LTE,",5,93.294441,17
"LTE-Advanced,",5,92.326141,18
"SAE,",5,92.866081,17
VoLTE,5,92.555534,15
,4,-1.0,16
and,5,96.485741,16
4G,5,96.890411,15
Mobile,5,95.807846,16
Communications,5,96.665802,15
,2,-1.0,14
,3,-1.0,14
,4,-1.0,14
SECOND,5,96.729439,14
EDITION,5,96.729439,14
,2,-1.0,727
,3,-1.0,727
,4,-1.0,727
 ,5,95.0,727
,2,-1.0,733
,3,-1.0,733
,4,-1.0,733
 ,5,95.0,733
