text,level,conf,height
,1,-1.0,662
,2,-1.0,178
,3,-1.0,178
,4,-1.0,61
es,5,22.810165,61
,4,-1.0,83
PowerPoint,5,96.531685,83
2013,5,96.810623,57
,2,-1.0,17
,3,-1.0,17
,4,-1.0,17
Learn,5,96.405586,17
to:,5,96.405586,15
,2,-1.0,324
,3,-1.0,324
,4,-1.0,324
 ,5,95.0,324
