text,level,conf,height
,1,-1.0,648
,2,-1.0,141
,3,-1.0,141
,4,-1.0,57
DATA-DRIVEN,5,92.997665,57
,4,-1.0,72
HEALTHCARE,5,96.656876,72
,2,-1.0,270
,3,-1.0,270
,4,-1.0,270
oo,5,45.769112,270
,2,-1.0,23
,3,-1.0,23
,4,-1.0,23
LAURA,5,92.927383,22
B.,5,92.927383,22
MADSEN,5,96.75061,22
WILEY,5,96.982246,16
