text,level,conf,height
,1,-1.0,662
,2,-1.0,143
,3,-1.0,143
,4,-1.0,74
Data,5,96.258224,61
|,5,63.055359,13
,4,-1.0,74
Visualization,5,96.500671,74
,2,-1.0,280
,3,-1.0,280
,4,-1.0,280
 ,5,95.0,280
