text,level,conf,height
,1,-1.0,709
,2,-1.0,100
,3,-1.0,100
,4,-1.0,45
A,5,96.608299,34
Guide,5,96.431152,35
fo,5,73.273598,34
Writing,5,95.581993,45
,4,-1.0,45
as,5,93.580139,26
an,5,95.323494,26
Engineer,5,96.657562,45
,2,-1.0,14
,3,-1.0,14
,4,-1.0,14
Fourth,5,96.063881,13
Edition,5,96.063881,14
,2,-1.0,437
,3,-1.0,437
,4,-1.0,437
 ,5,95.0,437
