text,level,conf,height
,1,-1.0,650
,2,-1.0,92
,3,-1.0,92
,4,-1.0,24
THE,5,96.62394,23
ULTIMATE,5,96.389915,24
,4,-1.0,24
DAILY,5,95.76696,23
SHOW,5,96.014061,24
AND,5,96.142059,23
,4,-1.0,24
PHILOSOPHY,5,96.211128,24
