text,level,conf,height
,1,-1.0,618
,2,-1.0,14
,3,-1.0,14
,4,-1.0,14
Wiley,5,96.820885,14
CIO,5,77.634018,11
Series,5,96.500931,11
,2,-1.0,596
,3,-1.0,596
,4,-1.0,596
  ,5,95.0,596
