text,level,conf,height
,1,-1.0,666
,2,-1.0,35
,3,-1.0,35
,4,-1.0,16
Handbook,5,95.974251,12
of,5,96.087349,16
Financial,5,96.087349,12
,4,-1.0,16
Risk,5,95.954391,12
Management,5,96.767075,16
