text,level,conf,height
,1,-1.0,666
,2,-1.0,12
,3,-1.0,12
,4,-1.0,12
Save,5,96.34494,12
10%,5,94.629509,12
,2,-1.0,26
,3,-1.0,26
,4,-1.0,26
A,5,38.957245,7
swvses,5,0.0,10
wieuncs,5,19.303818,46
stewnnr,5,13.949966,10
Cea,5,5.16832,31
,2,-1.0,37
,3,-1.0,37
,4,-1.0,37
CompTlA’,5,19.090469,37
,2,-1.0,110
,3,-1.0,110
,4,-1.0,110
Security+,5,96.125412,110
,2,-1.0,9
,3,-1.0,9
,4,-1.0,9
EXAM,5,93.288879,9
SY0-401,5,71.341469,8
,2,-1.0,666
,3,-1.0,666
,4,-1.0,666
 ,5,95.0,666
