text,level,conf,height
,1,-1.0,612
,2,-1.0,75
,3,-1.0,75
,4,-1.0,75
Windows,5,96.134651,67
8,5,96.54348,53
,2,-1.0,288
,3,-1.0,288
,4,-1.0,288
 ,5,95.0,288
