text,level,conf,height
,1,-1.0,666
,2,-1.0,17
,3,-1.0,17
,4,-1.0,17
Fourth,5,96.709969,17
Edition,5,96.466438,17
,2,-1.0,97
,3,-1.0,97
,4,-1.0,47
Thord,5,91.587761,16
Daniel,5,93.293159,16
Hedengren,5,93.189453,20
"""",5,0.0,27
,4,-1.0,26
SMASHING,5,95.891846,26
,2,-1.0,52
,3,-1.0,52
,4,-1.0,52
WordPress’,5,53.906971,52
,2,-1.0,12
,3,-1.0,12
,4,-1.0,12
BEYOND,5,96.720078,12
THE,5,96.954521,11
BLOG,5,93.777153,12
,2,-1.0,666
,3,-1.0,666
,4,-1.0,666
 ,5,95.0,666
