text,level,conf,height
,1,-1.0,662
,2,-1.0,148
,3,-1.0,148
,4,-1.0,36
re,5,17.756226,36
,4,-1.0,83
Canon,5,96.179703,55
EOS,5,96.179703,62
6D,5,96.692398,57
,2,-1.0,316
,3,-1.0,316
,4,-1.0,316
 ,5,95.0,316
