text,level,conf,height
,1,-1.0,792
,2,-1.0,106
,3,-1.0,106
,4,-1.0,37
Corporate,5,96.598763,37
,4,-1.0,32
Governance,5,96.46357,32
,4,-1.0,35
Regulation,5,95.222519,35
