text,level,conf,height
,1,-1.0,666
,2,-1.0,61
,3,-1.0,61
,4,-1.0,61
——,5,36.010902,61
eee,5,27.662827,61
,2,-1.0,130
,3,-1.0,130
,4,-1.0,72
Beginning,5,96.136612,49
Progr,5,90.847595,37
jamming,5,33.317825,72
,4,-1.0,60
with,5,96.701859,59
Java,5,96.867233,51
,2,-1.0,16
,3,-1.0,16
,4,-1.0,16
Learn,5,96.504768,16
to:,5,95.963478,15
,2,-1.0,324
,3,-1.0,324
,4,-1.0,324
 ,5,95.0,324
