text,level,conf,height
,1,-1.0,792
,2,-1.0,194
,3,-1.0,194
,4,-1.0,194
roaares,5,0.0,297
,2,-1.0,127
,3,-1.0,127
,4,-1.0,127
dL,5,10.933334,53
"GE,",5,10.933334,53
ie,5,25.556541,127
Ld,5,26.839516,53
Et,5,20.279076,53
,2,-1.0,11
,3,-1.0,11
,4,-1.0,11
t-honds,5,88.214172,11
,2,-1.0,29
,3,-1.0,29
,4,-1.0,29
Foreword,5,96.852394,29
by,5,96.299065,15
Larry,5,96.141945,15
Williams,5,96.540176,29
