text,level,conf,height
,1,-1.0,662
,2,-1.0,28
,3,-1.0,28
,4,-1.0,28
=,5,53.04636,20
Toth,5,52.793892,13
Edition,5,68.62944,13
,2,-1.0,78
,3,-1.0,78
,4,-1.0,78
iPod,5,93.288177,70
&,5,92.977455,59
iTunes,5,96.430771,61
,2,-1.0,324
,3,-1.0,324
,4,-1.0,324
 ,5,95.0,324
