text,level,conf,height
,1,-1.0,701
,2,-1.0,556
,3,-1.0,556
,4,-1.0,556
 ,5,95.0,556
,2,-1.0,27
,3,-1.0,27
,4,-1.0,27
USER,5,96.763786,27
INTERFACE,5,96.053932,22
AND,5,96.053932,21
BEYOND,5,96.659843,22
,2,-1.0,34
,3,-1.0,34
,4,-1.0,34
Csex,5,63.928864,34
