text,level,conf,height
,1,-1.0,692
,2,-1.0,81
,3,-1.0,81
,4,-1.0,20
INTERNET,5,96.55957,20
,4,-1.0,22
PROTOCOL-BASED,5,92.254295,22
,4,-1.0,22
EMERGENCY,5,96.543526,22
SERVICES,5,96.67086,22
