text,level,conf,height
,1,-1.0,648
,2,-1.0,11
,3,-1.0,11
,4,-1.0,11
J.,5,91.394279,10
Dennis,5,92.101318,11
Thomas,5,96.968826,11
,2,-1.0,26
,3,-1.0,26
,4,-1.0,26
Nikon,5,96.743149,26
,2,-1.0,74
,3,-1.0,74
,4,-1.0,74
D600,5,95.944427,74
,2,-1.0,10
,3,-1.0,10
,4,-1.0,10
600,5,53.089748,10
,2,-1.0,394
,3,-1.0,394
,4,-1.0,394
 ,5,95.0,394
