text,level,conf,height
,1,-1.0,666
,2,-1.0,53
,3,-1.0,53
,4,-1.0,16
"WIFI,",5,96.160873,15
"WIMAX,",5,96.365715,16
AND,5,96.161392,13
LTE,5,96.336021,12
,4,-1.0,13
MULTI-HOP,5,92.631355,13
MESH,5,96.426636,13
,4,-1.0,13
NETWORKS,5,96.597961,13
