text,level,conf,height
,1,-1.0,666
,2,-1.0,61
,3,-1.0,61
,4,-1.0,61
——,5,14.203575,61
a,5,12.628746,61
_,5,47.551861,61
sts,5,36.423813,61
,2,-1.0,89
,3,-1.0,89
,4,-1.0,89
SharePoint,5,96.786797,89
2013,5,96.69178,58
,2,-1.0,326
,3,-1.0,326
,4,-1.0,326
 ,5,95.0,326
