text,level,conf,height
,1,-1.0,792
,2,-1.0,203
,3,-1.0,203
,4,-1.0,56
a,5,18.180893,56
,4,-1.0,103
Penny,5,96.818695,72
Stocks,5,96.818695,78
,2,-1.0,378
,3,-1.0,378
,4,-1.0,378
 ,5,95.0,378
