text,level,conf,height
,1,-1.0,536
,2,-1.0,2
,3,-1.0,2
,4,-1.0,2
 ,5,95.0,2
,2,-1.0,23
,3,-1.0,23
,4,-1.0,23
Peter,5,93.178474,18
Saddington,5,93.138397,23
,2,-1.0,536
,3,-1.0,536
,4,-1.0,536
 ,5,95.0,536
,2,-1.0,536
,3,-1.0,536
,4,-1.0,536
 ,5,95.0,536
,2,-1.0,2
,3,-1.0,2
,4,-1.0,2
 ,5,95.0,2
