text,level,conf,height
,1,-1.0,662
,2,-1.0,40
,3,-1.0,40
,4,-1.0,40
er,5,26.584846,40
6th,5,92.778206,12
Edition,5,96.011879,13
,2,-1.0,587
,3,-1.0,587
,4,-1.0,587
 ,5,95.0,587
