text,level,conf,height
,1,-1.0,719
,2,-1.0,31
,3,-1.0,31
,4,-1.0,31
From,5,96.08783,23
Memory,5,96.603485,30
to,5,96.58062,18
Creativity,5,96.635017,31
,2,-1.0,51
,3,-1.0,51
,4,-1.0,17
ROBERT,5,92.854782,17
W.,5,92.854782,17
WEISBERG,5,96.702072,17
,4,-1.0,17
LAURETTA,5,92.83577,17
M.,5,92.688171,17
REEVES,5,95.192345,17
,2,-1.0,719
,3,-1.0,719
,4,-1.0,719
 ,5,95.0,719
