text,level,conf,height
,1,-1.0,648
,2,-1.0,52
,3,-1.0,52
,4,-1.0,28
Accounting,5,96.178757,28
,4,-1.0,22
Best,5,96.599915,21
Practices,5,96.816551,22
,2,-1.0,12
,3,-1.0,12
,4,-1.0,12
Seventh,5,95.948135,12
Edition,5,96.182289,12
