text,level,conf,height
,1,-1.0,662
,2,-1.0,148
,3,-1.0,148
,4,-1.0,37
a,5,19.116348,37
,4,-1.0,80
Android,5,96.814552,69
Tablets,5,96.781593,60
,2,-1.0,322
,3,-1.0,322
,4,-1.0,322
 ,5,95.0,322
