text,level,conf,height
,1,-1.0,662
,2,-1.0,41
,3,-1.0,41
,4,-1.0,41
OO,5,23.08139,41
———,5,23.08139,41
,2,-1.0,76
,3,-1.0,76
,4,-1.0,76
Android,5,96.565666,70
Phones,5,96.565666,57
,2,-1.0,254
,3,-1.0,254
,4,-1.0,254
 ,5,95.0,254
