text,level,conf,height
,1,-1.0,648
,2,-1.0,43
,3,-1.0,43
,4,-1.0,19
Traves,5,68.823837,19
ABout,5,11.089249,19
,4,-1.0,19
TO,5,92.475815,13
HappPEN,5,34.943054,19
