text,level,conf,height
,1,-1.0,666
,2,-1.0,165
,3,-1.0,165
,4,-1.0,60
eS,5,7.198418,60
,4,-1.0,85
Data,5,96.740746,63
Mining,5,96.056519,75
,2,-1.0,326
,3,-1.0,326
,4,-1.0,326
 ,5,95.0,326
