text,level,conf,height
,1,-1.0,664
,2,-1.0,74
,3,-1.0,74
,4,-1.0,74
HTML5,5,84.441185,68
Canvas,5,96.301834,56
,2,-1.0,17
,3,-1.0,17
,4,-1.0,17
Learn,5,96.644104,17
to:,5,95.961739,15
,2,-1.0,320
,3,-1.0,320
,4,-1.0,320
 ,5,95.0,320
