text,level,conf,height
,1,-1.0,666
,2,-1.0,162
,3,-1.0,162
,4,-1.0,53
——,5,19.714462,53
,4,-1.0,105
iOS,5,61.862053,101
6,5,96.820862,91
,2,-1.0,77
,3,-1.0,77
,4,-1.0,77
Application,5,96.600189,59
Development,5,96.075638,55
,2,-1.0,16
,3,-1.0,16
,4,-1.0,16
Learn,5,90.390366,16
to:,5,90.390366,14
,2,-1.0,324
,3,-1.0,324
,4,-1.0,324
 ,5,95.0,324
