text,level,conf,height
,1,-1.0,665
,2,-1.0,59
,3,-1.0,59
,4,-1.0,59
ee,5,35.90303,86
,2,-1.0,55
,3,-1.0,55
,4,-1.0,30
Using,5,96.653008,19
Data,5,96.972282,15
Science:,5,78.961212,26
to,5,95.736595,14
Transform,5,95.736595,15
,4,-1.0,19
Information,5,94.91526,15
into,5,94.345428,15
Insight,5,94.345428,19
,2,-1.0,50
,3,-1.0,50
,4,-1.0,50
 ,5,95.0,50
,2,-1.0,550
,3,-1.0,550
,4,-1.0,550
 ,5,95.0,550
,2,-1.0,18
,3,-1.0,18
,4,-1.0,18
WILEY,5,96.484352,18
