text,level,conf,height
,1,-1.0,662
,2,-1.0,188
,3,-1.0,188
,4,-1.0,38
ae,5,26.534615,38
,4,-1.0,64
Samsung,5,95.677963,64
,4,-1.0,85
Galaxy,5,96.076263,74
$5,5,62.108383,62
,2,-1.0,296
,3,-1.0,296
,4,-1.0,296
 ,5,95.0,296
