text,level,conf,height
,1,-1.0,806
,2,-1.0,806
,3,-1.0,806
,4,-1.0,806
 ,5,95.0,806
,2,-1.0,212
,3,-1.0,212
,4,-1.0,212
 ,5,95.0,60
  ,5,95.0,212
,2,-1.0,30
,3,-1.0,30
,4,-1.0,30
INTERMEDIATE,5,96.600014,30
,2,-1.0,9
,3,-1.0,9
,4,-1.0,9
FIFTEENTH,5,94.349472,9
EDITION,5,96.049561,9
,2,-1.0,32
,3,-1.0,32
,4,-1.0,32
ACCOUNTING,5,95.741043,32
