text,level,conf,height
,1,-1.0,666
,2,-1.0,74
,3,-1.0,74
,4,-1.0,14
GUIDELINES,5,96.051865,14
FOR,5,96.051865,14
,4,-1.0,14
MANAGING,5,96.60466,14
PROCESS,5,96.279198,14
,4,-1.0,14
SAFETY,5,95.885002,14
RISKS,5,96.102242,14
DURING,5,96.707512,14
,4,-1.0,13
ORGANIZATIONAL,5,95.041283,13
CHANGE,5,94.95359,13
