text,level,conf,height
,1,-1.0,667
,2,-1.0,64
,3,-1.0,64
,4,-1.0,64
—_,5,16.380241,81
DEVELOPING,5,82.270142,64
_,5,51.534752,81
,2,-1.0,235
,3,-1.0,235
,4,-1.0,112
ANALYTIC,5,96.540161,112
,4,-1.0,111
TALENT,5,96.980888,111
,2,-1.0,34
,3,-1.0,34
,4,-1.0,34
BECOMING,5,95.251442,34
A,5,96.508629,34
DATA,5,96.508629,34
SCIENTIST,5,94.174728,34
,2,-1.0,18
,3,-1.0,18
,4,-1.0,18
WILEY,5,96.0252,18
