text,level,conf,height
,1,-1.0,662
,2,-1.0,38
,3,-1.0,38
,4,-1.0,38
ee,5,21.056206,38
2nd,5,86.516815,12
Ec,5,26.606041,28
,2,-1.0,113
,3,-1.0,113
,4,-1.0,113
iPad,5,96.019409,99
mini,5,96.194504,96
,2,-1.0,322
,3,-1.0,322
,4,-1.0,322
 ,5,95.0,322
