text,level,conf,height
,1,-1.0,666
,2,-1.0,135
,3,-1.0,135
,4,-1.0,77
Statistical,5,95.083717,64
Analysis,5,95.083717,65
,4,-1.0,64
with,5,96.977463,53
Excel,5,94.84063,56
,2,-1.0,82
,3,-1.0,82
,4,-1.0,82
-,5,69.750832,63
,2,-1.0,302
,3,-1.0,302
,4,-1.0,302
  ,5,95.0,302
 ,5,95.0,94
