text,level,conf,height
,1,-1.0,692
,2,-1.0,39
,3,-1.0,39
,4,-1.0,16
‘ibuted,5,80.651741,16
Resources,5,96.808769,15
in,5,95.925232,14
,4,-1.0,16
d,5,0.0,16
Social,5,96.383743,16
Networks,5,96.907219,16
,2,-1.0,560
,3,-1.0,560
,4,-1.0,515
    ,5,95.0,515
,4,-1.0,45
 ,5,95.0,45
,2,-1.0,39
,3,-1.0,39
,4,-1.0,16
Frank,5,93.277237,16
H.,5,43.890003,15
P.,5,43.890003,15
Fitzek,5,74.244736,16
,4,-1.0,16
and,5,96.892433,16
Marcos,5,93.096458,15
D.,5,92.748528,15
Katz,5,96.66909,14
,2,-1.0,18
,3,-1.0,18
,4,-1.0,18
WILEY,5,96.935349,18
