text,level,conf,height
,1,-1.0,650
,2,-1.0,444
,3,-1.0,444
,4,-1.0,378
   ,5,95.0,378
,4,-1.0,66
 ,5,95.0,66
,2,-1.0,100
,3,-1.0,100
,4,-1.0,99
VISION,5,93.520126,99
and,5,96.079185,25
,4,-1.0,32
MAGE,5,96.413635,32
,2,-1.0,70
,3,-1.0,70
,4,-1.0,70
PROCESSING,5,95.093132,70
,2,-1.0,18
,3,-1.0,18
,4,-1.0,18
Second,5,96.649124,18
Edition,5,96.751305,18
,2,-1.0,18
,3,-1.0,18
,4,-1.0,18
WILEY,5,96.771919,18
