text,level,conf,height
,1,-1.0,666
,2,-1.0,168
,3,-1.0,168
,4,-1.0,61
eS,5,53.594971,61
eee,5,62.277386,61
,4,-1.0,86
Investing,5,96.671982,66
Online,5,96.816551,73
,2,-1.0,326
,3,-1.0,326
,4,-1.0,326
 ,5,95.0,326
