text,level,conf,height
,1,-1.0,216
,2,-1.0,15
,3,-1.0,15
,4,-1.0,15
Understanding,5,96.443802,15
,2,-1.0,32
,3,-1.0,32
,4,-1.0,14
and,5,94.427559,9
Applying,5,95.35112,14
,4,-1.0,14
Research,5,95.533455,11
Design,5,92.6604,14
,2,-1.0,151
,3,-1.0,151
,4,-1.0,151
 ,5,95.0,151
