text,level,conf,height
,1,-1.0,792
,2,-1.0,173
,3,-1.0,173
,4,-1.0,87
Boosting,5,85.42614,87
.,5,85.42614,95
,4,-1.0,95
Your,5,96.559334,69
Immunity,5,93.506828,89
,2,-1.0,475
,3,-1.0,475
,4,-1.0,475
 ,5,95.0,475
