text,level,conf,height
,1,-1.0,595
,2,-1.0,50
,3,-1.0,50
,4,-1.0,50
THE,5,96.704987,46
CLOUD,5,96.883186,50
,2,-1.0,14
,3,-1.0,14
,4,-1.0,14
CLOUD,5,96.435028,14
COMPUTING,5,96.411171,14
,2,-1.0,8
,3,-1.0,8
,4,-1.0,8
DELS,5,57.609848,8
,2,-1.0,14
,3,-1.0,14
,4,-1.0,14
Michael,5,96.179657,14
J.,5,93.227875,14
Kavis,5,51.829109,14
,2,-1.0,12
,3,-1.0,12
,4,-1.0,12
WILEY,5,96.160927,12
,2,-1.0,436
,3,-1.0,436
,4,-1.0,436
 ,5,95.0,436
