text,level,conf,height
,1,-1.0,718
,2,-1.0,266
,3,-1.0,266
,4,-1.0,116
Windows:,5,95.846664,116
8.1,5,96.121094,64
,4,-1.0,141
plified,5,63.060078,141
,2,-1.0,313
,3,-1.0,313
,4,-1.0,313
RS.,5,22.332451,402
,2,-1.0,298
,3,-1.0,298
,4,-1.0,298
   ,5,95.0,298
