text,level,conf,height
,1,-1.0,720
,2,-1.0,10
,3,-1.0,10
,4,-1.0,10
GAME,5,96.836021,10
THEORY,5,96.48732,10
