text,level,conf,height
,1,-1.0,666
,2,-1.0,43
,3,-1.0,43
,4,-1.0,43
WAR,5,95.838104,41
STORIES,5,96.470192,43
,2,-1.0,19
,3,-1.0,19
,4,-1.0,19
DONALD,5,96.327957,19
"J,",5,79.976288,19
REIFER,5,90.452217,19
,2,-1.0,28
,3,-1.0,28
,4,-1.0,28
IEEE:,5,0.0,21
peorcute,5,0.0,10
Nicy,5,0.0,17
,2,-1.0,28
,3,-1.0,28
,4,-1.0,28
poeety,5,19.144447,28
