text,level,conf,height
,1,-1.0,662
,2,-1.0,42
,3,-1.0,42
,4,-1.0,42
——,5,30.560143,42
,2,-1.0,75
,3,-1.0,75
,4,-1.0,75
GameMaker:,5,91.437065,65
Studio,5,96.781036,49
,2,-1.0,322
,3,-1.0,322
,4,-1.0,322
 ,5,95.0,322
