text,level,conf,height
,1,-1.0,663
,2,-1.0,52
,3,-1.0,52
,4,-1.0,52
OS,5,89.09375,47
X,5,89.09375,47
Mavericks,5,81.011108,51
,2,-1.0,385
,3,-1.0,385
,4,-1.0,385
 ,5,95.0,385
