text,level,conf,height
,1,-1.0,648
,2,-1.0,75
,3,-1.0,75
,4,-1.0,28
The,5,96.793434,27
Silver,5,95.63308,28
Bull,5,96.540497,27
,4,-1.0,27
Market,5,96.920982,27
