text,level,conf,height
,1,-1.0,666
,2,-1.0,85
,3,-1.0,85
,4,-1.0,85
eT,5,37.745041,85
i,5,53.945656,81
,2,-1.0,27
,3,-1.0,27
,4,-1.0,27
STUDY,5,96.302605,27
GUIDE,5,96.750977,27
,2,-1.0,26
,3,-1.0,26
,4,-1.0,11
EXAM,5,93.08786,11
1Z0-061,5,89.722534,11
,4,-1.0,11
EXAM,5,96.985123,11
120-062,5,8.927467,11
,2,-1.0,486
,3,-1.0,486
,4,-1.0,486
 ,5,95.0,486
,2,-1.0,508
,3,-1.0,508
,4,-1.0,508
 ,5,95.0,508
,2,-1.0,221
,3,-1.0,221
,4,-1.0,221
 ,5,95.0,221
