text,level,conf,height
,1,-1.0,842
,2,-1.0,11
,3,-1.0,11
,4,-1.0,11
Mobile,5,96.028946,8
Access,5,96.759079,8
Safety,5,63.341305,11
