text,level,conf,height
,1,-1.0,300
,2,-1.0,7
,3,-1.0,7
,4,-1.0,7
goraitiee,5,0.0,23
,2,-1.0,54
,3,-1.0,54
,4,-1.0,54
BHYS,5,49.579857,54
ICs,5,68.654068,29
,2,-1.0,235
,3,-1.0,235
,4,-1.0,235
   ,5,95.0,235
,2,-1.0,7
,3,-1.0,7
,4,-1.0,7
extenoeD,5,12.283508,7
