text,level,conf,height
,1,-1.0,666
,2,-1.0,69
,3,-1.0,69
,4,-1.0,40
Teach,5,93.45694,29
Yourself,5,22.897003,40
,4,-1.0,31
\LLY™,5,28.498779,31
,2,-1.0,74
,3,-1.0,74
,4,-1.0,74
Mlac,5,45.002823,74
Pro,5,96.370239,74
,2,-1.0,310
,3,-1.0,310
,4,-1.0,310
 ,5,95.0,310
,2,-1.0,31
,3,-1.0,31
,4,-1.0,31
Paul,5,93.064659,15
McFedries,5,91.699585,16
isual,5,92.294136,31
