text,level,conf,height
,1,-1.0,720
,2,-1.0,217
,3,-1.0,217
,4,-1.0,217
 ,5,95.0,217
,2,-1.0,16
,3,-1.0,16
,4,-1.0,16
Get:,5,96.918213,16
,2,-1.0,28
,3,-1.0,28
,4,-1.0,13
Free,5,89.718628,10
one-year,5,96.472672,10
access,5,96.691742,7
to,5,96.527626,9
practice,5,96.92115,11
,4,-1.0,18
®,5,52.871586,30
|,5,92.630913,14
problems,5,51.316395,12
online:,5,72.85759,10
,2,-1.0,354
,3,-1.0,354
,4,-1.0,354
 ,5,95.0,354
