text,level,conf,height
,1,-1.0,648
,2,-1.0,47
,3,-1.0,63
,4,-1.0,47
iPad,5,92.967087,63
&,5,92.967087,46
iPad,5,96.860176,47
mini,5,95.62674,43
,2,-1.0,506
,3,-1.0,506
,4,-1.0,506
 ,5,95.0,506
