text,level,conf,height
,1,-1.0,666
,2,-1.0,1
,3,-1.0,1
,4,-1.0,1
 ,5,95.0,1
,2,-1.0,166
,3,-1.0,166
,4,-1.0,53
——,5,34.65229,62
ett,5,43.574326,62
,4,-1.0,88
Sage,5,96.612892,62
Timeslips,5,95.919998,67
,2,-1.0,345
,3,-1.0,345
,4,-1.0,345
 ,5,95.0,345
,2,-1.0,326
,3,-1.0,326
,4,-1.0,326
 ,5,95.0,326
