text,level,conf,height
,1,-1.0,667
,2,-1.0,26
,3,-1.0,26
,4,-1.0,26
An,5,93.58786,26
Accidental,5,93.346909,26
,2,-1.0,23
,3,-1.0,23
,4,-1.0,23
Statistician,5,87.019012,23
