text,level,conf,height
,1,-1.0,648
,2,-1.0,1
,3,-1.0,1
,4,-1.0,1
 ,5,95.0,1
,2,-1.0,37
,3,-1.0,37
,4,-1.0,11
A,5,96.745789,10
GUIDE,5,96.173729,11
TO,5,95.168167,11
,4,-1.0,11
DELIVERING,5,96.475914,11
BUSINESS,5,96.099602,11
RESULTS,5,96.099602,11
WITH,5,95.651291,10
,2,-1.0,42
,3,-1.0,42
,4,-1.0,42
BIG,5,95.630363,42
DATA,5,95.37011,40
,2,-1.0,340
,3,-1.0,340
,4,-1.0,340
 ,5,95.0,340
,2,-1.0,1
,3,-1.0,1
,4,-1.0,1
 ,5,95.0,1
