text,level,conf,height
,1,-1.0,573
,2,-1.0,32
,3,-1.0,32
,4,-1.0,32
QuickBooks,5,96.494736,30
2013,5,96.749016,17
,2,-1.0,224
,3,-1.0,224
,4,-1.0,224
 ,5,95.0,224
