text,level,conf,height
,1,-1.0,792
,2,-1.0,7
,3,-1.0,7
,4,-1.0,7
STARGATE,5,93.932785,7
OF,5,96.64801,7
ATLANTIS,5,70.587883,7
,2,-1.0,42
,3,-1.0,42
,4,-1.0,17
THE,5,96.658737,17
,4,-1.0,17
STARGATE,5,96.223366,17
OF,5,95.877914,17
ATLANTIS,5,95.604576,17
,2,-1.0,270
,3,-1.0,270
,4,-1.0,270
   ,5,95.0,270
,2,-1.0,13
,3,-1.0,13
,4,-1.0,13
WILLIAM,5,96.347939,13
HENRY,5,96.645874,13
,2,-1.0,7
,3,-1.0,7
,4,-1.0,7
©2008,5,70.532211,7
WILLIAM,5,94.169609,7
HENRY,5,67.983978,7
