text,level,conf,height
,1,-1.0,842
,2,-1.0,151
,3,-1.0,151
,4,-1.0,66
CLOAK,5,93.571289,66
of,5,95.441452,44
the,5,96.805794,44
,4,-1.0,66
ILLUMINATI,5,95.974495,66
,2,-1.0,620
,3,-1.0,620
,4,-1.0,620
 ,5,95.0,620
