text,level,conf,height
,1,-1.0,500
,2,-1.0,10
,3,-1.0,10
,4,-1.0,10
TOKE!,5,67.554092,10
,2,-1.0,14
,3,-1.0,14
,4,-1.0,14
“AWARD,5,50.513542,13
N,5,73.596024,6
,2,-1.0,148
,3,-1.0,148
,4,-1.0,148
yolk,5,42.726646,119
fonT,5,10.904541,125
3,5,73.52507,138
,2,-1.0,92
,3,-1.0,92
,4,-1.0,92
768,5,10.27108,92
STRIND,5,79.165771,76
,2,-1.0,358
,3,-1.0,358
,4,-1.0,358
   ,5,95.0,358
,2,-1.0,10
,3,-1.0,10
,4,-1.0,10
peal,5,42.842598,10
