text,level,conf,height
,1,-1.0,666
,2,-1.0,8
,3,-1.0,8
,4,-1.0,8
Karll,5,72.339745,8
"Watson,",5,95.40683,8
Jacob,5,93.302422,8
V,5,62.889191,8
,2,-1.0,666
,3,-1.0,666
,4,-1.0,666
 ,5,95.0,666
