text,level,conf,height
,1,-1.0,666
,2,-1.0,8
,3,-1.0,8
,4,-1.0,8
 ,5,95.0,8
,2,-1.0,221
,3,-1.0,40
,4,-1.0,40
Beginning,5,96.366562,40
,3,-1.0,109
,4,-1.0,56
ArcGIS’,5,71.940475,42
for,5,95.468834,44
Desktop,5,96.412682,56
,4,-1.0,56
Development,5,96.603775,56
,3,-1.0,55
,4,-1.0,55
Using,5,92.040855,55
.NET,5,90.891083,41
,2,-1.0,600
,3,-1.0,600
,4,-1.0,600
 ,5,95.0,600
