text,level,conf,height
,1,-1.0,666
,2,-1.0,2
,3,-1.0,2
,4,-1.0,2
 ,5,95.0,2
,2,-1.0,9
,3,-1.0,9
,4,-1.0,9
Join,5,86.65316,8
the,5,96.820107,8
discussion,5,93.044662,8
@,5,92.591637,9
,2,-1.0,1
,3,-1.0,1
,4,-1.0,1
 ,5,95.0,1
,2,-1.0,594
,3,-1.0,594
,4,-1.0,594
 ,5,95.0,594
,2,-1.0,653
,3,-1.0,653
,4,-1.0,653
 ,5,95.0,653
,2,-1.0,17
,3,-1.0,17
,4,-1.0,17
Pedro,5,96.751869,17
Teixeira,5,96.472565,16
