text,level,conf,height
,1,-1.0,667
,2,-1.0,325
,3,-1.0,325
,4,-1.0,325
 ,5,95.0,325
,2,-1.0,46
,3,-1.0,46
,4,-1.0,46
&,5,32.761726,46
24-Hour,5,88.989441,32
Trainer,5,96.934662,32
,2,-1.0,19
,3,-1.0,19
,4,-1.0,19
Brian,5,96.782722,15
"Knight,",5,96.965584,19
Devin,5,97.014648,14
"Knight,",5,96.870987,19
Mike,5,97.013885,15
"Davis,",5,96.679398,16
Wayne,5,96.679398,18
Snyder,5,96.753342,19
,2,-1.0,667
,3,-1.0,667
,4,-1.0,667
 ,5,95.0,667
