text,level,conf,height
,1,-1.0,666
,2,-1.0,200
,3,-1.0,200
,4,-1.0,200
ttt,5,0.0,93
ra,5,25.687561,92
:,5,49.065598,5
,2,-1.0,532
,3,-1.0,532
,4,-1.0,532
 ,5,95.0,532
