text,level,conf,height
,1,-1.0,666
,2,-1.0,385
,3,-1.0,385
,4,-1.0,385
 ,5,95.0,385
,2,-1.0,25
,3,-1.0,25
,4,-1.0,25
Professional,5,96.618118,25
,2,-1.0,143
,3,-1.0,143
,4,-1.0,64
Visual,5,96.494781,63
Studio’,5,91.342575,64
,4,-1.0,59
2013,5,95.211975,59
,2,-1.0,15
,3,-1.0,15
,4,-1.0,15
Bruce,5,96.360229,15
Johnson,5,96.360229,15
