text,level,conf,height
,1,-1.0,844
,2,-1.0,54
,3,-1.0,54
,4,-1.0,54
 ,5,95.0,54
,2,-1.0,65
,3,-1.0,65
,4,-1.0,22
KUNDALINI,5,95.50135,22
YOGA,5,95.50135,18
,4,-1.0,38
AS,5,86.67041,15
ae,5,29.77327,38
by,5,96.744781,16
,4,-1.0,18
YOGI,5,79.575165,18
BHAJAN,5,91.981987,18
,2,-1.0,804
,3,-1.0,804
,4,-1.0,804
 ,5,95.0,804
