text,level,conf,height
,1,-1.0,559
,2,-1.0,127
,3,-1.0,111
,4,-1.0,96
Oe,5,14.915123,96
,4,-1.0,76
Silcl,5,65.821404,76
4iN,5,38.334011,60
NI,5,19.820831,60
,2,-1.0,182
,3,-1.0,182
,4,-1.0,182
 ,5,95.0,182
,2,-1.0,115
,3,-1.0,115
,4,-1.0,53
THE,5,93.635132,51
WARS,5,84.96788,53
OF,5,96.824417,52
,4,-1.0,59
GODS,5,88.684364,59
AND,5,60.458801,52
MEN,5,86.478882,53
